{"ID": 1, "Surgery": 0, "Body_Temp": 34.9, "Cancer": 0, "Left_Temps": [32.19722222222222, 31.135555555555545, 30.284999999999993, 29.80805555555556, 29.619166666666658, 29.837499999999995, 29.762222222222224, 29.956666666666656, 30.75361111111111, 30.736944444444436, 30.686388888888896, 30.79388888888888, 31.470277777777774, 31.580277777777773, 32.018333333333324, 32.39027777777778, 32.13472222222223, 32.46555555555557, 31.844166666666677, 31.189722222222233, 30.530555555555548, 30.206111111111113, 29.82555555555555, 29.89138888888888, 30.007499999999993, 29.92333333333334, 29.438888888888886, 30.48, 30.5975, 31.23166666666667, 31.467222222222226, 30.815277777777776, 30.11944444444445, 29.787499999999998, 29.196388888888894, 29.47305555555556, 29.881944444444443, 30.346666666666668, 30.32861111111113, 30.08583333333333, 30.350277777777777, 30.52388888888889, 31.087222222222223, 31.72583333333333, 31.560833333333328, 31.161666666666676, 30.586944444444434, 30.09638888888889, 29.83444444444445, 29.543055555555554, 29.469722222222217, 29.784166666666675, 30.415555555555564, 30.396111111111104, 30.536388888888887, 30.82861111111111, 30.448055555555552, 29.810833333333335, 29.22222222222222, 29.26361111111111, 29.664722222222217, 29.88222222222222, 29.67388888888889, 30.013333333333335, 29.50611111111111, 30.56972222222222, 30.094166666666663, 29.52083333333334, 29.185555555555556, 29.234444444444446, 29.104166666666668, 29.415833333333335, 30.249722222222218, 30.324166666666663, 30.143611111111106, 29.74388888888889, 29.404722222222226, 29.28722222222221, 29.529166666666665, 29.34222222222224, 29.13694444444444, 29.123888888888885, 28.533611111111114, 28.47972222222222, 28.87416666666668, 29.438055555555554, 30.110555555555564, 29.924999999999994, 29.616666666666667, 29.360555555555557, 29.076944444444436, 28.726388888888884, 28.9225, 29.155833333333337, 29.490833333333327, 29.292777777777783], "Right_Temps": [31.96083333333333, 31.044444444444437, 30.54416666666667, 30.271944444444436, 29.934166666666663, 29.797222222222217, 29.980555555555547, 29.805833333333332, 29.56888888888889, 29.189722222222226, 28.942222222222224, 29.85722222222222, 31.05861111111111, 31.72861111111111, 32.095277777777774, 32.220000000000006, 31.998611111111114, 32.04583333333333, 31.752222222222226, 31.80527777777778, 31.18027777777778, 30.582777777777785, 30.529166666666672, 30.223611111111122, 29.861388888888875, 29.487777777777776, 29.95388888888888, 29.789444444444445, 29.9525, 30.446388888888887, 31.018888888888885, 30.26750000000001, 29.873611111111114, 29.757499999999993, 29.566666666666663, 29.500000000000007, 30.30972222222222, 29.55361111111112, 29.17055555555556, 28.888611111111118, 29.009444444444448, 30.44944444444444, 31.592222222222215, 31.986944444444458, 31.507777777777772, 30.946388888888887, 30.623055555555556, 30.44305555555555, 30.096666666666668, 29.820555555555554, 29.661388888888887, 29.44194444444444, 29.323055555555552, 29.41750000000001, 29.740000000000002, 29.948055555555545, 29.52388888888889, 29.627499999999998, 30.106666666666676, 30.00444444444444, 29.435555555555556, 28.997777777777774, 28.71527777777777, 28.63194444444445, 30.37083333333333, 31.044444444444448, 30.154166666666665, 29.650277777777774, 29.605, 29.48444444444444, 29.413055555555545, 29.462222222222223, 29.373055555555556, 29.290277777777774, 29.433888888888898, 29.37055555555556, 29.310833333333342, 29.334722222222226, 28.974722222222226, 28.65694444444444, 28.610555555555557, 29.894166666666667, 29.45583333333333, 28.707777777777785, 29.28694444444443, 29.25388888888888, 29.425833333333337, 29.19888888888889, 29.090277777777786, 28.959444444444443, 28.945555555555554, 28.738888888888887, 28.705555555555552, 29.27861111111112, 29.288888888888877, 29.085833333333326]}