{"ID": 100, "Surgery": 0, "Body_Temp": 34.6, "Cancer": 0, "Left_Temps": [31.153055555555554, 29.759722222222226, 29.848055555555547, 30.51166666666667, 31.13111111111111, 31.924722222222222, 31.69722222222222, 30.50277777777778, 30.99583333333333, 31.133333333333333, 31.23583333333333, 31.403333333333332, 31.883611111111108, 30.39222222222222, 31.80861111111111, 31.04583333333334, 30.935000000000002, 30.238611111111116, 29.145833333333332, 28.468333333333337, 28.161388888888883, 30.032222222222224, 29.226666666666663, 29.125000000000007, 28.604444444444443, 28.384722222222223, 28.168333333333337, 28.487777777777776, 28.65305555555556, 29.28138888888889, 29.685833333333328, 29.603333333333335, 29.04472222222222, 29.544722222222237, 30.0113888888889, 31.008611111111122, 30.805555555555557, 30.399999999999995, 31.137500000000003, 31.795555555555552, 32.52055555555555, 32.3286111111111, 30.782777777777774, 30.52694444444444, 30.62083333333333, 29.306666666666658, 28.51305555555555, 28.60083333333334, 28.081944444444446, 28.07388888888889, 28.17749999999999, 28.183333333333337, 28.343888888888888, 28.17694444444445, 28.51777777777778, 28.758611111111115, 28.681666666666665, 28.976944444444445, 29.60972222222223, 30.62027777777777, 30.214999999999993, 30.115833333333324, 30.83694444444444, 32.564722222222215, 32.48166666666667, 30.378333333333323, 30.290277777777778, 30.477500000000006, 30.84305555555555, 30.13222222222223, 28.091111111111108, 29.500833333333325, 28.82361111111112, 28.315555555555548, 28.362222222222215, 28.627222222222233, 29.544444444444448, 30.428888888888885, 29.774166666666662, 30.12027777777777, 31.12888888888889, 31.90083333333335, 30.963611111111106, 30.086944444444434, 29.64777777777779, 28.709166666666672, 28.426944444444448, 28.617222222222217, 29.523333333333337, 29.863055555555547, 29.515833333333326, 29.961111111111116, 29.43416666666667, 29.07527777777777, 29.258888888888887, 29.670555555555552], "Right_Temps": [32.39972222222221, 30.914444444444445, 30.380555555555556, 30.143055555555552, 29.57083333333334, 29.57277777777778, 29.594722222222217, 30.028611111111104, 30.16222222222222, 30.759444444444448, 30.54055555555555, 30.48138888888888, 30.356944444444448, 29.654999999999998, 30.234722222222217, 32.103888888888896, 31.977500000000003, 29.991111111111106, 28.46194444444445, 28.07888888888889, 27.935555555555556, 27.922499999999996, 28.099999999999998, 28.917500000000004, 28.668611111111115, 28.66916666666666, 30.02722222222222, 29.268611111111113, 29.775277777777788, 29.85416666666666, 30.819444444444443, 29.681388888888883, 29.685555555555563, 29.604999999999993, 29.381111111111107, 29.410555555555554, 29.557222222222226, 29.52388888888889, 30.46000000000001, 31.91333333333333, 31.237222222222215, 30.9375, 29.99583333333333, 30.204722222222227, 29.54694444444444, 28.50111111111111, 28.325555555555564, 28.18055555555556, 28.221666666666664, 29.324166666666663, 28.95138888888889, 28.28999999999999, 28.28055555555556, 28.288055555555545, 28.696111111111108, 28.98666666666667, 29.054166666666667, 29.67833333333334, 29.336666666666662, 29.376944444444444, 29.16888888888888, 29.469166666666663, 31.14861111111111, 31.576111111111125, 30.50055555555556, 29.403888888888886, 28.83694444444444, 28.558611111111116, 28.71805555555555, 29.32555555555555, 26.95916666666667, 28.545277777777788, 28.188055555555554, 28.302222222222223, 28.554722222222217, 29.171111111111113, 30.092500000000005, 29.364722222222227, 29.26611111111111, 29.761388888888877, 30.65611111111111, 29.32972222222223, 28.98388888888889, 28.997222222222224, 28.974166666666665, 28.75805555555556, 28.320555555555554, 28.441111111111113, 28.87944444444444, 29.45583333333333, 29.274999999999995, 29.511111111111106, 29.01861111111112, 28.862499999999994, 28.493611111111104, 28.749444444444446]}