{"ID": 106, "Surgery": 0, "Body_Temp": 35.3, "Cancer": 0, "Left_Temps": [30.72027777777778, 28.765, 28.74694444444445, 28.729166666666668, 27.364722222222227, 26.388333333333335, 27.114444444444445, 28.072777777777773, 28.869444444444444, 28.71527777777778, 28.300277777777772, 29.851111111111113, 30.390833333333344, 30.094722222222224, 29.732777777777773, 29.226944444444445, 28.48638888888889, 28.432500000000005, 27.59388888888889, 27.769444444444442, 27.27694444444445, 27.115000000000006, 27.932777777777787, 27.860000000000003, 27.892222222222234, 27.281388888888888, 27.473333333333333, 28.036944444444444, 28.276111111111113, 28.86944444444445, 29.358055555555566, 28.73944444444444, 28.253333333333337, 28.52138888888889, 28.215833333333332, 26.88250000000001, 27.87194444444444, 27.93583333333334, 28.974166666666676, 28.74388888888889, 28.563888888888894, 28.98916666666667, 29.192777777777778, 28.818611111111117, 28.507777777777772, 27.554166666666664, 27.769166666666663, 27.386666666666667, 27.31638888888888, 28.371388888888884, 28.059166666666677, 26.498333333333335, 27.616111111111117, 27.710277777777783, 27.894444444444446, 28.362777777777776, 27.69111111111112, 27.63166666666667, 28.65972222222222, 27.583333333333325, 28.06527777777778, 28.039444444444445, 28.709722222222222, 28.56916666666666, 28.69111111111111, 28.754444444444445, 27.775555555555552, 27.46472222222222, 27.357499999999995, 27.436666666666667, 28.22361111111111, 27.85194444444444, 27.668888888888887, 27.489166666666666, 27.341388888888886, 27.38666666666667, 27.985555555555557, 28.85027777777778, 27.55555555555555, 28.2325, 28.108055555555566, 27.727222222222228, 27.43527777777778, 27.501944444444447, 27.92055555555556, 27.77472222222222, 27.53861111111111, 27.2425, 27.178055555555556, 27.7075, 27.826666666666664, 27.68388888888889, 27.676388888888894, 27.677777777777777, 27.252222222222215, 27.760000000000005], "Right_Temps": [29.168333333333333, 27.02305555555556, 26.88972222222222, 25.92, 25.89527777777778, 26.069722222222214, 26.175555555555555, 27.670277777777773, 27.40388888888889, 28.664166666666674, 29.743888888888893, 31.44055555555556, 30.55833333333333, 29.633611111111115, 28.13138888888889, 26.947222222222223, 27.331944444444442, 27.80416666666668, 27.63333333333333, 27.33194444444444, 26.50222222222222, 26.414722222222217, 26.661388888888894, 27.08972222222222, 27.197499999999994, 27.243055555555554, 27.321388888888883, 26.168055555555554, 27.622500000000006, 27.65861111111111, 28.97583333333334, 26.98166666666667, 27.26527777777778, 27.01361111111111, 26.13555555555555, 26.649722222222223, 26.924166666666665, 27.637499999999996, 27.847222222222218, 28.832222222222217, 29.720833333333335, 29.627500000000005, 29.324166666666656, 28.461388888888887, 28.346944444444446, 28.117500000000003, 27.921388888888895, 26.70833333333333, 26.353888888888896, 26.798333333333332, 28.004999999999992, 26.858055555555556, 26.324166666666667, 26.879999999999992, 26.485833333333332, 26.948333333333327, 27.08, 28.053055555555556, 26.455000000000002, 26.54527777777777, 27.393888888888892, 27.643611111111106, 27.905833333333334, 29.116944444444446, 28.96527777777777, 28.60777777777778, 28.70444444444444, 27.4961111111111, 26.82527777777777, 26.655277777777783, 26.800000000000004, 27.817222222222213, 27.11805555555555, 26.37499999999999, 26.909166666666668, 27.633333333333333, 27.459999999999997, 26.96472222222222, 27.703888888888894, 27.96805555555556, 28.013611111111107, 28.353333333333335, 27.535555555555547, 27.15166666666667, 27.127500000000005, 26.901111111111117, 27.31, 26.782777777777778, 27.539166666666674, 27.83777777777778, 27.174722222222222, 28.807222222222215, 27.373333333333342, 26.74944444444445, 27.57638888888888, 26.816388888888888]}