{"ID": 108, "Surgery": 0, "Body_Temp": 35.4, "Cancer": 0, "Left_Temps": [31.081944444444446, 29.199166666666663, 28.64166666666667, 28.778333333333325, 29.572500000000005, 28.97972222222222, 28.458611111111104, 28.26555555555556, 28.30222222222222, 29.46194444444445, 29.361944444444443, 29.47138888888889, 29.271111111111118, 29.63222222222222, 30.447499999999998, 30.567777777777774, 30.21388888888889, 29.583611111111104, 29.37277777777778, 28.671666666666663, 28.84416666666667, 29.584722222222226, 28.654166666666665, 28.513611111111103, 28.403333333333325, 28.75305555555556, 29.175555555555555, 30.328333333333333, 29.6675, 30.16583333333334, 30.89694444444445, 28.831944444444446, 28.036944444444444, 28.228611111111114, 28.79777777777777, 28.524722222222223, 28.27194444444444, 28.576944444444436, 28.538333333333338, 28.925277777777783, 28.876388888888886, 29.07777777777779, 29.22916666666667, 30.110277777777778, 28.987777777777776, 28.225277777777777, 27.738333333333333, 27.725, 28.234722222222224, 27.957499999999996, 27.693611111111103, 28.03749999999999, 28.302222222222216, 27.59638888888889, 28.192499999999995, 28.71527777777777, 28.210555555555555, 28.13694444444444, 28.45861111111111, 28.57666666666666, 29.386111111111106, 28.501111111111122, 28.750833333333325, 28.779166666666672, 28.266944444444434, 29.132777777777783, 28.11305555555556, 27.62388888888889, 27.96555555555556, 27.950000000000003, 28.415555555555557, 27.81888888888888, 26.989444444444445, 27.194166666666668, 27.735555555555557, 28.25166666666667, 28.123055555555556, 28.991666666666674, 28.54583333333334, 28.093611111111112, 28.122499999999995, 27.575277777777778, 27.578611111111115, 27.97472222222222, 28.24222222222222, 27.273611111111116, 26.814444444444447, 27.285000000000007, 27.73472222222222, 28.401944444444446, 28.174166666666665, 27.646111111111107, 27.989999999999995, 27.88805555555556, 27.27527777777778, 28.148611111111116], "Right_Temps": [31.071111111111108, 29.06333333333334, 28.556944444444444, 28.45583333333333, 29.139444444444443, 29.14805555555556, 28.682222222222222, 28.4575, 28.707222222222217, 29.12972222222223, 29.25694444444444, 29.047222222222217, 29.112499999999997, 30.44916666666667, 30.599444444444448, 30.853333333333328, 30.63611111111112, 30.339166666666674, 29.884999999999998, 29.888333333333335, 29.88583333333333, 29.31305555555556, 29.144166666666656, 29.442500000000013, 29.901111111111106, 30.853333333333335, 32.169999999999995, 29.953055555555554, 29.366388888888892, 31.256666666666653, 30.989722222222227, 28.550833333333337, 28.087777777777788, 28.329722222222223, 29.040277777777778, 29.160555555555554, 28.26416666666667, 28.21611111111112, 28.33555555555556, 28.743055555555557, 28.995555555555555, 28.883333333333326, 31.01833333333333, 30.853888888888896, 30.197499999999998, 29.752222222222226, 29.533055555555563, 29.487777777777776, 29.532500000000002, 28.838333333333328, 28.52527777777778, 28.563611111111104, 28.97888888888889, 28.759166666666673, 28.08333333333333, 28.759166666666673, 28.405277777777776, 28.52138888888889, 28.691944444444445, 28.407222222222238, 28.442777777777774, 28.16666666666666, 28.505277777777778, 28.99388888888889, 29.303055555555552, 30.261111111111113, 29.81888888888889, 29.495277777777787, 29.428888888888885, 30.71138888888889, 31.01083333333333, 30.012777777777778, 29.275277777777774, 28.055, 27.969166666666666, 28.299166666666665, 28.360000000000007, 28.251111111111104, 28.086388888888884, 28.15277777777777, 28.365555555555556, 29.331388888888892, 29.00444444444444, 28.666388888888882, 29.012777777777778, 28.462222222222223, 28.57277777777778, 27.346666666666668, 27.792499999999997, 28.02972222222222, 28.353055555555557, 28.74194444444444, 28.08916666666667, 28.226666666666667, 27.716944444444444, 28.306944444444447]}