{"ID": 110, "Surgery": 0, "Body_Temp": 36.9, "Cancer": 0, "Left_Temps": [30.73138888888888, 29.923055555555557, 29.60472222222222, 29.325277777777778, 29.415277777777778, 29.775000000000002, 30.68777777777778, 31.375277777777782, 30.843333333333323, 31.719722222222217, 31.89055555555556, 31.521666666666665, 32.04472222222223, 31.727500000000003, 30.71972222222223, 30.74055555555556, 30.396944444444443, 30.60388888888889, 31.770555555555557, 30.181666666666672, 30.358333333333334, 30.39666666666666, 29.509999999999998, 29.893888888888892, 31.59277777777777, 34.225833333333334, 34.08222222222222, 30.083333333333332, 30.40805555555555, 30.03194444444444, 30.215833333333325, 29.56888888888889, 29.18388888888889, 29.11361111111111, 29.129166666666663, 29.688333333333333, 31.160555555555568, 31.180833333333325, 30.836666666666662, 31.24277777777778, 32.01916666666666, 31.39694444444445, 32.33694444444445, 31.180833333333332, 30.591666666666672, 30.278055555555554, 29.881111111111117, 29.02444444444445, 29.067777777777774, 29.130555555555556, 29.36777777777778, 30.46611111111111, 33.475833333333334, 28.86777777777777, 29.545833333333334, 29.144166666666663, 28.633611111111115, 28.950277777777778, 29.4961111111111, 30.10111111111111, 31.07416666666667, 30.60666666666667, 30.651388888888896, 31.065833333333337, 30.93055555555555, 30.829166666666676, 29.705555555555563, 29.75361111111111, 29.145, 28.67, 29.305833333333325, 28.949722222222224, 30.17027777777778, 28.98388888888889, 28.632499999999986, 29.256111111111107, 29.790277777777774, 30.864999999999995, 30.103888888888882, 30.278888888888893, 30.404166666666654, 29.584444444444436, 29.939444444444447, 31.2461111111111, 30.011111111111113, 29.11499999999999, 28.91611111111111, 28.52444444444444, 29.754444444444452, 30.37388888888889, 29.75277777777778, 29.68027777777777, 29.869722222222226, 29.368055555555557, 28.769999999999996, 29.58694444444444], "Right_Temps": [31.13194444444444, 29.500833333333325, 29.841944444444444, 29.23805555555556, 29.344722222222224, 29.39944444444445, 30.00333333333333, 30.942777777777778, 31.248888888888896, 31.488888888888894, 31.22972222222223, 30.710833333333326, 29.84388888888889, 30.536388888888887, 30.25361111111112, 27.483611111111117, 31.489722222222227, 30.705, 30.583333333333332, 30.130833333333346, 28.900555555555556, 28.21805555555556, 28.70861111111111, 28.91027777777778, 29.144444444444446, 30.821388888888894, 34.64472222222222, 34.482777777777784, 29.251666666666665, 29.867222222222225, 30.67111111111112, 29.739444444444434, 28.844722222222224, 28.831666666666667, 29.086388888888887, 29.37444444444444, 30.26750000000001, 31.266944444444455, 31.30083333333333, 31.393888888888892, 31.25972222222222, 31.46666666666668, 32.06361111111111, 32.421388888888885, 31.353888888888896, 30.715277777777786, 31.142777777777788, 29.99388888888889, 28.652499999999993, 29.055833333333325, 28.740277777777766, 28.901666666666667, 30.166666666666668, 30.250833333333333, 28.809722222222224, 28.727222222222224, 27.95194444444445, 28.17583333333333, 29.304444444444446, 29.883055555555547, 30.78611111111111, 30.93472222222222, 31.1075, 31.63333333333334, 30.450000000000003, 30.892777777777788, 30.746944444444434, 31.247777777777774, 30.09388888888889, 29.665277777777774, 29.34388888888889, 28.779166666666654, 29.023888888888887, 27.306666666666665, 27.394166666666663, 27.588333333333328, 28.791111111111107, 30.64166666666666, 30.836111111111116, 30.472777777777782, 31.752499999999998, 31.551944444444448, 30.261944444444445, 28.57611111111111, 30.76416666666666, 30.319722222222214, 29.36138888888889, 27.23611111111112, 28.531388888888884, 29.746666666666677, 29.91333333333333, 30.404444444444437, 30.005555555555556, 29.91361111111111, 28.263055555555553, 29.00388888888889]}