{"ID": 113, "Surgery": 0, "Body_Temp": 35.7, "Cancer": 0, "Left_Temps": [32.0713888888889, 31.313055555555543, 30.764722222222222, 30.765833333333337, 31.651944444444453, 31.871944444444452, 31.927222222222227, 31.650555555555545, 31.202222222222222, 31.67833333333334, 31.345833333333328, 32.805, 32.691111111111105, 32.426944444444445, 31.780277777777776, 31.34888888888888, 31.783333333333328, 31.880833333333328, 31.945555555555554, 31.4025, 31.664444444444445, 31.619722222222226, 31.249444444444446, 31.245277777777787, 31.516666666666666, 31.768333333333334, 32.768333333333324, 32.07833333333334, 31.561111111111117, 30.049444444444443, 30.869722222222222, 30.850833333333323, 30.233611111111106, 29.62166666666667, 30.251944444444447, 31.616111111111106, 31.623055555555556, 31.197499999999998, 31.72472222222224, 31.461666666666662, 32.51305555555555, 32.492777777777775, 32.31361111111111, 32.09972222222222, 32.20861111111112, 31.977499999999996, 31.429166666666674, 31.897777777777783, 31.339444444444446, 31.532500000000002, 32.15194444444446, 32.52222222222222, 32.88138888888889, 32.86333333333333, 28.93972222222222, 29.540277777777778, 29.939999999999998, 29.37805555555556, 29.81000000000001, 31.47138888888889, 32.32111111111111, 31.409166666666668, 31.61861111111111, 32.94, 33.11666666666665, 32.809722222222234, 31.853333333333328, 31.35472222222223, 32.18194444444445, 31.240277777777774, 32.315555555555555, 31.97138888888889, 32.878888888888895, 29.52777777777778, 28.826388888888882, 28.991388888888896, 29.543333333333337, 31.513333333333335, 32.51166666666666, 31.093611111111116, 32.584444444444436, 32.16944444444445, 31.449722222222235, 32.13583333333333, 31.348055555555554, 32.375833333333325, 31.164722222222217, 29.33583333333333, 30.140833333333333, 32.04944444444445, 30.934166666666663, 31.796944444444446, 31.798888888888882, 31.84361111111111, 31.006944444444457, 32.34444444444445], "Right_Temps": [30.92749999999999, 29.160555555555547, 28.920833333333334, 29.43333333333333, 30.632777777777783, 30.695555555555554, 31.462777777777788, 32.61472222222223, 31.73833333333333, 30.667777777777772, 32.61694444444444, 33.10305555555555, 32.80305555555555, 32.35722222222222, 32.07722222222222, 31.861944444444458, 31.616388888888892, 31.736111111111118, 31.918611111111115, 31.159444444444446, 30.630555555555556, 29.922222222222224, 30.07444444444444, 30.70472222222222, 31.39166666666666, 31.29444444444444, 31.060833333333328, 31.173055555555557, 29.294722222222227, 30.6088888888889, 30.66277777777778, 29.514722222222215, 29.145277777777792, 29.634722222222226, 30.756944444444443, 30.701388888888882, 31.749166666666667, 32.16222222222223, 31.050833333333326, 32.23250000000001, 32.30111111111111, 31.998055555555556, 31.87444444444445, 31.863055555555555, 31.78888888888889, 31.831111111111106, 31.228611111111118, 30.59722222222222, 30.004444444444445, 31.200000000000003, 31.671111111111113, 31.318333333333335, 30.714166666666667, 28.881388888888896, 29.01388888888889, 30.153888888888893, 30.01249999999999, 30.356388888888887, 29.80944444444444, 30.44027777777777, 31.588888888888885, 31.05444444444443, 31.823055555555552, 32.35083333333333, 32.32555555555555, 32.025000000000006, 31.785833333333343, 31.198888888888884, 30.439444444444447, 30.10388888888889, 31.000833333333333, 31.54499999999999, 29.323611111111113, 29.023333333333326, 28.68999999999999, 29.280277777777783, 29.14972222222222, 30.026388888888885, 30.33749999999999, 31.988333333333337, 32.01583333333333, 31.778333333333332, 31.085833333333326, 30.557499999999997, 30.28805555555555, 30.849444444444444, 29.62555555555555, 28.76611111111111, 28.96083333333332, 29.412500000000005, 29.60777777777778, 31.4825, 30.81277777777778, 30.53444444444444, 29.14305555555556, 29.039444444444445]}