{"ID": 115, "Surgery": 0, "Body_Temp": 35.8, "Cancer": 0, "Left_Temps": [32.35638888888889, 29.651944444444446, 30.430833333333325, 31.217222222222226, 30.373055555555553, 31.196944444444437, 31.41333333333333, 31.14861111111111, 31.811666666666667, 31.304166666666674, 32.124722222222225, 31.33555555555556, 32.05055555555556, 31.884444444444448, 32.095, 32.31666666666668, 32.41194444444445, 32.247499999999995, 32.16861111111112, 30.58388888888889, 29.692777777777774, 29.383611111111104, 29.539166666666663, 29.24277777777778, 29.102222222222224, 29.516111111111115, 31.6675, 32.780833333333334, 29.89527777777777, 29.663888888888884, 31.02472222222222, 29.009166666666673, 29.360833333333332, 30.449722222222217, 30.181388888888893, 31.531666666666677, 31.185000000000002, 31.385277777777773, 31.51416666666666, 31.01611111111111, 31.161944444444444, 32.221388888888896, 32.33916666666667, 33.01555555555556, 32.07083333333333, 31.189444444444444, 30.48972222222223, 29.904166666666658, 29.526111111111113, 29.751944444444447, 29.46444444444444, 29.52083333333334, 29.724444444444444, 28.025555555555563, 28.120555555555566, 28.43833333333333, 29.05083333333333, 29.373055555555556, 30.302499999999995, 30.151666666666674, 31.134444444444437, 31.064444444444444, 31.27833333333334, 31.084166666666672, 32.618333333333325, 32.07722222222222, 31.38694444444444, 30.61277777777777, 30.210555555555555, 30.00944444444444, 30.40583333333333, 30.43416666666667, 27.89444444444445, 27.960000000000004, 28.141111111111112, 28.60249999999999, 29.477499999999996, 29.79472222222222, 30.31416666666665, 30.866388888888896, 31.390833333333337, 31.427777777777774, 30.72333333333334, 30.901944444444432, 30.369722222222233, 30.341388888888883, 28.477777777777778, 28.26527777777777, 29.428333333333327, 30.04944444444445, 30.254166666666663, 30.46111111111111, 30.165000000000006, 30.64055555555556, 29.439166666666658, 30.599444444444448], "Right_Temps": [30.349722222222226, 28.32555555555555, 28.11527777777778, 28.705555555555552, 29.172222222222224, 31.280000000000005, 31.88638888888889, 30.78111111111111, 31.11194444444446, 30.898333333333337, 32.41694444444444, 32.525833333333324, 32.62194444444444, 32.85222222222222, 33.05277777777778, 32.8838888888889, 32.252500000000005, 32.07666666666666, 32.173611111111114, 30.616666666666674, 29.775277777777774, 29.575277777777778, 29.812222222222204, 29.466666666666658, 29.54694444444444, 30.479166666666668, 34.965555555555554, 35.151111111111085, 28.61749999999999, 29.05861111111111, 29.453333333333337, 27.99833333333333, 27.876111111111115, 28.228611111111107, 28.90916666666666, 30.818888888888903, 31.53083333333333, 30.895277777777764, 30.81972222222222, 32.45055555555557, 32.401666666666664, 32.05083333333333, 32.455555555555556, 32.332222222222214, 32.32083333333333, 32.87777777777779, 31.169722222222212, 29.91305555555555, 29.820555555555547, 29.955555555555552, 29.698611111111106, 29.654722222222226, 30.40555555555556, 28.128611111111105, 28.20055555555556, 27.850833333333338, 27.813333333333333, 27.983888888888885, 28.516388888888894, 29.883611111111115, 30.669166666666666, 31.240277777777766, 32.07555555555555, 32.779722222222226, 33.136944444444424, 32.93194444444443, 32.50055555555556, 31.215833333333347, 30.132777777777783, 29.9063888888889, 30.055277777777764, 30.54222222222223, 30.220277777777785, 28.391944444444437, 28.51722222222222, 28.44888888888889, 28.789999999999996, 29.682222222222222, 30.26805555555556, 31.712222222222223, 32.03138888888889, 32.18083333333334, 31.60083333333333, 30.31888888888889, 30.080277777777773, 30.351111111111102, 29.157499999999995, 29.332500000000007, 28.83, 29.89, 31.011111111111102, 31.83694444444445, 30.625, 30.421388888888885, 28.832499999999996, 31.108333333333334]}