{"ID": 116, "Surgery": 0, "Body_Temp": 34.9, "Cancer": 0, "Left_Temps": [31.13250000000001, 29.83277777777778, 29.15888888888889, 28.968055555555548, 29.893055555555552, 29.67194444444444, 29.89194444444444, 31.505277777777778, 31.187777777777782, 31.70444444444444, 31.589999999999993, 31.53472222222222, 31.60694444444444, 31.463611111111113, 31.43444444444444, 32.18444444444444, 30.416388888888896, 30.533333333333328, 29.940833333333337, 30.0625, 29.487222222222222, 29.64527777777777, 31.403055555555543, 30.850000000000005, 30.712499999999995, 31.818055555555556, 33.59555555555556, 31.655277777777776, 31.11416666666666, 30.894722222222224, 31.090833333333332, 29.790277777777792, 29.076111111111103, 28.751666666666672, 29.24111111111112, 30.24777777777778, 30.976111111111113, 30.465833333333332, 30.681944444444436, 30.988333333333337, 31.659999999999993, 32.389166666666675, 31.709722222222215, 30.77, 30.48638888888889, 30.186944444444457, 29.576944444444443, 29.501944444444437, 30.86555555555556, 30.43027777777778, 29.93194444444445, 30.425833333333337, 31.903055555555554, 30.641666666666676, 30.22194444444444, 29.84722222222222, 29.140277777777776, 28.729722222222215, 28.79555555555556, 30.489444444444448, 29.968611111111116, 30.33611111111111, 30.904444444444444, 30.592499999999998, 30.657777777777774, 30.754166666666677, 30.40583333333333, 30.19694444444444, 29.660833333333333, 29.834444444444436, 29.427777777777788, 29.315000000000005, 30.567499999999995, 29.689166666666665, 29.311944444444446, 28.825555555555564, 28.63527777777778, 28.947222222222234, 29.603333333333328, 30.248611111111106, 30.357777777777773, 30.210000000000004, 29.315833333333337, 30.028055555555543, 29.57277777777778, 28.83555555555556, 29.159444444444446, 28.902500000000007, 28.667777777777783, 29.008611111111104, 29.818333333333328, 30.051111111111116, 29.988888888888894, 29.372777777777774, 28.863333333333326, 29.133611111111115], "Right_Temps": [31.226944444444452, 29.712777777777788, 29.109444444444446, 28.821388888888887, 28.748055555555556, 29.042500000000004, 29.24305555555556, 29.557777777777776, 29.523888888888887, 30.306388888888893, 30.44888888888889, 31.179166666666656, 30.753333333333345, 30.45194444444445, 30.72000000000001, 30.865555555555552, 30.003333333333345, 29.38583333333333, 28.916388888888896, 28.799999999999997, 28.823611111111106, 30.79083333333334, 29.705833333333334, 30.456388888888885, 31.81138888888889, 32.62, 33.07416666666667, 33.21027777777776, 33.18083333333332, 30.63861111111111, 31.413611111111113, 29.508888888888887, 29.15361111111112, 29.20416666666667, 29.26138888888889, 29.08722222222222, 29.595555555555563, 29.363055555555555, 29.326944444444443, 29.409166666666675, 30.29138888888889, 30.32722222222223, 29.833888888888882, 29.721111111111114, 29.21805555555556, 28.805555555555557, 28.545833333333334, 28.493333333333332, 28.788333333333338, 29.540833333333328, 29.574166666666674, 30.24194444444444, 31.641111111111115, 31.342777777777776, 31.744166666666665, 29.15194444444444, 29.227777777777778, 29.62555555555556, 30.035555555555554, 30.52333333333333, 30.30138888888888, 29.436388888888885, 29.10444444444445, 28.93249999999999, 29.751944444444444, 29.401388888888885, 28.971666666666668, 28.638333333333335, 28.352222222222224, 28.43527777777778, 28.77861111111111, 28.58722222222222, 29.481666666666666, 29.49694444444444, 29.13888888888889, 29.751388888888886, 29.599999999999998, 30.47277777777778, 29.852500000000006, 29.115833333333327, 28.537777777777777, 29.152499999999993, 29.09833333333334, 29.015000000000004, 28.449999999999996, 28.665277777777785, 28.787499999999998, 28.85638888888888, 28.811111111111106, 29.420833333333334, 29.306666666666665, 28.85972222222221, 28.700833333333335, 29.18805555555556, 28.424444444444454, 28.665555555555557]}