{"ID": 12, "Surgery": 0, "Body_Temp": 35.0, "Cancer": 0, "Left_Temps": [32.851944444444435, 32.47888888888888, 32.492222222222225, 32.355277777777786, 32.44638888888889, 32.58555555555555, 33.522499999999994, 32.0075, 32.359722222222224, 32.05055555555556, 31.931666666666672, 31.7975, 31.793333333333337, 32.830833333333345, 32.53, 31.33749999999999, 31.282777777777785, 33.00027777777778, 32.606666666666676, 32.97944444444445, 33.679999999999986, 33.17722222222223, 33.63277777777778, 32.87638888888889, 30.919444444444448, 31.242222222222228, 33.20222222222221, 34.026944444444446, 34.22388888888889, 33.50027777777778, 32.97472222222223, 31.904166666666672, 32.20166666666666, 32.48527777777778, 32.175000000000004, 32.46277777777778, 33.48972222222222, 33.44555555555555, 33.538611111111116, 32.64166666666668, 32.458333333333336, 34.092777777777776, 33.55444444444444, 34.183611111111105, 33.09222222222222, 33.138888888888886, 33.09916666666666, 33.31583333333332, 33.75138888888889, 30.806944444444454, 30.603333333333335, 32.16444444444445, 32.694722222222225, 32.47194444444445, 32.995, 32.50444444444445, 32.15194444444443, 32.224722222222226, 32.02583333333334, 32.699999999999996, 33.587500000000006, 33.286944444444444, 33.79333333333333, 34.17083333333333, 33.93694444444444, 33.41555555555555, 33.96805555555555, 34.30777777777778, 33.32972222222222, 32.64388888888889, 32.593888888888884, 32.55111111111111, 32.15527777777778, 32.03611111111111, 32.590555555555554, 31.922777777777767, 31.992222222222228, 32.91499999999999, 33.765, 32.81194444444444, 33.67694444444444, 33.998333333333335, 33.79361111111111, 33.29166666666666, 33.3161111111111, 33.23166666666666, 31.738333333333326, 31.828611111111123, 31.669722222222227, 32.57194444444445, 33.20222222222221, 32.91805555555555, 32.909166666666664, 32.875555555555565, 32.244166666666665, 32.552499999999995], "Right_Temps": [31.693611111111107, 30.829722222222227, 31.21472222222221, 30.88638888888889, 30.901111111111106, 30.968888888888905, 31.498333333333335, 31.425833333333344, 31.681944444444436, 32.41444444444444, 31.755277777777778, 31.102500000000003, 31.855277777777776, 32.239999999999995, 32.60638888888888, 31.859722222222224, 31.458611111111118, 31.364722222222237, 32.522222222222226, 32.32972222222222, 31.865277777777788, 31.659444444444446, 32.36194444444445, 31.15722222222223, 31.446388888888887, 32.78583333333334, 34.05305555555555, 34.041111111111114, 33.793888888888894, 33.04361111111111, 32.198888888888895, 31.159999999999993, 30.876388888888886, 30.889166666666668, 31.248888888888896, 31.41972222222222, 31.828333333333326, 31.473333333333333, 31.88305555555556, 32.95916666666667, 32.28999999999999, 32.38222222222222, 32.541111111111114, 31.86, 32.12972222222223, 32.48305555555555, 31.430000000000014, 31.44972222222223, 32.51472222222223, 31.679166666666667, 31.14583333333333, 31.693888888888896, 33.092777777777776, 32.59305555555555, 32.95777777777778, 32.452777777777776, 31.425277777777783, 31.1325, 31.401388888888885, 31.684166666666663, 31.963888888888885, 32.46111111111111, 32.718888888888884, 32.75583333333333, 32.65083333333333, 31.830833333333324, 32.80083333333332, 31.978888888888896, 31.42055555555556, 31.505277777777778, 31.17583333333333, 32.13527777777778, 32.795277777777784, 32.03333333333333, 31.588333333333335, 31.620277777777776, 31.550555555555555, 31.316111111111102, 32.194166666666675, 32.461111111111094, 32.56416666666666, 32.36111111111111, 32.26444444444444, 31.581944444444446, 31.46194444444445, 31.88305555555556, 32.464444444444446, 31.94666666666666, 31.251111111111115, 31.42666666666667, 32.042222222222236, 32.05111111111111, 31.82333333333333, 31.32888888888888, 31.564166666666672, 31.518055555555552]}