{"ID": 121, "Surgery": 1, "Body_Temp": 35.5, "Cancer": 0, "Left_Temps": [31.59527777777778, 30.646388888888882, 30.16722222222222, 31.765277777777783, 30.541388888888896, 30.34305555555555, 31.285833333333333, 31.308333333333337, 31.843333333333337, 30.912222222222226, 31.330277777777773, 30.450277777777778, 31.085555555555555, 33.68194444444445, 33.548055555555564, 33.13888888888888, 31.85055555555555, 31.450000000000003, 31.5761111111111, 31.173055555555557, 32.673611111111114, 32.16638888888889, 31.058888888888873, 30.954722222222212, 30.95472222222222, 31.013055555555564, 30.807222222222222, 29.925000000000004, 29.988888888888894, 30.299722222222222, 30.885277777777787, 30.785833333333343, 30.19944444444444, 30.471111111111114, 31.353888888888896, 30.693888888888896, 31.326944444444443, 30.81138888888889, 31.481666666666666, 30.849166666666672, 31.4813888888889, 31.62916666666665, 33.135555555555555, 32.370555555555555, 31.92194444444444, 31.7025, 31.077777777777776, 32.43000000000001, 31.936944444444457, 30.168333333333333, 29.95777777777777, 29.97833333333334, 30.018888888888892, 30.208055555555557, 30.566666666666677, 29.590555555555554, 29.765, 29.88472222222222, 30.834166666666665, 31.681666666666665, 31.098888888888887, 30.831944444444446, 30.97861111111111, 31.570833333333333, 32.00416666666666, 31.98388888888889, 31.631111111111125, 31.281666666666677, 31.975833333333338, 31.332500000000014, 30.00972222222222, 30.455, 30.37861111111111, 29.52611111111112, 29.78861111111111, 30.943055555555556, 30.572500000000005, 30.973055555555554, 31.2425, 31.439999999999998, 31.607222222222227, 31.34444444444444, 31.393888888888885, 31.778333333333332, 30.692777777777774, 30.32861111111111, 30.76833333333334, 30.224166666666672, 30.080000000000002, 31.950000000000003, 31.68444444444445, 31.765555555555547, 31.29138888888889, 30.76444444444445, 31.15138888888889, 31.370277777777776], "Right_Temps": [31.926944444444455, 29.87777777777778, 29.49888888888889, 29.59666666666666, 30.347499999999993, 30.490833333333327, 30.371666666666663, 30.213055555555556, 30.758333333333333, 29.935833333333335, 29.43861111111111, 31.59027777777777, 32.64138888888889, 32.73166666666667, 32.727777777777774, 33.06777777777778, 30.67666666666666, 30.754722222222217, 30.846666666666675, 30.366111111111113, 31.69694444444444, 30.639722222222215, 31.432500000000005, 30.750833333333333, 30.086944444444434, 30.092499999999998, 30.27083333333333, 30.1311111111111, 30.012777777777785, 29.89166666666667, 31.622500000000002, 30.165833333333335, 29.010277777777787, 29.02, 29.106388888888894, 29.883611111111115, 29.93861111111111, 30.02111111111111, 30.72138888888888, 30.08555555555556, 30.60083333333333, 31.001944444444444, 30.933333333333337, 30.80027777777777, 30.678333333333327, 30.641388888888887, 30.693611111111107, 31.419166666666666, 30.97472222222222, 30.8125, 30.172500000000007, 30.310277777777774, 30.345277777777774, 30.175000000000004, 29.907222222222224, 29.88111111111111, 29.071666666666665, 28.65972222222222, 28.908611111111114, 29.34333333333333, 30.305833333333332, 30.408055555555563, 30.26472222222223, 31.090277777777764, 31.118055555555557, 30.658611111111107, 30.717777777777776, 30.97666666666667, 30.566388888888884, 31.061666666666675, 30.356944444444448, 30.4911111111111, 30.415000000000003, 28.92194444444444, 29.98611111111111, 29.317777777777785, 28.998888888888903, 29.27805555555556, 29.923055555555557, 30.223888888888887, 30.85194444444444, 30.863055555555547, 30.72138888888888, 30.87888888888889, 31.000833333333333, 30.491388888888892, 28.90694444444445, 28.927222222222227, 28.944444444444443, 29.364722222222213, 29.442777777777767, 30.70138888888889, 30.834722222222226, 31.783333333333328, 28.99972222222223, 29.01500000000001]}