{"ID": 125, "Surgery": 0, "Body_Temp": 35.7, "Cancer": 0, "Left_Temps": [33.805, 31.850277777777777, 31.25722222222222, 31.08972222222221, 31.2013888888889, 31.254166666666663, 30.846111111111114, 31.27027777777777, 31.251388888888886, 31.13194444444445, 31.650833333333328, 30.24611111111112, 30.28944444444444, 31.834999999999997, 32.27194444444445, 31.950277777777792, 32.149166666666666, 31.46611111111111, 31.301388888888887, 30.413888888888884, 30.026111111111106, 29.790277777777774, 29.773055555555555, 29.843333333333337, 30.411666666666672, 31.998611111111114, 33.3113888888889, 32.32055555555555, 32.88916666666666, 32.74027777777777, 33.10694444444446, 31.707222222222217, 31.01694444444444, 30.751944444444444, 31.063888888888894, 31.401944444444453, 31.05194444444446, 30.912222222222226, 30.793333333333337, 31.211666666666677, 30.890833333333333, 30.74305555555555, 31.74166666666666, 32.0388888888889, 31.87888888888889, 31.5713888888889, 31.209444444444443, 30.203611111111123, 29.92194444444444, 29.92083333333333, 30.38222222222222, 32.374444444444435, 31.182777777777787, 30.651944444444453, 30.827222222222222, 31.163333333333338, 30.812500000000007, 30.966666666666658, 30.85222222222221, 32.118055555555564, 31.331111111111095, 30.80916666666667, 31.086944444444434, 30.968333333333337, 31.39888888888889, 31.77361111111111, 31.849444444444444, 31.053611111111106, 30.557777777777776, 30.073333333333338, 29.96833333333333, 32.00055555555556, 30.39861111111111, 30.01166666666667, 30.002222222222226, 30.3611111111111, 31.038888888888877, 32.19444444444444, 31.382777777777783, 30.7111111111111, 30.940555555555548, 30.419722222222227, 30.331111111111113, 30.334444444444443, 30.466944444444444, 31.571111111111108, 30.99916666666666, 30.247222222222224, 31.19194444444444, 32.453333333333326, 30.878333333333337, 30.209722222222226, 30.44222222222223, 31.80166666666667, 32.148333333333326, 32.44999999999999], "Right_Temps": [31.194444444444432, 30.635277777777787, 30.602500000000003, 30.532222222222217, 30.307777777777783, 30.42611111111111, 30.793333333333337, 30.705277777777788, 30.921944444444453, 31.105555555555554, 30.976944444444445, 30.779166666666672, 30.61805555555555, 31.32333333333333, 31.690833333333337, 31.47222222222222, 31.17027777777778, 30.594166666666663, 30.12527777777777, 29.93166666666668, 29.890555555555547, 30.25694444444444, 30.135833333333338, 30.190833333333345, 30.655833333333323, 31.415277777777778, 33.02888888888888, 29.774722222222223, 29.899444444444434, 29.90944444444445, 30.22555555555555, 29.761944444444435, 30.019722222222224, 30.03638888888888, 30.094166666666663, 31.27083333333332, 31.105555555555554, 30.77138888888889, 30.96083333333333, 30.520555555555557, 30.40222222222222, 30.423055555555557, 31.836111111111116, 31.601388888888884, 30.94749999999999, 30.254722222222224, 30.13555555555556, 30.015555555555554, 29.884166666666665, 30.413333333333338, 29.94722222222222, 30.136666666666663, 31.070555555555547, 28.982499999999998, 29.172222222222224, 29.168055555555547, 29.443888888888882, 29.293055555555554, 30.053611111111106, 31.44722222222222, 30.709166666666672, 30.34833333333334, 31.188333333333333, 30.84388888888889, 30.587499999999995, 31.469166666666656, 30.629722222222238, 30.30694444444445, 30.22361111111111, 30.973888888888887, 30.06916666666666, 29.737499999999994, 28.44888888888889, 28.588888888888878, 28.745833333333337, 29.068888888888896, 29.404722222222226, 31.00694444444445, 30.447777777777773, 30.24277777777778, 31.251944444444447, 30.909166666666675, 30.509166666666665, 30.91027777777778, 30.689166666666672, 28.29388888888888, 28.46611111111111, 28.531944444444452, 28.890555555555554, 29.970555555555556, 29.843888888888884, 29.950000000000003, 29.891111111111115, 29.07916666666667, 28.895833333333332, 29.244999999999997]}