{"ID": 126, "Surgery": 0, "Body_Temp": 35.6, "Cancer": 0, "Left_Temps": [30.733611111111106, 29.765277777777776, 29.556944444444444, 29.66305555555555, 30.06222222222222, 30.275000000000002, 30.41222222222222, 31.69416666666666, 31.923055555555557, 31.803888888888892, 31.61055555555555, 31.536111111111115, 30.778888888888886, 31.659166666666668, 32.09666666666668, 32.76166666666667, 32.40777777777779, 31.663055555555566, 30.867222222222225, 30.12138888888889, 30.004444444444445, 30.21694444444445, 29.99027777777778, 30.036944444444448, 30.067499999999995, 30.465277777777764, 31.105555555555547, 29.77055555555556, 30.790833333333328, 31.83, 31.33944444444444, 29.9138888888889, 29.34305555555556, 29.355555555555547, 29.77861111111111, 30.02805555555556, 30.546111111111113, 31.206388888888885, 31.130555555555556, 31.629722222222224, 31.533611111111107, 31.02861111111112, 31.74972222222223, 32.024444444444434, 31.926111111111126, 31.543611111111115, 30.186111111111117, 29.609722222222224, 29.911666666666672, 29.42916666666666, 29.06194444444444, 29.026111111111113, 29.20555555555556, 29.854444444444443, 30.91750000000001, 30.415833333333335, 29.487777777777783, 29.26194444444444, 29.725277777777787, 30.18444444444445, 31.513333333333346, 30.870555555555555, 31.2036111111111, 31.615277777777774, 31.485833333333332, 32.42833333333333, 31.40888888888888, 30.77111111111111, 30.12611111111111, 29.718055555555548, 29.77083333333333, 29.74722222222222, 29.380555555555564, 30.69361111111111, 29.876666666666665, 29.402500000000007, 29.69166666666667, 31.04861111111111, 31.3361111111111, 30.88111111111111, 30.822777777777787, 31.02777777777778, 30.79527777777778, 30.42138888888889, 27.88888888888889, 28.871111111111116, 30.33055555555556, 29.482777777777773, 29.65472222222222, 30.049166666666665, 30.474722222222226, 30.45305555555556, 29.823888888888884, 29.969999999999995, 29.922222222222224, 29.95222222222223], "Right_Temps": [30.04527777777778, 29.016944444444448, 29.12527777777778, 29.111388888888897, 29.546666666666663, 30.159999999999993, 29.953055555555554, 30.308055555555555, 30.952499999999993, 31.03166666666667, 30.810555555555563, 29.810555555555553, 30.603611111111107, 31.015, 31.525277777777767, 30.876944444444437, 31.783333333333335, 33.692777777777785, 32.00666666666667, 30.362499999999997, 29.765277777777783, 29.556666666666672, 28.921111111111106, 29.129722222222224, 29.905277777777783, 30.82583333333333, 31.96166666666667, 32.11638888888888, 31.96888888888889, 30.482222222222227, 30.180833333333325, 28.823055555555552, 28.515833333333337, 28.733611111111113, 29.112500000000004, 29.662222222222226, 29.627500000000005, 30.071111111111115, 31.43055555555556, 30.97583333333333, 30.274722222222238, 31.635277777777773, 32.086944444444434, 32.40305555555554, 33.03472222222223, 31.63583333333334, 30.93444444444445, 29.860555555555557, 29.09722222222222, 28.988888888888894, 29.410555555555554, 29.939166666666672, 30.404999999999998, 30.35055555555556, 29.056944444444444, 28.97055555555555, 28.48333333333333, 28.703333333333333, 28.88111111111111, 29.44055555555555, 29.678611111111106, 30.236111111111118, 30.935555555555556, 30.590555555555554, 31.66944444444444, 32.1325, 31.293333333333326, 31.437777777777782, 30.276944444444453, 29.499444444444446, 29.988611111111116, 29.581944444444453, 30.362777777777783, 28.541388888888882, 28.582222222222228, 28.69055555555555, 29.29305555555556, 29.13666666666667, 29.690277777777776, 29.933055555555555, 30.731388888888887, 31.66, 32.04, 30.536666666666672, 30.08666666666666, 29.25888888888888, 29.07583333333333, 28.786666666666658, 28.934999999999995, 29.114444444444448, 29.618333333333347, 30.290277777777767, 30.644999999999996, 30.388055555555557, 29.58416666666666, 29.112777777777776]}