{"ID": 127, "Surgery": 0, "Body_Temp": 34.3, "Cancer": 0, "Left_Temps": [31.595833333333335, 31.419166666666676, 31.415555555555557, 31.213611111111113, 31.377499999999998, 30.849722222222212, 30.31694444444444, 30.102777777777785, 30.21944444444445, 31.18666666666668, 30.963333333333335, 30.101111111111113, 30.202777777777776, 30.566666666666663, 32.40055555555554, 32.37416666666666, 32.441388888888895, 31.9725, 31.80527777777777, 31.50694444444445, 31.91277777777778, 31.638055555555542, 30.70805555555555, 30.38749999999999, 30.365000000000002, 30.521111111111118, 30.828055555555554, 31.375, 31.85249999999999, 31.498611111111106, 31.293333333333337, 31.66277777777778, 30.751111111111122, 30.959166666666665, 30.636111111111113, 30.776944444444446, 30.457777777777785, 30.36694444444444, 30.794722222222227, 31.58777777777778, 31.279166666666672, 31.25027777777778, 30.647222222222222, 32.39138888888889, 32.245000000000005, 32.27861111111112, 32.84472222222222, 32.77138888888888, 31.648055555555555, 31.849444444444444, 31.81555555555556, 31.200277777777778, 31.18805555555556, 30.737222222222222, 30.17527777777777, 31.450555555555557, 30.765555555555554, 30.46083333333333, 30.470555555555556, 30.39138888888888, 30.182500000000005, 30.386111111111113, 31.44361111111111, 32.19555555555555, 30.942222222222224, 30.73305555555556, 32.28277777777777, 33.18944444444445, 32.554166666666674, 32.54944444444445, 31.42055555555556, 31.18833333333334, 31.091944444444444, 30.01777777777778, 30.200277777777785, 30.2975, 31.143055555555552, 30.581111111111113, 30.322500000000005, 30.83694444444444, 30.78055555555556, 30.87805555555555, 30.642777777777763, 31.177499999999995, 30.65222222222222, 31.01083333333333, 30.627499999999998, 30.25055555555556, 31.75472222222223, 31.43722222222222, 30.60194444444444, 30.553055555555552, 31.135000000000005, 31.630833333333328, 31.72277777777778, 31.338055555555556], "Right_Temps": [29.74638888888889, 29.206388888888892, 29.193055555555556, 29.3063888888889, 29.63305555555556, 30.299999999999997, 31.488333333333337, 31.279166666666658, 30.901666666666667, 31.5388888888889, 30.33638888888889, 31.171944444444435, 31.51027777777778, 31.86361111111111, 31.532777777777767, 30.973888888888887, 30.682222222222226, 30.563888888888886, 30.418888888888894, 30.079444444444448, 29.765555555555554, 29.745555555555555, 30.221944444444446, 30.316666666666663, 30.349999999999998, 30.66, 33.33833333333333, 30.25305555555555, 29.78944444444444, 29.282222222222224, 29.34416666666667, 28.908611111111117, 28.93, 29.042777777777772, 29.23, 30.163611111111113, 31.634999999999998, 31.51694444444444, 31.55333333333334, 30.91249999999999, 31.196666666666673, 31.474722222222226, 31.85722222222222, 31.137500000000003, 31.004444444444452, 30.76722222222223, 30.420555555555566, 30.41416666666667, 30.28305555555555, 30.29222222222222, 30.18527777777778, 30.092500000000005, 30.946666666666665, 29.302222222222227, 29.010555555555552, 28.843888888888884, 28.741666666666667, 28.94472222222222, 29.08916666666666, 29.89027777777779, 31.18388888888888, 31.959722222222222, 31.251944444444437, 30.5625, 31.45611111111112, 31.74166666666668, 31.00444444444446, 30.83277777777777, 30.895555555555557, 30.824722222222224, 30.379444444444452, 30.264444444444443, 29.000833333333333, 28.903888888888886, 28.887222222222224, 29.307222222222215, 29.51722222222222, 29.828055555555554, 31.095555555555563, 30.95444444444444, 30.87555555555556, 31.390555555555554, 31.467222222222226, 31.009166666666676, 30.66305555555556, 30.54583333333333, 29.22888888888889, 29.24972222222222, 29.952777777777783, 30.769444444444446, 31.284722222222214, 30.821388888888887, 31.388055555555557, 31.718333333333337, 30.49638888888889, 31.064166666666665]}