{"ID": 129, "Surgery": 0, "Body_Temp": 33.9, "Cancer": 0, "Left_Temps": [29.83666666666666, 30.396111111111104, 29.32416666666667, 29.12888888888889, 29.009722222222226, 29.53805555555555, 29.53111111111111, 30.738888888888894, 32.5413888888889, 31.72333333333334, 30.61333333333333, 30.656388888888884, 29.49944444444445, 30.202777777777797, 30.12083333333333, 30.083055555555557, 30.08277777777778, 30.16611111111111, 29.59194444444445, 29.57944444444444, 29.738888888888894, 29.676666666666662, 29.72277777777778, 29.685555555555556, 29.703333333333333, 29.937222222222236, 30.16972222222222, 29.605, 28.868888888888893, 28.80222222222222, 29.55805555555556, 28.986388888888897, 29.84972222222222, 28.65333333333334, 28.656944444444452, 29.101666666666663, 29.588611111111113, 31.70472222222222, 32.18833333333334, 31.324999999999996, 30.657222222222213, 29.67722222222222, 30.387777777777778, 30.523888888888887, 30.06222222222222, 29.595000000000002, 29.570833333333326, 29.614999999999995, 29.54805555555555, 29.36472222222223, 29.21916666666667, 29.24444444444445, 29.36500000000001, 28.910833333333343, 28.68805555555555, 29.13222222222222, 28.474166666666665, 28.563611111111115, 28.325555555555553, 28.682777777777776, 30.63916666666667, 31.174166666666665, 31.363055555555555, 30.918333333333333, 29.73055555555556, 30.078333333333337, 29.522499999999994, 29.618611111111104, 30.06638888888888, 29.768055555555552, 29.667777777777772, 29.595555555555556, 29.18666666666666, 28.826944444444443, 28.334444444444443, 28.0475, 28.127222222222223, 28.515555555555554, 29.549722222222222, 29.730000000000004, 31.158333333333342, 29.340555555555554, 29.427222222222227, 29.33638888888888, 28.30833333333334, 28.459166666666672, 28.927777777777774, 27.957222222222224, 27.951111111111107, 28.159166666666664, 28.619722222222222, 29.271944444444458, 29.099166666666672, 28.708055555555557, 28.05166666666667, 28.21194444444444], "Right_Temps": [28.99194444444444, 28.853888888888882, 29.251388888888894, 30.91722222222223, 31.534166666666668, 31.942499999999995, 30.869722222222226, 30.25388888888889, 30.019722222222217, 30.941944444444434, 30.115833333333327, 29.763333333333335, 31.440833333333337, 30.701111111111118, 30.18472222222222, 30.15361111111111, 30.045833333333324, 29.924999999999997, 29.55916666666667, 29.455277777777766, 29.30138888888888, 29.154166666666665, 28.886111111111113, 28.581666666666663, 28.402777777777775, 28.494166666666665, 29.708333333333332, 29.726944444444445, 28.283333333333328, 28.292500000000004, 28.61472222222222, 28.550277777777776, 29.42916666666666, 30.81555555555555, 31.18527777777778, 31.283055555555563, 31.591388888888886, 30.70944444444445, 29.6363888888889, 29.928611111111113, 29.57611111111111, 30.46972222222223, 30.866388888888878, 30.411388888888894, 29.875277777777782, 29.536666666666658, 29.397222222222222, 29.098333333333333, 28.954722222222227, 28.81277777777778, 28.628333333333323, 28.334444444444443, 28.391388888888883, 28.40805555555556, 28.05305555555556, 28.14722222222223, 28.816666666666656, 30.064166666666672, 29.335555555555555, 30.05083333333333, 30.07916666666667, 29.634166666666665, 29.553888888888892, 29.86083333333334, 29.979166666666668, 29.83333333333334, 29.384999999999998, 29.533055555555556, 29.10972222222223, 28.891388888888887, 29.089166666666667, 28.671944444444453, 28.224722222222226, 28.461944444444434, 28.303611111111106, 28.724444444444444, 29.01833333333333, 29.063888888888894, 29.438888888888894, 29.169999999999998, 29.843333333333337, 29.409166666666668, 29.513888888888882, 29.201944444444443, 29.055833333333325, 28.853055555555557, 28.608055555555552, 28.19277777777777, 28.317222222222217, 28.755000000000003, 29.1425, 28.96527777777778, 28.486388888888897, 28.240000000000002, 28.058888888888887, 28.350833333333323]}