{"ID": 13, "Surgery": 0, "Body_Temp": 35.8, "Cancer": 0, "Left_Temps": [31.450833333333346, 30.008333333333344, 30.224999999999998, 30.73388888888889, 30.30333333333334, 29.991944444444446, 29.55277777777778, 30.203611111111115, 30.68583333333335, 30.523611111111116, 30.616111111111113, 31.104166666666668, 30.964444444444453, 31.265, 31.735555555555557, 32.280833333333334, 31.37138888888889, 30.894166666666667, 31.104444444444443, 29.961388888888887, 30.304722222222225, 30.047222222222224, 29.182222222222222, 28.60472222222223, 28.716666666666672, 28.5475, 28.57277777777777, 28.83, 28.933055555555555, 29.33361111111111, 29.95138888888889, 29.498055555555556, 30.431111111111104, 31.364444444444448, 31.47555555555556, 29.89583333333333, 29.791388888888882, 30.054722222222225, 29.932777777777783, 30.80305555555556, 30.695, 31.439166666666658, 31.035555555555547, 31.045555555555552, 31.38166666666668, 31.706666666666663, 29.647777777777776, 29.01472222222223, 29.089444444444453, 28.76833333333334, 28.630277777777767, 28.879722222222224, 28.949166666666663, 28.313055555555554, 28.844444444444434, 29.33305555555556, 31.526111111111113, 31.25305555555555, 30.797222222222217, 31.14972222222222, 30.14555555555555, 30.130833333333335, 29.876666666666665, 30.250555555555554, 31.64222222222222, 31.724722222222226, 32.10888888888889, 29.9175, 29.18111111111111, 29.058888888888887, 30.042777777777776, 30.01666666666667, 29.272777777777762, 29.57583333333334, 29.861388888888882, 32.15638888888889, 31.12944444444444, 30.876388888888886, 29.907500000000002, 29.63666666666667, 29.870277777777776, 31.494444444444454, 29.935277777777774, 29.529999999999998, 29.21527777777777, 29.276111111111113, 29.132500000000007, 31.532222222222224, 32.45888888888889, 30.274166666666662, 29.636944444444445, 29.519166666666663, 29.255000000000003, 29.219166666666663, 29.685555555555556, 29.71166666666667], "Right_Temps": [30.605277777777776, 29.30166666666667, 29.333333333333332, 29.431388888888883, 29.485555555555564, 29.537499999999998, 29.79722222222221, 30.345555555555563, 30.539444444444445, 30.69888888888889, 30.540555555555557, 31.067777777777774, 32.566388888888895, 32.56638888888889, 31.724722222222226, 31.703888888888887, 31.425833333333337, 30.822222222222234, 29.986666666666665, 29.807222222222233, 29.389444444444443, 29.453055555555554, 29.263888888888875, 29.03916666666667, 29.61138888888889, 29.215555555555554, 29.790555555555564, 30.640277777777783, 29.765000000000004, 29.552222222222227, 29.626944444444455, 28.943333333333342, 28.613888888888887, 30.298888888888882, 29.945277777777775, 30.571111111111115, 30.221944444444432, 30.430833333333332, 29.972777777777782, 30.51055555555556, 31.606944444444437, 32.0863888888889, 31.910555555555568, 31.421666666666667, 31.223055555555554, 30.180555555555557, 30.061944444444446, 30.167499999999993, 30.03277777777778, 29.62416666666666, 30.824444444444445, 30.533055555555556, 29.642222222222227, 28.646388888888893, 29.07611111111111, 28.877499999999998, 28.42694444444444, 28.84055555555556, 29.668888888888887, 30.74972222222223, 30.246111111111116, 30.052500000000002, 30.010833333333323, 30.769444444444453, 32.25694444444445, 31.875000000000007, 30.501388888888894, 30.28472222222222, 30.01611111111111, 30.162222222222233, 31.48083333333332, 31.175000000000004, 30.459722222222226, 28.99888888888889, 29.082222222222217, 28.997499999999995, 29.185555555555563, 29.689444444444444, 30.091388888888886, 29.967777777777783, 29.65638888888889, 30.946111111111115, 30.461111111111116, 30.648333333333337, 30.64611111111111, 31.158611111111117, 29.618611111111104, 29.203333333333337, 29.570000000000007, 29.748611111111106, 30.70472222222223, 29.664166666666663, 29.781944444444434, 28.179444444444442, 29.882222222222214, 29.981111111111115]}