{"ID": 130, "Surgery": 0, "Body_Temp": 36.2, "Cancer": 0, "Left_Temps": [31.133333333333326, 28.653888888888883, 28.380000000000006, 28.778333333333325, 29.210000000000004, 29.556111111111118, 29.569444444444443, 30.366388888888892, 30.222777777777782, 30.18388888888889, 29.91111111111111, 30.221111111111107, 30.405833333333337, 30.643888888888892, 31.64055555555556, 32.81027777777778, 31.904166666666665, 31.14166666666667, 31.487499999999997, 30.270833333333332, 29.965277777777786, 30.6013888888889, 30.697222222222226, 30.79916666666666, 29.329722222222227, 28.9536111111111, 29.670555555555552, 29.56222222222223, 29.70805555555555, 29.99388888888889, 31.033333333333335, 28.91611111111111, 28.174722222222233, 28.633333333333326, 29.095833333333328, 29.838888888888896, 30.02527777777778, 30.986111111111118, 30.117222222222225, 29.641388888888887, 29.85055555555556, 30.89944444444444, 30.710277777777783, 30.849166666666672, 30.540000000000003, 30.45305555555556, 30.13555555555556, 29.84972222222222, 29.54916666666666, 30.101111111111113, 28.967222222222215, 28.662499999999998, 29.036944444444455, 28.76249999999999, 28.65027777777778, 28.42000000000001, 27.98861111111111, 28.285277777777775, 29.21722222222222, 30.23, 30.095833333333328, 31.2325, 30.478888888888896, 29.973611111111104, 30.54583333333334, 30.073611111111106, 29.712500000000002, 29.44777777777778, 29.080277777777773, 29.126111111111104, 29.122222222222224, 29.264166666666668, 28.816666666666663, 27.916111111111114, 27.918333333333333, 28.097499999999997, 29.21611111111112, 30.049999999999997, 30.102777777777767, 30.409166666666675, 29.439722222222233, 29.822222222222226, 29.299166666666665, 28.831944444444446, 28.752499999999998, 29.04527777777777, 28.721111111111114, 28.461388888888887, 30.50472222222223, 29.52722222222222, 30.222500000000007, 30.019722222222228, 29.381111111111107, 28.414166666666667, 29.56638888888889, 28.588888888888885], "Right_Temps": [30.772777777777776, 29.801666666666662, 29.052222222222227, 28.88638888888889, 29.213611111111113, 29.4175, 29.389722222222222, 29.038333333333338, 29.04555555555556, 29.3475, 29.16722222222222, 29.041944444444443, 30.157777777777785, 30.23194444444444, 30.60027777777778, 31.05222222222223, 31.15472222222222, 31.49611111111111, 31.461111111111116, 31.067500000000003, 30.30916666666667, 29.744166666666665, 29.795, 30.686388888888885, 31.356944444444448, 31.93055555555555, 34.02388888888889, 33.62277777777777, 33.412777777777784, 31.2675, 31.044999999999984, 29.920277777777773, 28.95694444444444, 28.519722222222217, 28.804722222222225, 29.387222222222224, 29.566111111111102, 28.89555555555555, 28.980277777777783, 30.148055555555555, 29.440000000000012, 30.815555555555566, 30.876944444444444, 30.513888888888875, 31.127500000000005, 32.037222222222226, 31.682222222222222, 30.316666666666656, 29.938888888888886, 30.143888888888892, 30.68111111111112, 30.31138888888889, 31.406111111111116, 30.716666666666672, 29.643888888888885, 29.635277777777773, 29.076388888888896, 28.40027777777778, 28.48277777777778, 28.994999999999997, 29.035833333333333, 28.86194444444445, 29.378888888888884, 29.496111111111116, 30.79055555555555, 30.56138888888889, 31.053611111111113, 31.119444444444436, 30.345555555555546, 29.88888888888889, 30.17, 29.45944444444445, 29.595555555555546, 29.39916666666667, 29.163333333333323, 28.52055555555555, 28.048055555555546, 28.44194444444444, 28.813333333333325, 29.208888888888893, 29.503333333333345, 30.395, 30.51388888888889, 29.03388888888889, 30.31027777777778, 29.320277777777775, 28.913333333333323, 28.058055555555555, 28.015833333333333, 28.018055555555556, 28.626666666666672, 29.133611111111108, 28.508888888888887, 27.763611111111107, 27.475000000000005, 27.718333333333327]}