{"ID": 131, "Surgery": 1, "Body_Temp": 35.6, "Cancer": 0, "Left_Temps": [31.1875, 30.61944444444445, 29.776666666666667, 29.642777777777773, 29.853333333333346, 30.039722222222217, 29.723055555555554, 30.058055555555555, 30.77, 30.615277777777774, 30.48611111111111, 30.386944444444445, 30.26694444444444, 30.256666666666675, 30.795277777777773, 30.863888888888898, 30.85416666666666, 30.23555555555555, 29.82722222222223, 29.858055555555552, 30.367222222222225, 30.51472222222223, 29.910555555555554, 29.73166666666667, 29.67027777777778, 30.002500000000005, 30.57, 29.97361111111111, 29.93472222222222, 30.81333333333334, 30.859722222222217, 30.38583333333333, 29.639722222222215, 29.330555555555552, 29.34333333333333, 29.564166666666665, 29.596111111111117, 30.354166666666668, 30.756388888888896, 30.547499999999996, 30.29722222222221, 30.42694444444444, 31.03138888888889, 30.813055555555554, 30.68722222222222, 30.141111111111115, 29.766388888888894, 29.39944444444445, 29.53805555555555, 29.304722222222217, 29.15361111111111, 29.322222222222212, 29.573611111111113, 29.48583333333333, 29.61333333333333, 29.931111111111118, 29.323888888888884, 29.125, 29.150555555555556, 29.340833333333332, 29.888055555555557, 30.67722222222223, 30.789444444444445, 30.472222222222214, 30.79111111111111, 31.94250000000001, 31.348611111111115, 30.462500000000002, 29.70166666666667, 29.32777777777777, 29.168611111111115, 29.03944444444444, 29.202777777777776, 29.223333333333326, 29.52472222222222, 28.84638888888888, 28.98055555555556, 29.32527777777777, 30.303611111111113, 31.019722222222224, 30.767500000000002, 31.671944444444446, 30.614444444444448, 29.879444444444445, 29.440277777777776, 29.036388888888887, 29.148333333333337, 29.413888888888884, 28.70861111111111, 29.564444444444444, 30.85944444444444, 30.273333333333326, 29.14638888888889, 29.5825, 29.685277777777774, 29.71527777777778], "Right_Temps": [30.91694444444444, 30.479722222222208, 30.216666666666672, 30.13500000000001, 30.209722222222222, 30.1913888888889, 30.34194444444445, 30.239166666666662, 29.740277777777774, 29.84527777777778, 30.050277777777776, 29.969722222222224, 29.615277777777788, 30.512777777777767, 30.49444444444445, 30.487222222222222, 30.42444444444445, 30.311388888888885, 30.057777777777776, 29.927499999999995, 30.180833333333332, 30.5975, 29.97916666666666, 29.451666666666668, 29.248055555555553, 29.189444444444447, 29.36361111111111, 29.464722222222218, 29.502499999999998, 30.18861111111111, 30.65638888888889, 29.870000000000005, 29.6675, 29.761111111111113, 30.088888888888885, 30.283611111111114, 30.564722222222215, 30.04833333333333, 29.758611111111104, 29.707777777777792, 29.754166666666663, 29.662500000000005, 30.504999999999995, 30.477500000000003, 30.238888888888894, 30.011944444444445, 29.868333333333325, 29.560000000000002, 29.583888888888893, 29.27472222222222, 29.186111111111106, 29.17055555555556, 29.248055555555556, 29.565277777777776, 28.886388888888884, 29.22555555555556, 29.24166666666666, 29.536944444444448, 30.15194444444444, 30.751111111111115, 30.276388888888896, 29.934166666666655, 29.838055555555556, 29.689722222222226, 29.80527777777778, 30.86222222222223, 30.598055555555568, 30.378055555555566, 29.87527777777777, 29.467222222222233, 29.55194444444444, 29.694166666666668, 29.514166666666668, 29.68, 28.83361111111111, 29.59222222222222, 30.046944444444446, 30.318888888888896, 29.816944444444445, 29.950000000000014, 29.792222222222215, 30.06638888888889, 30.397500000000004, 28.361944444444447, 30.06944444444444, 29.880555555555556, 29.865000000000002, 28.860277777777785, 29.393611111111113, 29.53805555555555, 29.706388888888895, 30.03305555555555, 29.90555555555556, 29.21777777777777, 28.974999999999998, 29.29416666666666]}