{"ID": 132, "Surgery": 0, "Body_Temp": 34.8, "Cancer": 0, "Left_Temps": [31.005555555555556, 30.289722222222217, 29.729722222222236, 29.492222222222225, 29.695000000000007, 30.021388888888893, 30.126944444444444, 30.97972222222222, 31.331111111111106, 31.67722222222222, 32.279444444444444, 31.56916666666666, 31.58638888888888, 31.195277777777783, 32.45750000000001, 32.40888888888888, 32.27611111111111, 32.309999999999995, 31.91555555555555, 32.045, 32.02000000000001, 31.89194444444444, 31.799999999999994, 31.843611111111116, 31.99444444444445, 31.93, 32.395833333333336, 32.40833333333333, 30.366944444444446, 30.602777777777778, 30.63916666666666, 30.16972222222222, 29.470000000000002, 29.216944444444444, 29.294999999999998, 29.566944444444445, 30.113055555555555, 30.910833333333333, 31.442500000000003, 32.37444444444444, 31.775555555555563, 31.34805555555556, 32.631388888888885, 32.45055555555555, 32.71944444444444, 32.48833333333333, 31.968333333333344, 31.922222222222217, 32.22611111111111, 31.411388888888894, 31.387222222222224, 31.490277777777788, 31.45416666666667, 31.93, 31.20166666666667, 30.45361111111111, 29.79888888888889, 29.352500000000003, 29.37888888888888, 29.588333333333335, 30.60444444444445, 30.922500000000007, 31.355833333333344, 32.03222222222222, 32.164722222222224, 33.11611111111111, 32.94194444444445, 32.32611111111112, 31.758888888888894, 31.991666666666667, 30.897777777777783, 30.815833333333337, 31.01472222222223, 30.2888888888889, 30.77027777777778, 29.63638888888889, 29.728611111111107, 30.04416666666666, 30.55166666666667, 30.485555555555557, 31.075833333333335, 32.74833333333334, 32.132222222222225, 31.875000000000007, 31.298333333333332, 31.013888888888896, 30.764722222222222, 29.863611111111116, 29.560555555555556, 30.31555555555556, 30.189444444444455, 30.32527777777777, 30.490833333333335, 31.401666666666674, 29.54444444444444, 29.852777777777778], "Right_Temps": [30.730833333333333, 29.77944444444445, 29.84722222222223, 30.145833333333332, 31.010833333333338, 32.01888888888888, 32.22305555555556, 32.0275, 31.706111111111106, 31.939444444444447, 31.3325, 30.515833333333337, 32.28805555555555, 32.42444444444445, 32.39916666666666, 32.64527777777778, 32.30222222222222, 32.50111111111111, 32.023333333333326, 32.03194444444444, 31.8186111111111, 31.60805555555556, 31.40611111111111, 32.18722222222221, 31.49361111111111, 31.35777777777778, 32.29083333333333, 32.29527777777778, 30.14555555555555, 30.299166666666665, 30.418611111111108, 29.32555555555555, 29.339166666666667, 29.645555555555557, 30.490555555555563, 30.963333333333317, 31.436666666666667, 32.00888888888889, 32.427499999999995, 32.21805555555556, 30.741111111111113, 32.18333333333333, 32.06333333333334, 32.09166666666667, 32.23722222222222, 32.11666666666667, 32.62333333333335, 32.22500000000001, 31.59527777777778, 31.596944444444446, 31.46833333333333, 30.971666666666668, 31.570000000000007, 31.34527777777778, 29.231944444444455, 29.280000000000005, 29.08611111111111, 29.6963888888889, 30.161111111111104, 30.56805555555555, 31.360555555555557, 32.24527777777778, 32.23138888888889, 31.28972222222223, 32.20555555555556, 32.18638888888889, 32.19361111111112, 32.54027777777779, 31.913333333333323, 31.57222222222222, 31.72888888888889, 31.276666666666667, 31.14888888888889, 28.862500000000004, 28.86444444444444, 30.084722222222215, 29.783055555555546, 30.174444444444436, 31.40916666666666, 31.705555555555563, 31.86500000000001, 32.46166666666667, 32.48777777777778, 32.41916666666667, 32.22777777777778, 32.116944444444435, 31.386666666666656, 29.450833333333335, 29.674722222222222, 30.15916666666666, 31.763055555555557, 31.430555555555557, 30.248611111111117, 32.1975, 29.894444444444446, 30.394166666666674]}