{"ID": 135, "Surgery": 0, "Body_Temp": 35.6, "Cancer": 0, "Left_Temps": [29.825555555555564, 28.20750000000001, 28.005277777777778, 28.345277777777774, 29.262777777777767, 30.11833333333334, 30.55194444444444, 30.855000000000004, 30.86166666666667, 30.12916666666667, 29.83944444444444, 30.19083333333333, 30.303333333333335, 30.37444444444444, 30.447777777777773, 30.314444444444447, 30.46083333333333, 31.567777777777785, 32.07416666666667, 30.281111111111116, 29.47861111111111, 29.966666666666665, 30.030000000000012, 30.866388888888892, 31.474722222222233, 30.932777777777783, 30.02416666666667, 30.338333333333335, 28.159166666666657, 28.36555555555556, 28.602777777777778, 27.974722222222233, 28.796111111111113, 28.499166666666653, 29.040277777777778, 30.60694444444444, 30.80250000000001, 30.59055555555556, 30.571111111111097, 30.154166666666672, 31.353055555555564, 31.266944444444434, 31.234166666666663, 30.917777777777776, 32.17333333333333, 32.17916666666666, 30.870000000000005, 30.28194444444444, 29.97555555555556, 29.75694444444444, 30.002777777777776, 30.956666666666667, 31.062499999999986, 28.593333333333344, 28.49388888888889, 28.03666666666666, 28.415833333333335, 29.541388888888896, 30.62444444444445, 30.995000000000005, 31.00444444444444, 30.701944444444443, 31.062499999999993, 31.497222222222224, 31.761111111111113, 31.690277777777776, 32.75305555555556, 30.719999999999995, 30.928611111111113, 30.616388888888885, 29.74888888888889, 31.311388888888885, 30.643611111111106, 29.54444444444444, 28.73, 29.44888888888889, 31.422222222222217, 30.783888888888878, 30.46000000000001, 30.682222222222222, 31.550555555555555, 32.47972222222222, 30.571666666666665, 30.593333333333344, 31.354999999999993, 30.226666666666674, 30.599166666666665, 30.474166666666665, 30.82805555555556, 29.983333333333334, 31.392500000000002, 30.61416666666667, 30.489722222222227, 30.92805555555556, 29.71583333333334, 30.681666666666665], "Right_Temps": [29.552777777777774, 28.804999999999993, 29.66333333333333, 29.580833333333334, 30.2675, 30.338888888888885, 30.88222222222222, 30.083055555555543, 30.74777777777778, 30.795833333333334, 30.347499999999993, 29.733611111111106, 31.06277777777778, 31.043611111111122, 30.705833333333334, 30.335833333333344, 31.006944444444443, 30.985, 31.83777777777778, 31.272222222222215, 30.686944444444432, 29.923888888888897, 30.264722222222215, 30.408333333333342, 30.24583333333333, 29.814444444444444, 29.725277777777777, 30.27083333333333, 31.614166666666662, 28.73166666666667, 28.881388888888882, 28.92527777777779, 29.42305555555555, 29.779999999999998, 30.018888888888892, 30.723611111111122, 31.471111111111114, 30.78277777777778, 31.18277777777777, 30.545277777777773, 29.706388888888892, 31.315833333333337, 31.344999999999988, 30.681388888888893, 30.951944444444443, 31.76972222222221, 32.35166666666667, 30.870833333333337, 30.82416666666667, 31.090277777777786, 31.459166666666672, 30.69416666666666, 30.29916666666667, 31.318055555555556, 28.810833333333335, 28.789166666666663, 28.92916666666666, 30.547777777777778, 30.37222222222222, 30.801666666666662, 31.532500000000002, 31.05000000000001, 31.423055555555564, 30.06000000000001, 31.346944444444446, 31.33750000000001, 31.51722222222222, 31.987777777777776, 31.04916666666668, 30.629999999999995, 30.55972222222222, 30.466666666666672, 30.94972222222223, 28.862777777777776, 28.71611111111112, 30.486666666666665, 29.899722222222223, 30.018888888888885, 30.343888888888884, 30.58694444444444, 31.60111111111111, 31.514444444444436, 32.11388888888889, 30.80194444444444, 30.401388888888885, 31.18777777777778, 29.304722222222217, 29.055, 30.463055555555552, 30.713333333333335, 32.03138888888889, 31.79166666666666, 31.189166666666665, 31.40472222222222, 29.876111111111115, 31.207499999999996]}