{"ID": 136, "Surgery": 0, "Body_Temp": 34.9, "Cancer": 0, "Left_Temps": [30.443611111111117, 29.595555555555556, 30.823611111111113, 31.4138888888889, 30.80805555555556, 31.518888888888892, 32.57444444444444, 31.621666666666677, 32.28055555555556, 32.530555555555544, 31.03027777777777, 31.384166666666665, 31.261666666666663, 31.262222222222217, 31.12805555555556, 30.727222222222224, 30.853888888888896, 31.24555555555556, 31.202222222222222, 31.587222222222213, 30.374166666666675, 30.065555555555548, 30.087222222222213, 29.926111111111116, 30.48194444444444, 31.842777777777783, 30.64944444444445, 30.47916666666667, 29.841666666666665, 30.660833333333333, 31.18444444444444, 29.81222222222222, 30.43472222222222, 30.96972222222223, 31.79527777777778, 32.25000000000001, 32.744444444444454, 31.81138888888889, 32.05472222222222, 32.565555555555555, 32.03027777777778, 31.25999999999999, 30.94972222222223, 30.94138888888889, 31.18472222222222, 31.400555555555563, 31.12944444444444, 30.659444444444446, 30.368333333333332, 30.777499999999993, 30.888888888888882, 31.160833333333333, 30.090833333333325, 31.14166666666667, 28.811666666666667, 30.405277777777776, 29.31972222222223, 30.219444444444434, 30.490000000000002, 31.096666666666668, 32.29861111111112, 32.77666666666667, 32.39111111111111, 31.659166666666675, 32.865277777777784, 31.401944444444446, 31.287777777777787, 31.07861111111111, 31.035555555555554, 31.743333333333332, 32.36527777777778, 31.553611111111113, 30.78194444444445, 29.41055555555556, 29.08083333333333, 29.371666666666663, 30.667499999999993, 30.86138888888889, 31.610833333333332, 31.189444444444455, 32.229166666666664, 31.518888888888892, 31.119444444444436, 31.372222222222213, 31.63694444444444, 31.739999999999995, 29.41027777777778, 29.386944444444445, 30.822499999999998, 31.754722222222224, 30.727222222222217, 31.015000000000004, 30.69138888888889, 32.27222222222222, 30.294444444444437, 31.635000000000005], "Right_Temps": [30.64583333333333, 28.735833333333332, 28.9725, 29.63583333333334, 29.823611111111106, 30.352222222222224, 32.71305555555555, 31.945277777777783, 31.48916666666667, 31.806944444444444, 30.859166666666663, 29.833888888888893, 29.995555555555548, 31.128055555555548, 30.4413888888889, 31.068611111111107, 30.828055555555554, 29.911666666666672, 31.384166666666665, 30.18472222222222, 29.991666666666667, 29.23, 31.149444444444434, 29.82527777777777, 29.66388888888889, 29.96722222222222, 29.87611111111111, 29.583888888888893, 29.940000000000005, 29.962500000000002, 29.44694444444444, 28.381666666666668, 28.356666666666666, 29.321111111111104, 29.72138888888888, 30.89555555555555, 32.207499999999996, 31.10805555555556, 31.722222222222214, 31.514999999999993, 30.505833333333328, 30.233611111111106, 31.23805555555556, 30.46944444444445, 30.40138888888889, 30.79222222222222, 30.07, 30.104166666666668, 30.194722222222214, 29.896944444444443, 29.858611111111113, 30.462222222222213, 30.485, 29.713055555555556, 27.95527777777778, 28.453055555555554, 28.59861111111111, 29.992777777777764, 30.72861111111111, 31.015833333333337, 32.0125, 31.238611111111116, 31.605000000000004, 30.89916666666666, 31.474999999999998, 31.249999999999993, 30.83, 30.292777777777772, 30.53861111111111, 30.628055555555548, 30.503888888888884, 31.257222222222236, 31.932777777777776, 28.608611111111102, 29.61833333333334, 29.980000000000004, 30.346111111111114, 30.611666666666665, 31.324722222222235, 31.598611111111104, 31.427500000000002, 30.345555555555556, 31.20055555555555, 30.50083333333334, 30.19972222222223, 30.54083333333334, 28.74083333333334, 29.23861111111111, 29.348888888888887, 31.525555555555552, 31.491388888888892, 30.79611111111112, 31.850000000000005, 31.434999999999988, 30.145833333333332, 31.15555555555556]}