{"ID": 137, "Surgery": 0, "Body_Temp": 34.9, "Cancer": 0, "Left_Temps": [30.140555555555554, 28.547777777777778, 28.593333333333337, 29.014722222222222, 29.604999999999993, 29.72888888888889, 29.661944444444444, 29.88111111111111, 30.04222222222223, 30.011388888888884, 29.59388888888889, 29.760833333333323, 29.72861111111111, 30.81888888888888, 30.869999999999997, 30.889722222222222, 30.485277777777778, 29.898611111111116, 29.53277777777778, 29.202777777777776, 28.86, 28.663333333333338, 29.022222222222226, 29.169999999999998, 29.02388888888889, 28.742499999999993, 28.95527777777778, 29.068333333333335, 27.5861111111111, 27.69694444444444, 28.401666666666664, 27.918333333333326, 28.18972222222222, 28.649722222222223, 29.361666666666665, 29.63138888888889, 29.723888888888887, 29.904166666666658, 29.506111111111107, 29.57805555555556, 29.45166666666667, 29.37944444444444, 30.508888888888887, 30.54472222222222, 30.127500000000005, 29.87138888888889, 29.605833333333333, 29.444999999999993, 29.271944444444443, 29.36666666666666, 29.368333333333332, 29.155000000000012, 29.051944444444455, 27.731944444444437, 27.74361111111111, 27.723611111111115, 28.102777777777774, 28.520277777777785, 28.964444444444453, 29.489722222222227, 30.19861111111112, 29.672777777777778, 29.27277777777777, 29.26027777777778, 29.16944444444444, 30.368333333333325, 30.216666666666654, 29.918333333333326, 29.68305555555556, 29.532499999999995, 29.26805555555556, 28.977777777777778, 27.64277777777778, 28.03111111111111, 28.093611111111116, 28.389166666666664, 28.819444444444443, 29.367499999999993, 30.25194444444443, 29.387499999999996, 29.174999999999997, 29.08805555555557, 30.147777777777776, 29.956666666666667, 29.537777777777777, 28.17888888888889, 28.046111111111117, 28.31722222222222, 28.764999999999993, 29.478611111111118, 29.56749999999999, 29.221666666666668, 29.21888888888888, 28.741111111111113, 28.522222222222208, 29.30083333333333], "Right_Temps": [27.71166666666666, 27.601111111111113, 28.26583333333333, 29.119166666666665, 28.908333333333335, 28.918333333333333, 28.944444444444443, 29.99888888888889, 29.68055555555556, 29.759166666666676, 29.668611111111108, 29.567222222222213, 30.515277777777776, 30.501111111111097, 30.4525, 30.357222222222227, 30.266388888888894, 29.723333333333333, 29.523055555555548, 29.661111111111104, 29.889999999999993, 29.616111111111113, 29.206388888888885, 28.48583333333333, 28.355555555555565, 28.28472222222222, 28.531666666666663, 28.887500000000003, 27.402777777777786, 27.142777777777773, 27.290277777777774, 27.476111111111116, 28.016944444444444, 28.881666666666675, 28.83000000000001, 28.85694444444444, 29.054444444444446, 29.67055555555556, 29.47194444444445, 29.822499999999998, 29.48666666666667, 30.498055555555556, 30.39444444444444, 30.36472222222222, 30.010833333333338, 29.78972222222223, 29.87166666666667, 30.056666666666658, 29.8361111111111, 29.570833333333333, 28.826944444444443, 28.68638888888889, 28.765833333333333, 28.58694444444444, 27.853888888888893, 27.5486111111111, 27.990555555555563, 28.548333333333332, 28.723333333333333, 28.905277777777776, 29.05416666666666, 29.242499999999993, 29.288888888888884, 30.256666666666675, 30.259166666666665, 30.159166666666668, 29.99361111111111, 29.944166666666668, 30.088055555555552, 30.012499999999996, 29.773888888888887, 29.159444444444446, 28.784444444444446, 27.635555555555555, 28.105277777777772, 28.493055555555557, 28.762777777777778, 29.043888888888887, 29.196666666666665, 29.243055555555557, 30.11527777777778, 30.07333333333333, 29.973888888888887, 30.098333333333326, 30.133888888888894, 29.783333333333335, 29.327222222222222, 28.161111111111108, 28.71222222222223, 29.095000000000002, 29.139166666666668, 30.080555555555563, 30.091944444444444, 30.092500000000012, 29.695555555555547, 30.076944444444443]}