{"ID": 138, "Surgery": 0, "Body_Temp": 33.5, "Cancer": 1, "Left_Temps": [29.428888888888892, 28.494999999999997, 27.695277777777783, 27.65555555555555, 28.04222222222223, 28.541666666666668, 28.66722222222222, 28.96694444444445, 29.636111111111113, 29.677499999999995, 29.682222222222233, 30.06555555555555, 30.564444444444444, 30.535277777777765, 30.520277777777785, 30.626388888888876, 30.11416666666667, 30.153333333333332, 29.326944444444443, 28.99555555555556, 28.20083333333333, 27.928611111111106, 28.115555555555556, 28.292222222222225, 28.679722222222225, 29.73916666666667, 31.80944444444445, 30.72583333333333, 29.40305555555556, 29.34972222222222, 29.376944444444437, 28.19583333333334, 27.603888888888882, 27.560833333333335, 27.68805555555555, 28.085277777777776, 28.411388888888887, 29.22805555555555, 29.98444444444444, 30.090833333333332, 29.73722222222223, 29.75, 29.81666666666667, 29.904166666666672, 30.51388888888889, 29.64249999999999, 29.05749999999999, 28.37083333333333, 28.022222222222222, 28.042500000000004, 28.068333333333335, 28.258055555555558, 29.067777777777767, 28.48777777777777, 28.084722222222236, 28.00333333333333, 27.429166666666674, 27.591388888888893, 27.848611111111115, 27.98722222222222, 28.48888888888888, 29.59416666666667, 30.31611111111111, 30.29222222222222, 30.429166666666674, 30.609999999999996, 30.200277777777785, 29.186666666666667, 28.475833333333338, 28.098333333333336, 28.09694444444445, 27.9475, 27.984722222222217, 27.838888888888885, 27.43111111111111, 27.62777777777778, 28.06111111111111, 28.13194444444444, 28.83583333333333, 29.66111111111111, 30.50972222222222, 30.49888888888889, 29.32916666666667, 28.610833333333332, 28.195555555555554, 28.35333333333333, 28.110833333333332, 27.589166666666657, 28.111111111111107, 28.322777777777773, 28.847500000000007, 29.52388888888888, 28.754722222222224, 28.37361111111111, 27.736388888888886, 28.55000000000001], "Right_Temps": [30.93777777777778, 29.814722222222226, 29.086388888888887, 28.90666666666667, 29.071111111111115, 29.86777777777778, 29.819444444444432, 30.16638888888889, 30.686666666666675, 30.487777777777783, 30.11, 29.63694444444444, 29.533611111111114, 30.004444444444445, 30.114722222222227, 30.116388888888885, 30.611944444444443, 31.24027777777778, 29.966944444444437, 29.436944444444446, 28.987500000000004, 28.782222222222217, 28.67749999999999, 29.10138888888889, 30.631388888888896, 32.26638888888888, 32.719166666666666, 32.79666666666667, 32.48361111111112, 31.42749999999999, 31.102777777777767, 29.623611111111114, 28.793888888888887, 28.517500000000002, 28.52166666666666, 29.31166666666666, 29.490277777777774, 29.727500000000003, 30.36777777777777, 30.36388888888888, 30.57805555555556, 30.665000000000003, 30.547222222222224, 30.571944444444448, 31.293333333333337, 30.02388888888889, 29.33277777777777, 28.863888888888887, 28.59888888888888, 28.22861111111111, 28.74055555555556, 30.119444444444444, 31.567777777777774, 30.58305555555555, 30.23944444444444, 29.678611111111113, 28.659166666666675, 28.303333333333335, 28.478055555555564, 28.971111111111114, 29.285555555555547, 29.724722222222233, 30.28527777777778, 31.328333333333333, 31.508611111111108, 31.341666666666665, 30.28750000000001, 29.73166666666666, 28.90277777777778, 28.339444444444446, 28.118888888888897, 28.615277777777774, 29.744166666666665, 29.03111111111111, 28.91333333333333, 28.159444444444443, 28.661666666666665, 29.160555555555554, 29.21916666666667, 29.76361111111111, 30.643888888888885, 30.397222222222222, 30.026111111111106, 29.33277777777777, 28.556944444444444, 28.548888888888897, 28.611666666666665, 28.326666666666668, 28.47638888888889, 29.154444444444444, 29.52194444444445, 30.212777777777774, 29.73555555555555, 29.858888888888885, 28.989999999999995, 28.022499999999997]}