{"ID": 143, "Surgery": 0, "Body_Temp": 35.2, "Cancer": 0, "Left_Temps": [29.346944444444446, 28.12916666666667, 27.76861111111111, 27.693611111111125, 28.13861111111111, 28.669166666666666, 30.723611111111122, 31.105277777777776, 31.961388888888887, 31.179166666666667, 30.643333333333334, 30.725000000000005, 30.539999999999996, 30.516388888888887, 30.81694444444444, 31.185277777777774, 33.090555555555554, 31.189722222222226, 30.89277777777778, 29.887499999999996, 29.786388888888894, 28.941944444444445, 29.10333333333334, 29.423055555555564, 29.65277777777778, 29.39111111111111, 29.24972222222222, 29.498888888888896, 29.6875, 28.879999999999995, 28.96472222222222, 27.96083333333333, 27.81222222222222, 28.047777777777767, 28.36416666666667, 29.789444444444445, 31.68361111111111, 30.296944444444446, 32.41111111111112, 31.752777777777776, 30.96777777777777, 30.509722222222226, 30.909166666666668, 31.951944444444443, 31.42000000000001, 31.450277777777778, 29.948888888888884, 29.848055555555547, 29.79166666666666, 29.825555555555557, 30.112222222222215, 30.23166666666666, 29.832222222222224, 29.678611111111106, 29.56694444444444, 28.979444444444443, 28.470000000000002, 28.878888888888884, 29.739444444444455, 30.95888888888889, 29.738055555555547, 30.031666666666656, 31.39527777777778, 32.22555555555556, 32.41527777777778, 31.858055555555552, 31.005277777777785, 30.405833333333337, 30.2225, 30.300277777777783, 29.4436111111111, 30.691111111111113, 30.83611111111111, 30.137222222222217, 29.665833333333335, 29.058611111111116, 28.998611111111114, 29.203611111111115, 29.71416666666666, 29.86111111111111, 31.89166666666667, 31.76944444444444, 31.026666666666667, 30.74972222222222, 30.26138888888889, 28.28277777777778, 30.456666666666663, 29.84277777777777, 29.401944444444446, 29.6425, 30.062222222222218, 30.305555555555557, 30.111944444444436, 29.58722222222222, 30.247500000000002, 30.203611111111123], "Right_Temps": [29.37777777777778, 28.41805555555556, 28.28416666666666, 28.86055555555555, 30.97361111111111, 30.12972222222223, 29.570555555555554, 31.10916666666668, 30.709722222222215, 31.009166666666665, 29.813611111111115, 30.724444444444444, 31.11166666666666, 30.762222222222217, 30.625, 30.673888888888897, 31.733611111111106, 32.26694444444444, 30.11027777777777, 30.881388888888882, 29.23277777777778, 28.8925, 29.542777777777776, 30.37777777777778, 30.537500000000005, 30.886388888888877, 30.45861111111111, 29.89222222222222, 29.509722222222226, 28.529166666666665, 28.308333333333326, 28.096388888888896, 28.345833333333328, 30.184999999999995, 29.26166666666667, 29.211944444444455, 29.44694444444444, 30.885277777777773, 30.673333333333332, 30.053611111111113, 30.632777777777783, 30.904166666666665, 30.759444444444448, 31.62250000000001, 32.08861111111111, 30.301666666666662, 29.940833333333337, 29.462500000000002, 29.20805555555555, 30.419166666666666, 31.353333333333335, 31.341666666666665, 31.240000000000002, 30.557222222222222, 29.0388888888889, 28.977777777777778, 28.554722222222228, 29.47138888888889, 29.21111111111111, 28.947499999999998, 30.620277777777783, 31.28305555555555, 30.52444444444445, 30.55111111111111, 30.239999999999995, 30.456666666666663, 31.51777777777778, 30.23000000000001, 30.00027777777777, 30.203333333333333, 30.7775, 29.01694444444444, 30.91666666666667, 29.245277777777776, 28.361111111111114, 28.85805555555556, 30.219722222222217, 30.78833333333333, 31.016944444444448, 30.75611111111111, 31.345833333333328, 30.763333333333335, 31.219999999999988, 30.57416666666667, 30.972500000000007, 31.005833333333335, 29.415277777777778, 28.96194444444445, 29.471666666666668, 30.896944444444436, 31.405833333333337, 31.386666666666663, 31.57027777777779, 31.048333333333332, 29.901666666666674, 31.217500000000005]}