{"ID": 145, "Surgery": 0, "Body_Temp": 34.7, "Cancer": 0, "Left_Temps": [30.219722222222213, 28.406944444444452, 28.288333333333334, 29.567222222222224, 30.48611111111111, 29.50444444444444, 29.446388888888894, 29.644166666666663, 29.51805555555556, 29.31611111111111, 29.70111111111111, 30.05972222222222, 30.78750000000001, 32.54916666666666, 32.85277777777779, 32.9725, 32.80277777777777, 32.24249999999999, 32.2513888888889, 30.834166666666665, 30.206666666666667, 30.0075, 29.833333333333332, 29.398333333333326, 29.656111111111116, 30.448055555555552, 31.466666666666665, 31.343055555555548, 30.941666666666663, 29.734166666666663, 30.096666666666668, 28.35583333333333, 27.892499999999995, 29.141388888888894, 29.58194444444444, 29.407222222222224, 29.365555555555563, 29.911111111111115, 29.65027777777778, 29.917500000000004, 30.257499999999993, 31.544722222222234, 32.54583333333333, 32.61166666666667, 32.23083333333334, 32.15583333333333, 31.77055555555555, 30.22666666666667, 29.967500000000005, 29.73611111111111, 29.759444444444437, 30.293611111111108, 30.321111111111104, 29.891944444444455, 28.039999999999996, 28.08638888888889, 27.823055555555555, 28.36055555555555, 30.683888888888887, 29.057500000000005, 29.14833333333333, 29.67583333333333, 30.276111111111106, 30.484166666666663, 32.42222222222222, 32.64027777777777, 31.97861111111111, 31.873611111111114, 30.55777777777777, 30.023055555555555, 30.761944444444445, 30.996111111111116, 31.067222222222224, 28.293888888888894, 27.777222222222218, 28.06, 29.753611111111113, 29.262222222222224, 29.386666666666663, 29.682500000000005, 31.27333333333333, 31.893333333333334, 31.908055555555556, 31.363333333333337, 30.61055555555555, 28.991111111111113, 29.757777777777775, 28.707499999999996, 29.08916666666666, 29.54694444444444, 29.289722222222217, 30.215, 29.421388888888885, 30.749166666666675, 29.460277777777783, 29.49777777777778], "Right_Temps": [30.350000000000005, 28.702777777777776, 28.848888888888876, 28.79583333333333, 28.63472222222222, 29.08916666666666, 29.07972222222222, 29.597500000000007, 29.977777777777785, 29.890833333333333, 32.12750000000001, 32.01166666666667, 31.969444444444452, 31.92416666666667, 31.829166666666666, 31.72305555555556, 31.512222222222217, 30.29388888888888, 29.19694444444444, 28.98916666666667, 28.71555555555556, 28.509722222222226, 28.594166666666677, 29.08611111111111, 29.346111111111114, 29.991388888888896, 34.073333333333345, 32.58944444444444, 28.890555555555554, 29.348333333333333, 29.846111111111117, 28.352500000000003, 28.38083333333334, 28.545, 28.66111111111111, 28.675833333333337, 29.03611111111111, 29.16, 29.455000000000002, 32.01777777777778, 32.18666666666667, 31.872500000000002, 31.77861111111112, 31.67861111111112, 30.563055555555554, 29.403611111111104, 29.248611111111114, 28.910277777777782, 28.717222222222226, 28.90527777777777, 29.741388888888892, 29.43638888888889, 29.72861111111111, 29.463333333333324, 28.01277777777778, 28.124999999999993, 28.086111111111116, 28.80027777777777, 28.814722222222226, 28.509722222222212, 28.964722222222218, 28.89361111111112, 30.331388888888885, 32.198055555555555, 31.58972222222223, 30.914999999999996, 29.701666666666668, 29.52805555555555, 29.228888888888903, 29.10472222222223, 29.59694444444445, 30.216388888888886, 29.509444444444448, 28.36361111111111, 27.929444444444428, 28.403333333333332, 28.61527777777778, 28.465833333333325, 28.776388888888885, 30.28611111111111, 30.109166666666667, 29.88666666666667, 29.868055555555557, 29.94305555555555, 29.694999999999993, 29.980833333333333, 28.732222222222227, 28.873333333333335, 29.037499999999998, 28.46583333333334, 28.77861111111112, 30.27861111111111, 30.040833333333335, 30.2325, 28.765833333333344, 28.382222222222214]}