{"ID": 146, "Surgery": 1, "Body_Temp": 35.0, "Cancer": 0, "Left_Temps": [30.50388888888889, 29.656388888888884, 29.640277777777776, 29.829444444444448, 30.32305555555556, 31.05555555555555, 31.012499999999996, 30.209166666666665, 30.036111111111115, 30.22638888888889, 30.25499999999999, 30.345000000000002, 31.318611111111117, 31.09527777777778, 31.169444444444448, 31.596666666666668, 31.69972222222223, 31.353055555555557, 31.93, 31.650833333333335, 30.66305555555556, 31.169722222222234, 31.05361111111112, 30.099444444444448, 29.587222222222223, 29.23666666666668, 29.430277777777764, 29.37916666666667, 29.42722222222222, 29.733611111111106, 30.07472222222223, 29.488888888888894, 29.528888888888883, 30.054722222222228, 31.158611111111117, 31.679722222222217, 30.844166666666677, 30.059166666666663, 29.863611111111116, 30.078333333333333, 30.495555555555555, 31.775277777777767, 31.599166666666665, 31.657777777777774, 31.735555555555564, 31.599166666666665, 31.098611111111115, 30.529166666666665, 30.786944444444448, 29.61999999999999, 29.33583333333333, 29.343611111111116, 29.119166666666672, 29.773888888888898, 31.03638888888888, 29.293611111111108, 29.092777777777776, 29.19833333333333, 30.574722222222224, 32.33888888888888, 31.0288888888889, 30.63111111111111, 30.374444444444457, 30.164444444444452, 31.294444444444448, 31.507499999999993, 31.638055555555557, 31.13694444444444, 30.285833333333333, 29.660000000000007, 29.61361111111111, 29.894166666666663, 29.46611111111112, 30.501388888888894, 29.9611111111111, 29.432499999999987, 30.761111111111113, 31.100833333333323, 30.28444444444444, 30.116388888888892, 30.245833333333337, 31.351111111111113, 31.238333333333337, 30.525833333333335, 30.352777777777774, 30.743611111111118, 30.304722222222217, 30.479444444444443, 30.695, 32.17805555555556, 31.084166666666672, 30.220000000000002, 29.778333333333325, 29.539166666666663, 30.17, 29.870000000000005], "Right_Temps": [30.02833333333334, 30.475555555555573, 31.077777777777783, 30.598055555555554, 30.853055555555557, 30.617222222222217, 30.240277777777774, 30.03305555555555, 30.977500000000006, 29.586111111111094, 30.121666666666663, 31.490277777777788, 31.120833333333337, 30.733055555555566, 30.481944444444448, 30.522499999999994, 30.348333333333326, 30.964166666666667, 30.12944444444444, 29.769722222222224, 29.852777777777774, 29.996666666666677, 30.182500000000005, 29.323611111111113, 29.119444444444436, 29.530833333333323, 31.087499999999995, 30.191944444444445, 30.190833333333345, 30.217499999999998, 29.468888888888905, 31.060833333333335, 32.41277777777777, 31.52388888888889, 30.70416666666666, 31.61472222222222, 31.488611111111116, 30.48, 30.409444444444446, 29.891388888888887, 31.34722222222222, 31.18361111111112, 31.12055555555556, 30.602777777777778, 30.870833333333337, 30.311666666666667, 29.89916666666667, 29.598888888888887, 29.799444444444458, 29.947222222222226, 29.289444444444445, 29.189444444444447, 29.983333333333334, 29.627777777777787, 30.470000000000002, 30.647499999999997, 32.67194444444444, 30.832222222222217, 30.608055555555552, 30.829722222222212, 30.357222222222227, 30.293611111111108, 29.985277777777778, 31.10416666666667, 31.02055555555556, 30.917222222222215, 30.927500000000002, 30.465555555555568, 30.66611111111111, 29.791388888888896, 29.68722222222223, 29.92055555555556, 30.55888888888889, 30.973333333333326, 30.162500000000005, 32.147499999999994, 29.880555555555556, 29.820277777777775, 30.20138888888889, 29.366111111111113, 31.160833333333333, 31.621944444444434, 30.845833333333328, 31.724166666666672, 31.30944444444445, 31.080555555555552, 30.835555555555555, 31.171111111111113, 30.71527777777779, 30.819722222222214, 29.58694444444444, 30.51388888888889, 31.27, 31.634166666666665, 30.443055555555564, 30.19833333333333]}