{"ID": 147, "Surgery": 0, "Body_Temp": 35.5, "Cancer": 0, "Left_Temps": [30.220555555555563, 29.684999999999995, 29.244999999999997, 30.328888888888894, 30.272777777777776, 31.296666666666674, 32.35111111111111, 30.53138888888889, 29.66694444444444, 29.3986111111111, 29.062499999999993, 29.80694444444445, 31.264444444444436, 31.45888888888889, 31.5625, 31.296388888888877, 31.168611111111115, 32.05361111111112, 30.8475, 29.890555555555554, 29.21527777777777, 29.251388888888894, 29.009166666666665, 29.378055555555548, 30.278333333333325, 29.98916666666666, 29.81944444444444, 28.303333333333335, 27.917777777777783, 28.49361111111111, 30.71277777777778, 29.61555555555556, 28.84055555555555, 28.87277777777778, 30.561111111111114, 30.505277777777767, 30.387222222222224, 30.109166666666663, 29.914166666666663, 29.09861111111111, 29.14333333333333, 30.831111111111113, 30.95944444444445, 31.36777777777778, 31.037222222222226, 30.84694444444444, 29.856111111111108, 29.28111111111111, 29.288888888888884, 30.009722222222226, 29.924166666666665, 29.410555555555554, 28.708888888888882, 27.750833333333325, 27.819166666666664, 28.746388888888887, 28.45833333333334, 28.762500000000003, 30.99888888888889, 29.453611111111115, 29.619166666666665, 29.53527777777778, 29.108333333333334, 28.879999999999995, 30.42388888888889, 30.404444444444444, 30.14166666666667, 29.90916666666666, 29.345000000000002, 29.692499999999995, 29.778333333333332, 28.376111111111115, 28.39333333333333, 28.178055555555556, 28.376388888888883, 28.495555555555566, 29.8863888888889, 29.271388888888882, 29.41472222222223, 28.820277777777772, 28.755555555555556, 29.995000000000005, 30.265, 29.299722222222222, 29.672777777777778, 28.491944444444446, 28.039166666666667, 29.064999999999998, 29.085555555555548, 29.27444444444444, 28.84444444444445, 28.51166666666667, 28.031666666666663, 28.326111111111107, 28.327499999999997, 28.663888888888884], "Right_Temps": [30.953611111111115, 29.567222222222224, 29.02861111111112, 28.437777777777782, 28.897777777777776, 30.096944444444446, 29.805277777777786, 29.87888888888889, 29.605833333333344, 29.33333333333334, 29.869722222222215, 30.439444444444437, 31.19083333333333, 31.639999999999993, 31.743888888888893, 31.070000000000007, 30.780277777777783, 30.536666666666676, 29.87611111111111, 29.64194444444444, 30.218333333333344, 29.55444444444444, 29.510000000000005, 29.380833333333328, 29.334444444444443, 29.64305555555556, 30.10027777777778, 28.71555555555555, 28.814166666666658, 28.74777777777778, 30.130833333333335, 28.70777777777778, 28.12944444444445, 28.1425, 28.60416666666667, 29.552500000000002, 29.533055555555556, 29.751388888888894, 29.298888888888897, 29.325000000000006, 30.19027777777777, 31.061388888888885, 30.799166666666654, 31.207222222222224, 30.362499999999997, 30.148888888888887, 30.30833333333333, 30.276666666666667, 29.74611111111112, 29.640833333333333, 29.50055555555556, 29.23694444444445, 29.07694444444445, 27.98388888888889, 28.074444444444456, 28.19, 27.781111111111112, 27.927222222222223, 28.446111111111108, 29.63166666666668, 29.09999999999999, 29.515555555555547, 29.227777777777785, 29.691111111111113, 30.70777777777777, 30.738333333333326, 30.4225, 30.03472222222222, 29.804722222222217, 29.948611111111113, 29.73666666666667, 28.1988888888889, 27.947777777777777, 27.723333333333333, 28.405, 27.841111111111104, 28.60416666666668, 30.402222222222218, 28.675277777777776, 29.93777777777778, 29.05833333333333, 30.04888888888889, 29.79138888888889, 29.632222222222214, 29.55611111111111, 28.352777777777774, 27.907500000000006, 27.932222222222222, 28.225833333333338, 28.623333333333328, 29.077777777777783, 28.8925, 28.69361111111111, 28.412222222222223, 28.01944444444444, 28.30972222222222]}