{"ID": 148, "Surgery": 0, "Body_Temp": 36.3, "Cancer": 0, "Left_Temps": [30.63972222222223, 30.76972222222221, 31.41249999999999, 31.5786111111111, 32.25222222222223, 32.585555555555544, 32.89750000000001, 32.721388888888875, 31.997222222222224, 31.18138888888889, 30.631388888888896, 31.866111111111113, 31.536944444444448, 32.66805555555554, 33.064722222222215, 33.53388888888888, 33.61638888888889, 32.49666666666666, 32.27972222222222, 32.436388888888885, 32.57083333333333, 31.535833333333326, 31.177777777777788, 31.08527777777777, 31.3825, 31.42194444444444, 33.7825, 31.745833333333337, 31.864999999999995, 31.495833333333323, 30.337777777777774, 30.866111111111113, 31.85638888888888, 31.614999999999995, 31.301944444444448, 32.68916666666667, 33.552499999999995, 32.43305555555556, 32.44083333333334, 31.456388888888885, 31.38972222222223, 31.023055555555555, 32.93111111111111, 33.03333333333333, 32.771666666666675, 32.688611111111115, 32.88111111111112, 34.25944444444444, 32.55444444444444, 33.058611111111105, 32.319166666666675, 32.14888888888889, 32.295, 32.476388888888884, 32.111111111111114, 30.36416666666666, 31.502499999999998, 31.428611111111106, 32.70777777777778, 32.83166666666666, 32.65222222222223, 32.705555555555556, 32.46972222222222, 32.21666666666667, 31.748333333333328, 33.28722222222221, 34.103333333333325, 33.56722222222221, 33.68111111111111, 34.05694444444445, 33.90833333333333, 33.30027777777778, 32.920555555555566, 32.40305555555556, 30.309999999999995, 30.953333333333326, 32.09305555555555, 33.039722222222224, 33.92083333333334, 32.94694444444443, 32.79166666666666, 33.86277777777778, 33.565, 33.55361111111112, 34.22972222222222, 32.413888888888884, 33.29972222222222, 30.85194444444444, 31.85527777777779, 33.22083333333333, 32.86166666666667, 33.8575, 33.011666666666656, 32.8513888888889, 32.53388888888889, 33.150555555555556], "Right_Temps": [31.243888888888883, 28.840277777777786, 29.414166666666663, 29.93194444444445, 30.311944444444446, 31.749722222222218, 32.54444444444444, 31.31138888888889, 31.31222222222222, 31.03444444444444, 30.891388888888894, 32.91638888888889, 32.77611111111112, 32.375000000000014, 32.511111111111106, 32.40111111111111, 32.26833333333334, 31.743055555555557, 32.02055555555555, 31.198333333333338, 30.723333333333333, 30.279166666666672, 30.64638888888889, 30.727777777777778, 30.293055555555554, 30.652500000000007, 33.01138888888889, 31.957500000000007, 30.389722222222222, 29.123611111111114, 29.696388888888894, 27.922222222222217, 27.979722222222215, 28.53777777777778, 29.138055555555557, 30.967777777777776, 32.61666666666666, 31.05638888888889, 31.318333333333335, 31.21111111111111, 32.220277777777774, 32.24194444444445, 32.409166666666664, 32.126666666666665, 31.926111111111123, 31.77638888888889, 31.44777777777778, 31.69861111111112, 31.114166666666662, 32.08611111111112, 31.915555555555564, 31.46527777777778, 31.36472222222222, 31.19027777777778, 28.919722222222227, 27.96111111111112, 27.77361111111112, 28.026666666666664, 28.501111111111104, 29.94694444444444, 31.183333333333337, 30.677499999999995, 31.18361111111111, 33.11333333333332, 32.67916666666667, 32.25972222222222, 31.93805555555556, 31.938333333333325, 32.2736111111111, 32.57222222222222, 32.709722222222226, 32.50583333333333, 31.3575, 29.463055555555563, 28.13388888888889, 28.293611111111108, 28.676388888888887, 29.336666666666662, 31.115833333333327, 30.586944444444455, 32.19888888888888, 32.48166666666667, 32.14861111111111, 32.93861111111111, 32.799444444444454, 33.09638888888889, 29.856944444444448, 29.491666666666667, 29.670277777777773, 30.03500000000001, 31.856666666666666, 32.11833333333333, 33.260555555555555, 31.810833333333335, 31.154166666666665, 31.29722222222223]}