{"ID": 149, "Surgery": 0, "Body_Temp": 35.5, "Cancer": 0, "Left_Temps": [32.434999999999995, 30.245555555555573, 29.29055555555555, 29.241111111111113, 29.88194444444444, 30.285555555555547, 30.40666666666667, 31.320833333333333, 31.83666666666667, 31.300555555555555, 31.100833333333338, 30.62583333333334, 31.224444444444448, 31.396111111111118, 31.606944444444437, 31.633888888888887, 31.42777777777778, 31.030833333333323, 30.697500000000005, 30.043888888888894, 29.001944444444444, 28.73388888888889, 28.235555555555568, 28.580277777777773, 29.28194444444444, 30.277777777777786, 33.575, 30.472500000000007, 30.89055555555556, 30.774722222222223, 31.67194444444444, 30.13138888888889, 29.120555555555555, 28.942500000000003, 29.496111111111116, 30.21916666666667, 30.59194444444445, 31.035555555555554, 31.638888888888896, 30.872499999999995, 30.714444444444453, 31.35555555555556, 31.551666666666677, 31.79444444444444, 31.76749999999999, 30.99555555555556, 30.69916666666667, 28.98388888888889, 28.348333333333336, 28.52027777777778, 28.852499999999996, 29.123611111111117, 30.793611111111108, 30.160555555555554, 29.268888888888892, 29.196388888888894, 28.83638888888889, 28.803611111111113, 29.379444444444445, 29.953888888888894, 30.404166666666658, 30.69361111111111, 31.24972222222222, 30.910555555555554, 31.67416666666667, 31.81972222222222, 30.924999999999997, 30.313333333333333, 29.319444444444443, 28.588055555555556, 29.248333333333335, 29.024166666666662, 29.232777777777788, 28.716388888888886, 28.529166666666672, 28.6088888888889, 29.48055555555554, 29.968888888888884, 30.41333333333334, 30.351388888888877, 30.881388888888882, 30.805833333333325, 30.175555555555547, 29.647500000000004, 29.339166666666667, 28.5175, 29.005555555555556, 29.02388888888889, 29.38222222222223, 29.998611111111117, 30.390277777777776, 29.924444444444433, 29.720555555555546, 29.762222222222224, 29.352500000000006, 30.04805555555555], "Right_Temps": [31.00277777777778, 29.183055555555548, 28.7575, 29.074722222222224, 29.49166666666666, 29.48805555555556, 29.654444444444444, 30.135555555555552, 30.059999999999995, 30.53055555555555, 30.310555555555553, 29.698611111111113, 29.519444444444446, 30.488055555555547, 31.04111111111111, 31.576388888888882, 31.79583333333333, 31.711388888888887, 31.224722222222226, 30.540833333333328, 29.445, 28.811666666666667, 28.175277777777787, 28.14388888888889, 28.51361111111111, 28.640277777777776, 28.76083333333333, 28.90305555555555, 29.432222222222226, 31.19055555555555, 30.2925, 28.72972222222222, 28.22500000000001, 28.596388888888896, 29.30888888888889, 29.599722222222226, 30.210277777777783, 30.094722222222224, 29.761944444444445, 29.75833333333334, 29.494166666666672, 30.474444444444444, 31.272222222222208, 31.594166666666656, 31.43444444444445, 31.93027777777777, 30.828333333333337, 29.53527777777779, 28.399166666666666, 28.10222222222222, 28.56694444444444, 28.66888888888888, 28.662777777777787, 28.75638888888889, 28.87944444444444, 28.456111111111113, 28.222222222222214, 28.419444444444437, 29.20888888888889, 29.880277777777774, 30.646111111111104, 30.06861111111111, 29.581666666666674, 29.435833333333335, 30.488333333333337, 30.91944444444444, 30.87416666666666, 30.607222222222227, 29.56972222222223, 28.451666666666668, 28.5161111111111, 28.79499999999999, 28.50638888888889, 28.790277777777778, 27.808888888888887, 28.28333333333333, 29.066666666666677, 29.79444444444444, 30.759166666666665, 30.065277777777776, 29.61361111111111, 30.553888888888878, 30.514722222222215, 30.063333333333333, 28.818333333333335, 29.012499999999996, 27.4325, 28.46111111111111, 28.911666666666658, 29.748611111111114, 30.613333333333326, 29.64111111111111, 30.682777777777776, 29.433611111111116, 28.724999999999998, 29.33638888888889]}