{"ID": 150, "Surgery": 0, "Body_Temp": 36.1, "Cancer": 0, "Left_Temps": [32.74027777777778, 28.806666666666672, 28.42694444444444, 29.21555555555556, 29.186944444444446, 31.229166666666668, 30.7975, 30.84388888888889, 30.80583333333334, 31.04444444444444, 32.1613888888889, 32.88027777777778, 32.834999999999994, 33.04694444444445, 33.08916666666667, 33.03138888888889, 32.265, 31.703333333333337, 32.028333333333336, 30.02527777777778, 29.29222222222222, 29.557222222222226, 29.507777777777775, 29.52333333333333, 29.592500000000012, 29.46194444444444, 29.642777777777773, 29.804444444444446, 30.073611111111113, 29.87111111111111, 31.911111111111115, 29.46416666666666, 28.668055555555554, 28.53916666666667, 28.88749999999999, 30.536111111111115, 30.950000000000006, 30.37944444444444, 30.79749999999999, 31.950000000000014, 32.12888888888889, 32.01305555555555, 32.13638888888889, 32.10083333333334, 31.650000000000002, 32.22444444444446, 30.122777777777785, 29.477777777777778, 29.834444444444443, 29.372777777777774, 29.732222222222227, 29.509999999999998, 29.464444444444446, 29.494722222222222, 28.63805555555555, 29.133055555555547, 29.689722222222215, 29.451944444444443, 29.63805555555555, 30.494166666666658, 30.947499999999998, 30.16222222222222, 32.12472222222221, 31.81555555555556, 31.650277777777774, 31.550555555555555, 31.72555555555556, 30.83388888888889, 30.16666666666666, 29.70888888888889, 29.597222222222214, 29.915277777777778, 29.44583333333334, 28.540833333333335, 28.16138888888889, 28.619722222222233, 29.806944444444444, 29.862222222222222, 30.33305555555556, 31.1425, 31.801666666666662, 31.676666666666662, 30.91111111111111, 30.97361111111111, 30.22138888888889, 29.818333333333335, 28.610555555555557, 28.463055555555556, 29.066388888888884, 29.65694444444444, 29.915000000000003, 31.02722222222222, 30.383611111111108, 30.790833333333328, 28.803888888888885, 29.334166666666672], "Right_Temps": [32.79027777777778, 30.182222222222226, 29.333611111111118, 30.97666666666667, 31.641388888888887, 31.41694444444444, 31.16444444444444, 30.583611111111104, 30.320277777777783, 32.46111111111112, 33.10527777777778, 33.96000000000001, 34.01027777777779, 33.889444444444436, 33.7275, 33.174166666666665, 32.39388888888889, 32.83111111111112, 32.33027777777778, 30.519166666666663, 29.300555555555555, 28.403888888888886, 29.17916666666666, 29.871388888888898, 29.89305555555556, 30.626944444444437, 31.950277777777778, 31.79583333333333, 31.679444444444453, 30.674722222222222, 31.92583333333333, 28.872500000000002, 29.67611111111111, 31.465555555555554, 31.43416666666667, 31.03444444444445, 30.94027777777778, 30.4536111111111, 30.453055555555554, 32.56972222222222, 32.92972222222222, 32.90305555555556, 32.75500000000001, 32.59333333333333, 32.965277777777786, 32.31444444444444, 30.814444444444447, 29.52527777777778, 28.320555555555547, 29.300000000000004, 29.827777777777776, 30.01305555555555, 30.536666666666658, 30.31944444444445, 29.532499999999995, 28.603333333333335, 28.424444444444447, 30.499166666666667, 30.388611111111118, 30.73638888888889, 31.143055555555545, 30.10666666666667, 31.93, 32.65305555555556, 32.72972222222223, 32.94972222222222, 32.382222222222225, 31.17, 29.647499999999997, 28.606666666666666, 29.00416666666667, 29.637777777777778, 29.82611111111111, 28.72972222222222, 28.48055555555556, 28.637222222222224, 29.386111111111113, 29.318333333333328, 29.314166666666658, 31.437777777777782, 32.093611111111116, 32.269999999999996, 31.49361111111111, 29.986111111111125, 29.019722222222224, 29.018888888888885, 28.27166666666666, 28.4175, 28.694166666666675, 28.675555555555555, 30.258055555555554, 31.36305555555556, 30.110833333333332, 29.433611111111116, 28.788888888888884, 29.667499999999993]}