{"ID": 151, "Surgery": 0, "Body_Temp": 35.6, "Cancer": 0, "Left_Temps": [31.52666666666666, 30.867222222222225, 30.32916666666667, 29.950555555555542, 29.518055555555552, 29.80416666666666, 29.88055555555555, 30.520833333333332, 29.793333333333333, 29.498055555555556, 29.907222222222217, 30.90944444444444, 30.56027777777778, 30.423055555555564, 30.672500000000007, 30.950000000000006, 30.657777777777774, 31.321111111111097, 30.622499999999995, 31.043333333333326, 29.09555555555555, 28.4711111111111, 28.0175, 27.932499999999997, 28.172777777777785, 29.06166666666666, 31.172499999999996, 31.640833333333326, 31.673333333333346, 31.16972222222222, 31.34777777777778, 30.83194444444444, 30.384722222222226, 29.810555555555563, 29.505833333333328, 29.58694444444445, 29.62777777777778, 29.491388888888892, 29.372777777777774, 29.822222222222226, 30.105833333333333, 30.243611111111104, 30.399722222222223, 30.60222222222223, 31.602222222222224, 30.68638888888889, 30.787777777777787, 29.109166666666667, 28.23944444444444, 27.910000000000004, 27.87, 28.41111111111111, 29.553611111111113, 30.884444444444448, 31.08694444444445, 30.871388888888898, 30.168055555555554, 30.632777777777783, 30.539722222222224, 29.713333333333335, 29.594166666666677, 29.40805555555555, 30.010833333333338, 29.917222222222208, 30.231388888888894, 30.738333333333344, 30.896111111111104, 29.760555555555552, 28.811388888888885, 28.23222222222222, 28.37111111111112, 28.800555555555555, 29.796666666666667, 30.01833333333333, 30.133888888888894, 29.96722222222222, 30.428055555555563, 30.158611111111114, 30.562222222222204, 29.50277777777778, 30.057777777777776, 30.36472222222222, 29.432499999999997, 29.18138888888889, 28.780833333333344, 28.001111111111115, 29.42277777777777, 29.727777777777774, 30.295555555555552, 31.010277777777773, 29.60999999999999, 29.70305555555556, 29.60416666666667, 29.344166666666663, 29.47972222222222, 29.913611111111113], "Right_Temps": [31.18638888888889, 30.644444444444446, 29.752777777777776, 30.44194444444444, 30.816111111111102, 30.54444444444444, 30.60833333333334, 30.760555555555566, 30.392222222222227, 30.71583333333334, 32.09916666666666, 30.72694444444444, 31.148333333333337, 31.201944444444436, 31.190833333333337, 31.140833333333326, 30.55222222222222, 30.643611111111106, 30.38194444444444, 29.248333333333335, 28.78138888888889, 28.786111111111122, 28.877500000000005, 29.161388888888887, 29.370833333333323, 29.928333333333335, 31.358888888888885, 30.884166666666665, 30.573611111111106, 30.206388888888892, 30.435000000000002, 29.87527777777777, 29.328055555555554, 29.790000000000003, 30.548055555555543, 30.605833333333337, 30.2361111111111, 30.475000000000005, 30.26750000000001, 31.738333333333337, 32.225, 32.015277777777776, 31.70888888888889, 30.9113888888889, 30.562500000000007, 31.148333333333337, 29.532222222222224, 29.109722222222203, 29.40666666666667, 29.751666666666665, 28.861666666666665, 28.964166666666674, 29.74638888888889, 29.258333333333333, 29.10888888888889, 29.476388888888884, 29.61805555555556, 29.674444444444458, 30.145277777777785, 30.378333333333337, 30.0, 30.532222222222224, 31.269166666666663, 31.543333333333333, 31.12444444444445, 30.838611111111113, 31.38833333333332, 30.182222222222222, 29.469999999999988, 29.29305555555557, 28.87888888888889, 28.601111111111102, 28.619999999999997, 28.568611111111117, 28.883055555555554, 29.393055555555552, 30.463611111111106, 30.031666666666663, 30.762777777777778, 32.311388888888885, 31.439166666666672, 31.420555555555538, 31.478055555555557, 29.97138888888888, 29.25222222222222, 28.900833333333335, 28.57472222222223, 28.817500000000003, 29.63527777777778, 30.975833333333338, 31.584722222222222, 32.324444444444445, 30.647500000000004, 29.612499999999997, 27.325833333333335, 29.916944444444432]}