{"ID": 152, "Surgery": 0, "Body_Temp": 35.9, "Cancer": 0, "Left_Temps": [29.551388888888894, 28.697222222222212, 28.68249999999999, 29.25111111111111, 29.629166666666677, 31.116944444444446, 30.513333333333335, 29.835277777777783, 29.45194444444445, 29.54194444444444, 31.165000000000006, 32.06916666666666, 31.33333333333334, 31.942500000000003, 32.24083333333333, 33.14611111111111, 30.989444444444434, 30.849444444444448, 31.025555555555545, 29.66277777777778, 29.151666666666667, 28.93861111111111, 30.081666666666663, 29.83416666666666, 31.23, 31.43111111111111, 32.86638888888889, 31.978333333333346, 28.93388888888889, 28.19972222222222, 28.67611111111111, 29.236388888888882, 28.544166666666666, 29.00694444444444, 29.820833333333333, 30.05166666666667, 30.37888888888889, 29.823333333333323, 29.023888888888887, 30.75361111111111, 31.224166666666672, 30.455833333333334, 31.09694444444445, 31.466666666666672, 31.02305555555556, 30.418611111111108, 29.476111111111113, 29.193333333333335, 28.64555555555555, 29.482222222222227, 29.487222222222215, 30.02944444444445, 30.46805555555556, 29.21388888888889, 29.597222222222214, 28.625833333333333, 28.623888888888885, 29.249166666666667, 29.8125, 30.425833333333326, 30.67277777777777, 29.28861111111112, 29.217499999999998, 30.863333333333337, 30.61472222222223, 31.00277777777778, 30.412777777777777, 29.927777777777774, 29.81472222222222, 29.086666666666662, 29.63555555555556, 29.864444444444434, 28.283888888888892, 28.477222222222224, 29.223055555555554, 29.286666666666676, 29.533333333333335, 30.364444444444434, 29.974999999999998, 28.89305555555556, 30.3575, 31.14694444444445, 30.015833333333333, 29.744166666666665, 29.063055555555554, 30.298611111111104, 28.859166666666674, 29.817222222222217, 30.44472222222223, 29.99583333333333, 29.210555555555555, 29.85888888888889, 29.509444444444448, 29.260277777777773, 29.290277777777778, 29.193611111111107], "Right_Temps": [29.76694444444444, 28.22, 28.614999999999995, 29.200277777777778, 30.961666666666662, 30.16194444444443, 29.213611111111106, 29.912499999999998, 29.07583333333333, 29.585833333333337, 32.883611111111115, 33.22944444444444, 33.21027777777779, 32.94277777777778, 32.35361111111111, 31.960555555555555, 32.3111111111111, 32.08583333333333, 29.899999999999995, 29.453333333333333, 29.642500000000002, 29.556666666666665, 30.236944444444443, 30.72555555555556, 30.33722222222222, 31.428611111111106, 34.59194444444445, 34.52194444444444, 28.505833333333342, 28.249166666666675, 28.831111111111113, 27.450833333333335, 27.798333333333332, 29.17194444444444, 30.88916666666667, 30.098888888888887, 28.960833333333337, 29.18, 28.933055555555555, 32.10555555555556, 32.78472222222223, 32.934999999999995, 33.02388888888888, 32.79749999999999, 32.19777777777777, 29.80277777777778, 29.60416666666666, 29.557222222222222, 29.324166666666663, 30.062222222222218, 30.38222222222223, 31.301388888888894, 31.146111111111104, 28.15027777777778, 28.30055555555556, 27.625277777777782, 27.753333333333337, 28.410833333333333, 30.467499999999998, 29.816388888888884, 28.823611111111113, 28.853055555555557, 30.22333333333334, 31.215555555555554, 31.598888888888887, 31.892777777777773, 30.05277777777778, 30.23805555555556, 29.470000000000002, 29.223055555555554, 30.274722222222223, 31.24055555555556, 28.119166666666665, 28.945277777777775, 28.284722222222214, 29.7263888888889, 30.84638888888889, 29.606388888888887, 28.641944444444434, 29.96194444444445, 30.236111111111104, 30.29861111111111, 30.203888888888894, 29.47861111111111, 29.412499999999998, 32.09194444444446, 28.782500000000002, 30.288888888888884, 30.281388888888884, 29.988333333333326, 29.839166666666667, 30.23055555555556, 29.8575, 29.581388888888895, 29.189166666666672, 30.161944444444448]}