{"ID": 154, "Surgery": 0, "Body_Temp": 35.6, "Cancer": 0, "Left_Temps": [31.091388888888886, 29.169999999999998, 28.633611111111115, 28.80527777777778, 29.18444444444445, 30.118055555555568, 30.163888888888884, 29.69472222222222, 29.980555555555547, 29.99888888888889, 30.060277777777774, 32.08361111111111, 32.68777777777778, 33.489444444444445, 34.534166666666664, 33.62499999999999, 33.12444444444444, 32.90361111111111, 32.41194444444445, 31.81916666666666, 31.231111111111108, 29.578333333333337, 29.30916666666667, 29.821111111111115, 29.721944444444446, 30.144722222222217, 31.881388888888882, 30.379166666666677, 29.691388888888884, 30.361666666666665, 30.05888888888888, 28.90194444444444, 28.957222222222224, 29.50027777777778, 29.881388888888896, 30.014722222222222, 29.613333333333337, 29.497500000000016, 29.39555555555555, 29.568055555555546, 31.94555555555556, 33.53666666666666, 33.928888888888885, 34.05416666666665, 32.875833333333325, 32.47222222222221, 31.629166666666663, 30.449444444444445, 30.450555555555542, 29.166944444444443, 28.915277777777767, 28.93722222222222, 29.564166666666665, 29.450555555555557, 29.25083333333334, 30.123333333333335, 30.253888888888884, 30.428611111111113, 29.873333333333335, 29.569444444444432, 29.53638888888888, 29.309166666666663, 29.094166666666677, 32.61416666666666, 32.951388888888886, 32.058611111111105, 31.198055555555566, 31.176944444444448, 29.746388888888887, 29.403888888888883, 29.03444444444445, 29.02777777777778, 29.02666666666666, 29.741666666666667, 29.053888888888892, 30.090555555555554, 29.87777777777778, 29.471111111111107, 29.235833333333332, 29.047222222222217, 30.797500000000007, 31.29888888888889, 30.22305555555556, 29.531666666666652, 29.4488888888889, 30.265833333333337, 30.279166666666654, 28.741944444444446, 29.43333333333333, 29.310833333333335, 29.321944444444448, 29.999166666666667, 29.675277777777776, 29.68805555555556, 30.292500000000004, 29.269444444444446], "Right_Temps": [28.53888888888889, 27.670833333333334, 28.50472222222223, 29.126388888888886, 29.13166666666666, 29.491111111111113, 29.49666666666667, 29.561944444444446, 30.013888888888882, 30.74777777777778, 31.203055555555547, 30.99694444444445, 32.27111111111111, 32.00416666666668, 32.48777777777777, 33.435, 31.922499999999996, 31.119444444444454, 30.36083333333333, 29.925833333333344, 29.813333333333325, 29.683611111111116, 29.314444444444444, 29.263611111111103, 28.799722222222215, 28.646944444444443, 28.529166666666672, 29.13111111111111, 27.264166666666668, 27.315833333333327, 27.832777777777782, 27.377222222222215, 27.665277777777778, 28.487500000000004, 28.92722222222223, 29.337777777777767, 29.286388888888887, 29.231111111111115, 29.799166666666665, 31.977777777777774, 31.985000000000007, 32.144722222222214, 31.644166666666674, 31.707500000000007, 31.431111111111104, 30.948611111111113, 30.626111111111115, 30.011111111111113, 29.606944444444448, 29.572500000000005, 29.056388888888893, 28.87666666666668, 28.94388888888889, 29.881944444444443, 27.78555555555556, 27.478611111111118, 27.91416666666667, 28.271666666666665, 28.698055555555552, 29.197222222222226, 29.183055555555555, 29.324722222222217, 30.946111111111115, 31.933333333333337, 32.29027777777779, 31.90194444444444, 32.07083333333334, 31.481944444444448, 31.011944444444453, 29.71194444444444, 29.199444444444453, 29.328333333333337, 29.72666666666667, 27.61083333333334, 28.675277777777776, 29.100000000000005, 28.783611111111114, 29.114722222222227, 29.164722222222224, 29.92138888888889, 31.848611111111115, 33.280277777777776, 31.92083333333333, 30.49583333333333, 29.457499999999996, 29.611388888888882, 30.084999999999997, 28.62611111111111, 28.81972222222223, 28.804166666666667, 29.21944444444445, 31.33083333333334, 30.599444444444448, 29.77805555555556, 30.03888888888889, 28.71472222222222]}