{"ID": 158, "Surgery": 0, "Body_Temp": 34.9, "Cancer": 0, "Left_Temps": [30.910000000000007, 30.535555555555554, 30.334999999999997, 30.080277777777773, 30.44972222222221, 30.26111111111112, 30.24027777777778, 30.19027777777778, 30.928333333333327, 30.891388888888894, 30.94888888888889, 31.838611111111113, 31.75694444444445, 31.29055555555555, 32.571111111111115, 32.035, 32.82333333333335, 31.838055555555556, 31.092222222222226, 30.350277777777777, 29.94944444444444, 29.876944444444437, 29.76416666666666, 29.546388888888877, 29.958888888888882, 30.635833333333338, 32.295833333333334, 32.68333333333334, 30.86055555555555, 29.944444444444443, 30.053888888888903, 30.7613888888889, 30.42361111111111, 29.925555555555565, 30.252499999999998, 30.42388888888889, 30.363333333333337, 30.133333333333333, 30.490000000000002, 31.277777777777786, 32.216944444444444, 31.257222222222214, 32.10055555555556, 33.593333333333334, 32.92361111111111, 31.349999999999998, 30.54111111111111, 30.37277777777778, 30.35416666666667, 30.235277777777785, 29.915833333333335, 29.91916666666667, 30.38527777777777, 30.612777777777783, 30.014444444444436, 30.497777777777785, 30.228333333333328, 30.049166666666665, 29.953888888888887, 30.611944444444443, 30.78138888888889, 30.23055555555554, 30.175555555555555, 30.87555555555555, 30.09833333333334, 32.14861111111111, 31.37722222222222, 30.724444444444455, 30.594166666666663, 30.829722222222202, 29.44722222222222, 29.79638888888889, 29.69416666666666, 30.174722222222222, 29.606111111111108, 29.205277777777773, 29.582222222222217, 30.36861111111111, 30.428611111111106, 30.240555555555545, 29.91388888888889, 29.959444444444443, 29.791944444444443, 29.936388888888885, 30.18111111111111, 29.079722222222227, 29.297777777777785, 29.151666666666657, 29.128611111111113, 29.938888888888886, 30.169722222222234, 29.919166666666666, 30.93249999999999, 30.398611111111116, 29.122499999999995, 29.68111111111111], "Right_Temps": [31.74972222222223, 30.806111111111118, 30.832499999999996, 30.783611111111107, 30.883611111111115, 32.785000000000004, 33.85083333333333, 33.030277777777776, 31.709444444444436, 31.533611111111107, 32.025555555555556, 33.61833333333335, 32.16194444444446, 32.218888888888884, 31.721111111111117, 32.436388888888885, 32.4988888888889, 32.79888888888888, 32.330000000000005, 31.194722222222214, 30.30805555555556, 30.139444444444443, 30.252499999999998, 29.330555555555545, 29.400833333333335, 29.507777777777775, 31.50388888888889, 29.88305555555556, 29.56638888888888, 30.627777777777776, 30.878055555555548, 30.871388888888887, 30.264444444444443, 30.33333333333334, 30.729999999999993, 32.408055555555556, 32.19583333333333, 31.669722222222234, 31.28805555555555, 32.71333333333333, 33.004444444444445, 32.067499999999995, 32.08694444444445, 31.824166666666663, 32.16499999999999, 32.596666666666664, 31.778888888888883, 30.654166666666665, 30.498611111111106, 29.90888888888888, 29.63916666666667, 29.100833333333338, 28.033611111111114, 28.626944444444444, 28.981111111111115, 30.87444444444444, 29.749444444444446, 29.918611111111122, 30.15944444444445, 30.97666666666667, 30.51444444444445, 30.560833333333328, 30.821388888888894, 31.450000000000014, 32.33388888888889, 31.87944444444444, 32.55388888888889, 32.29861111111112, 31.751666666666665, 30.476111111111102, 29.168888888888894, 28.45194444444445, 27.64416666666666, 28.16777777777778, 29.143888888888892, 29.065277777777776, 29.882222222222236, 30.459722222222226, 29.986944444444443, 30.14805555555556, 31.24277777777777, 32.70861111111111, 32.475, 30.314444444444444, 29.617222222222217, 28.81972222222223, 28.23194444444445, 28.47555555555556, 29.796111111111113, 29.981111111111108, 29.99694444444445, 31.991666666666667, 30.421111111111113, 29.389444444444443, 29.15305555555556, 29.731111111111105]}