{"ID": 159, "Surgery": 0, "Body_Temp": 35.6, "Cancer": 0, "Left_Temps": [32.375277777777775, 30.43694444444445, 29.423611111111104, 29.18805555555556, 29.206111111111106, 30.056944444444444, 29.773055555555555, 30.168055555555554, 30.175833333333337, 30.03972222222221, 30.191944444444445, 29.92722222222223, 30.026666666666657, 30.144722222222224, 30.255000000000003, 30.24638888888888, 29.970277777777774, 29.73861111111111, 29.54111111111111, 29.21472222222222, 29.036111111111115, 28.924999999999997, 29.153888888888886, 29.31583333333333, 29.55861111111111, 29.586666666666662, 29.271666666666665, 28.936111111111114, 30.742222222222228, 30.689444444444444, 30.74944444444444, 29.667500000000004, 28.976666666666674, 28.61472222222222, 28.693333333333328, 29.40222222222222, 29.730000000000004, 30.554722222222217, 29.836666666666662, 29.932222222222222, 30.19055555555555, 30.054166666666667, 30.10666666666666, 30.28083333333333, 30.058333333333337, 29.96138888888889, 29.767777777777773, 29.175833333333326, 29.395555555555557, 29.638333333333335, 29.354166666666668, 28.834166666666672, 28.75638888888889, 29.26472222222223, 29.466944444444444, 29.325833333333335, 28.58111111111112, 28.35666666666667, 28.60111111111112, 29.01777777777778, 29.791944444444443, 30.291111111111107, 29.751666666666672, 29.81138888888889, 29.812222222222218, 29.83583333333333, 29.69388888888889, 29.700000000000003, 29.317777777777774, 29.373611111111114, 29.73944444444444, 27.036666666666658, 29.00111111111111, 28.61138888888889, 28.595277777777774, 28.2911111111111, 28.705277777777773, 29.26861111111112, 29.61944444444445, 29.85166666666667, 30.26472222222223, 30.231111111111108, 29.668611111111108, 29.22666666666667, 29.72916666666668, 29.728055555555557, 28.915833333333335, 28.457222222222224, 28.781666666666663, 29.52027777777778, 29.613333333333326, 29.505833333333335, 29.64527777777777, 30.04833333333334, 29.052499999999995, 29.634999999999998], "Right_Temps": [32.13388888888889, 30.914166666666663, 29.181666666666658, 28.96805555555556, 29.37138888888888, 30.024166666666662, 30.27444444444445, 30.191666666666663, 29.87888888888889, 30.16638888888889, 30.41166666666665, 31.0, 30.836111111111116, 30.556111111111118, 29.810000000000002, 29.43138888888889, 29.377500000000005, 30.185277777777767, 30.247222222222224, 29.34, 29.241666666666667, 30.30416666666666, 29.29833333333333, 29.580555555555545, 29.4525, 30.34777777777778, 34.987222222222236, 31.327222222222222, 31.5175, 31.268055555555545, 31.353333333333328, 29.787222222222226, 29.052777777777766, 28.73, 29.390555555555554, 29.76166666666667, 29.96277777777778, 30.16916666666667, 30.273888888888873, 30.190000000000005, 30.040277777777778, 30.105, 30.16722222222222, 29.80833333333333, 29.978611111111107, 30.13000000000001, 29.82972222222222, 29.619444444444436, 29.618333333333332, 29.74666666666667, 29.978888888888875, 29.25805555555557, 30.703888888888887, 29.77305555555556, 29.330000000000002, 29.33277777777778, 28.490833333333335, 28.601666666666656, 29.30444444444444, 29.59305555555555, 29.661388888888887, 30.213611111111106, 30.453611111111123, 30.154722222222226, 30.06611111111111, 30.01694444444444, 30.703333333333333, 30.26388888888889, 29.76333333333334, 29.28555555555556, 31.167777777777776, 30.468611111111116, 28.525555555555556, 28.74083333333334, 28.348888888888897, 28.536111111111115, 29.256944444444443, 29.501944444444444, 29.938333333333333, 31.024166666666677, 31.195833333333326, 30.762777777777778, 30.489166666666662, 29.981388888888887, 29.356111111111108, 31.253611111111113, 29.060000000000002, 28.517222222222227, 29.54194444444445, 29.397222222222222, 30.70694444444444, 31.115833333333335, 29.9536111111111, 29.469166666666663, 30.246388888888887, 29.42527777777779]}