{"ID": 160, "Surgery": 0, "Body_Temp": 35.5, "Cancer": 0, "Left_Temps": [32.44972222222222, 30.744999999999997, 31.45111111111111, 30.89916666666666, 30.9488888888889, 31.093055555555548, 30.909166666666675, 30.522500000000004, 30.883611111111115, 30.435833333333335, 30.73194444444444, 30.42611111111111, 30.793333333333337, 31.289722222222224, 31.644166666666667, 31.298611111111118, 31.667500000000004, 31.4536111111111, 30.338888888888885, 28.82638888888889, 28.041944444444447, 27.686944444444446, 27.697777777777784, 28.140555555555558, 28.001388888888894, 28.339999999999996, 30.31222222222222, 29.332222222222228, 28.939444444444444, 28.91694444444444, 29.79388888888888, 29.431944444444444, 29.832777777777785, 29.926388888888898, 30.481666666666676, 30.560555555555553, 30.33305555555555, 30.000277777777782, 30.17027777777777, 30.46277777777779, 30.769722222222224, 31.020555555555557, 31.44111111111112, 32.25000000000001, 32.756666666666675, 30.459166666666665, 28.883333333333333, 28.316388888888884, 27.861944444444443, 27.787222222222212, 28.02527777777778, 26.64527777777778, 28.895, 28.361388888888886, 28.50277777777778, 28.90472222222222, 28.741944444444446, 29.466388888888893, 30.137222222222224, 30.115833333333335, 30.46166666666667, 29.691944444444445, 29.669444444444448, 30.434444444444452, 31.00555555555555, 31.807499999999997, 30.630555555555556, 29.31638888888888, 28.66305555555555, 28.066388888888884, 28.375277777777775, 28.00666666666667, 28.193055555555556, 28.47305555555556, 30.47472222222222, 30.552500000000002, 30.147222222222226, 30.16472222222221, 29.615833333333335, 29.339444444444453, 29.5775, 29.8711111111111, 29.392222222222227, 29.039166666666674, 28.70555555555556, 28.61111111111111, 28.288333333333334, 28.984166666666667, 29.095555555555563, 29.71277777777778, 29.40555555555556, 29.304722222222225, 29.263333333333335, 29.17027777777778, 28.67666666666667, 29.47666666666667], "Right_Temps": [32.728611111111114, 30.654999999999998, 30.128611111111127, 30.819166666666675, 31.71111111111111, 30.828055555555554, 30.960277777777776, 31.076666666666668, 30.916388888888896, 30.481111111111108, 30.08638888888889, 31.408055555555556, 31.55361111111112, 32.0686111111111, 31.94722222222222, 31.685833333333342, 31.255277777777774, 32.079444444444434, 31.604166666666668, 31.35972222222221, 29.60777777777777, 30.701666666666668, 27.508333333333333, 27.95222222222222, 28.277777777777775, 28.368888888888883, 29.016944444444455, 30.104444444444443, 30.30083333333333, 31.797777777777778, 33.358888888888885, 31.6075, 30.688888888888894, 30.69138888888889, 31.338888888888885, 30.61055555555555, 31.19694444444444, 31.49944444444444, 31.404444444444444, 30.46083333333333, 30.895555555555557, 31.532500000000013, 31.162222222222226, 31.147222222222222, 32.01611111111111, 32.20055555555555, 31.617777777777786, 29.214166666666667, 28.87277777777778, 27.820277777777775, 28.20472222222222, 27.980277777777786, 28.429444444444446, 28.03055555555555, 28.78111111111111, 30.006111111111117, 30.566111111111127, 31.405555555555548, 30.53083333333333, 30.353333333333335, 30.709722222222222, 30.81555555555556, 30.560000000000002, 31.31888888888889, 31.590833333333332, 31.985000000000007, 33.095833333333324, 30.578888888888894, 29.35694444444444, 28.61666666666666, 28.456944444444453, 28.158888888888892, 27.875833333333333, 27.98972222222222, 28.45027777777777, 29.014444444444443, 28.967222222222226, 29.57777777777777, 30.285555555555554, 30.33444444444445, 31.048888888888882, 32.31750000000001, 30.630833333333335, 29.46527777777779, 30.049166666666665, 28.551944444444448, 28.103055555555553, 28.31166666666666, 28.416666666666668, 29.09305555555556, 29.725277777777777, 30.07138888888888, 29.80222222222222, 29.618888888888893, 28.35055555555555, 29.31027777777779]}