{"ID": 161, "Surgery": 0, "Body_Temp": 34.7, "Cancer": 0, "Left_Temps": [31.023055555555555, 29.723611111111115, 29.40555555555556, 30.536388888888894, 30.834166666666672, 30.871111111111116, 30.126111111111104, 30.44444444444445, 30.96833333333333, 30.71472222222222, 31.19888888888889, 31.53111111111111, 32.580833333333345, 32.0838888888889, 31.690000000000012, 31.52444444444445, 32.47222222222223, 31.163333333333323, 30.99888888888889, 30.917777777777783, 30.866111111111106, 31.476388888888884, 29.94361111111111, 29.83638888888888, 30.050277777777783, 30.67305555555555, 30.105277777777776, 29.87611111111111, 28.025555555555556, 28.22388888888889, 28.83500000000001, 29.12472222222222, 29.240833333333335, 30.23944444444444, 30.649722222222223, 30.119166666666658, 30.30083333333333, 30.954444444444448, 31.749166666666675, 31.30027777777777, 31.28805555555556, 31.945000000000007, 31.36944444444445, 31.845555555555556, 31.441944444444434, 31.231666666666666, 30.94166666666667, 31.292777777777783, 31.00249999999999, 30.141388888888894, 30.266388888888894, 29.12611111111111, 30.27972222222222, 28.13722222222222, 28.239722222222227, 28.52833333333334, 29.210833333333337, 29.77111111111111, 29.735833333333332, 30.345277777777785, 31.24638888888889, 30.910833333333333, 32.165833333333325, 31.292222222222208, 31.28194444444444, 31.526944444444446, 31.204444444444455, 31.005277777777774, 31.72500000000001, 31.354444444444443, 30.182500000000005, 30.262222222222217, 28.47611111111111, 28.593888888888884, 28.650833333333328, 29.45138888888889, 30.022499999999994, 31.421111111111113, 31.520277777777785, 31.556944444444444, 31.271666666666672, 31.09111111111112, 30.890833333333333, 30.894166666666674, 31.30555555555556, 30.20944444444445, 28.859444444444446, 29.412499999999998, 29.659444444444446, 31.15611111111111, 30.915555555555564, 31.067499999999995, 30.838888888888896, 30.74722222222223, 29.744999999999997, 30.265555555555554], "Right_Temps": [29.58694444444444, 29.870000000000005, 30.707222222222217, 29.62055555555556, 29.399999999999995, 31.081111111111106, 31.995277777777787, 31.37111111111111, 30.924166666666665, 30.8925, 30.63916666666666, 32.492777777777775, 32.015277777777776, 31.845833333333335, 31.449444444444445, 30.945555555555554, 31.187500000000007, 30.967777777777776, 31.135555555555545, 31.66111111111111, 31.787222222222212, 30.22222222222223, 30.340833333333325, 30.262499999999996, 30.143888888888878, 30.18305555555556, 30.02444444444444, 30.424444444444443, 29.969722222222217, 28.48527777777777, 29.393611111111106, 29.865555555555552, 30.581388888888892, 29.34444444444444, 29.53055555555556, 30.866944444444446, 31.855555555555554, 30.564166666666672, 30.926111111111116, 30.886666666666663, 32.174166666666665, 32.50666666666667, 31.694722222222214, 31.341388888888886, 31.41333333333334, 31.46944444444445, 31.420833333333334, 32.35777777777778, 31.378333333333337, 31.812500000000018, 31.196111111111108, 30.85972222222223, 30.996388888888898, 27.8325, 28.084444444444443, 28.574999999999996, 29.309722222222213, 28.980555555555554, 29.733055555555552, 30.967777777777783, 31.44555555555556, 30.941944444444445, 30.461944444444455, 32.334166666666675, 32.06305555555556, 31.809722222222224, 31.458055555555568, 31.376944444444444, 32.17833333333332, 32.025833333333345, 31.31277777777778, 27.61888888888889, 28.770000000000007, 28.270000000000003, 28.498333333333335, 28.67416666666667, 29.248333333333342, 29.889166666666668, 31.008888888888887, 30.623333333333335, 32.081944444444446, 31.535833333333333, 31.37555555555556, 31.715833333333325, 31.675277777777776, 31.123055555555553, 28.678055555555563, 28.800000000000004, 29.30972222222222, 29.45472222222223, 30.075833333333335, 31.633333333333333, 31.32944444444444, 31.303055555555545, 29.019166666666663, 29.35999999999999]}