{"ID": 162, "Surgery": 0, "Body_Temp": 35.0, "Cancer": 0, "Left_Temps": [30.078055555555554, 30.198888888888884, 29.68500000000001, 30.4525, 29.97888888888889, 31.57166666666666, 31.255555555555564, 30.309722222222224, 29.909444444444446, 30.150833333333328, 31.32499999999999, 31.52666666666666, 29.66416666666667, 30.219722222222217, 30.774999999999995, 31.058888888888887, 30.496388888888887, 29.74666666666667, 29.401111111111106, 29.20472222222223, 28.79111111111111, 28.66305555555555, 28.442777777777774, 28.104722222222225, 27.755277777777778, 27.81888888888889, 28.832777777777785, 28.945833333333333, 28.563055555555554, 28.818611111111107, 29.131111111111117, 28.873055555555563, 29.22583333333333, 30.022222222222215, 29.866111111111113, 30.68777777777778, 31.69555555555556, 30.204722222222227, 29.936111111111106, 30.167500000000004, 29.86416666666667, 29.768055555555552, 29.945000000000007, 30.288611111111113, 29.691944444444452, 29.38805555555555, 29.089166666666667, 28.489166666666662, 28.411666666666676, 28.75361111111111, 28.36666666666666, 28.156388888888888, 29.49361111111111, 28.346111111111107, 28.074166666666667, 28.20138888888889, 28.574722222222224, 29.562499999999986, 30.988888888888894, 31.28444444444444, 30.722500000000007, 30.325555555555557, 30.968333333333323, 29.636666666666674, 29.931388888888893, 30.215277777777786, 30.16305555555555, 29.565277777777776, 28.68388888888889, 28.583611111111118, 28.245833333333344, 28.441666666666666, 29.01555555555556, 28.46916666666667, 28.41416666666667, 29.90472222222222, 29.356111111111108, 29.896944444444443, 30.013611111111103, 30.832222222222224, 30.869166666666672, 31.172777777777778, 31.250555555555554, 31.15666666666667, 29.51083333333333, 28.75305555555556, 28.97749999999999, 29.269722222222224, 29.609166666666667, 29.553611111111113, 29.503611111111113, 29.607222222222205, 29.550833333333337, 30.102499999999996, 29.35777777777778, 29.53472222222222], "Right_Temps": [29.20111111111111, 28.547222222222224, 28.625000000000007, 28.949166666666674, 29.315277777777776, 30.205555555555563, 30.4925, 30.78416666666666, 30.22361111111111, 30.429722222222225, 30.557222222222222, 29.656666666666677, 29.201666666666668, 30.173888888888897, 30.82333333333334, 30.390277777777776, 29.938055555555554, 30.152500000000014, 30.1063888888889, 29.803611111111106, 30.086388888888887, 29.789999999999996, 29.30138888888888, 28.99944444444445, 28.75027777777778, 28.77055555555556, 28.82222222222222, 29.425277777777783, 28.457499999999996, 28.372777777777774, 28.911944444444437, 29.388611111111103, 29.80527777777778, 30.605277777777776, 30.394166666666663, 30.231388888888894, 30.537777777777777, 29.90722222222223, 29.942222222222217, 29.624444444444446, 29.560555555555556, 29.15361111111112, 29.550277777777776, 30.113055555555555, 29.815277777777762, 29.609166666666667, 28.98833333333333, 28.515, 28.77527777777778, 28.473888888888887, 29.03722222222221, 28.47222222222222, 28.814444444444444, 28.45416666666667, 28.082777777777775, 28.45888888888889, 28.723055555555554, 28.626388888888886, 29.113055555555555, 30.136666666666663, 30.00944444444444, 31.258888888888894, 30.495277777777776, 29.943888888888882, 29.197222222222234, 29.644444444444453, 29.339166666666674, 28.71944444444445, 28.319722222222218, 28.473333333333333, 28.477777777777785, 28.54583333333333, 28.284722222222214, 29.11138888888889, 28.12249999999999, 28.844999999999995, 29.040833333333335, 29.318611111111107, 29.91222222222222, 31.18249999999999, 30.310555555555556, 28.64277777777778, 28.500000000000007, 28.487499999999997, 28.287499999999998, 29.255555555555564, 28.96472222222222, 28.672777777777785, 29.969722222222217, 30.025833333333335, 29.29222222222223, 29.872777777777774, 28.765, 29.18138888888889, 29.097777777777782, 28.957222222222217]}