{"ID": 163, "Surgery": 0, "Body_Temp": 34.5, "Cancer": 0, "Left_Temps": [30.447499999999998, 28.598055555555554, 28.174166666666665, 28.54416666666667, 29.019444444444453, 29.644166666666674, 30.606111111111115, 30.695277777777783, 30.695555555555554, 29.86777777777778, 30.03805555555556, 30.849444444444448, 30.648055555555548, 30.268055555555545, 30.432777777777787, 31.0175, 30.806388888888883, 30.168333333333333, 29.523055555555555, 29.09555555555557, 28.960277777777776, 28.50444444444444, 28.202222222222225, 28.46527777777778, 29.09361111111111, 29.50416666666667, 32.33138888888888, 28.236111111111114, 28.991944444444446, 30.933888888888887, 30.135000000000005, 28.465833333333332, 27.991388888888892, 28.116111111111113, 28.550555555555555, 29.359166666666667, 30.421944444444446, 29.899999999999995, 29.838611111111113, 29.567777777777778, 30.61055555555555, 30.44750000000001, 30.48194444444444, 30.616111111111113, 30.265833333333333, 29.519166666666667, 29.7575, 29.08277777777778, 28.406111111111112, 28.133055555555558, 28.374444444444446, 28.062499999999986, 28.021666666666665, 28.808055555555555, 29.700833333333335, 28.876388888888886, 27.956111111111113, 28.087222222222223, 28.629166666666663, 29.602777777777778, 30.297499999999996, 29.23444444444444, 28.994999999999997, 29.87944444444444, 29.95444444444444, 30.41111111111111, 29.58972222222223, 30.326388888888896, 29.08277777777778, 28.470833333333335, 28.454444444444448, 29.828055555555554, 29.025277777777767, 28.620555555555555, 28.952222222222222, 28.742222222222217, 29.307777777777783, 30.444444444444443, 30.14944444444444, 28.838333333333335, 29.379166666666656, 29.506111111111117, 29.38916666666667, 29.103333333333328, 28.611388888888897, 28.981388888888894, 29.12611111111111, 28.46805555555556, 28.532499999999988, 29.47277777777778, 28.958611111111104, 29.244444444444444, 29.107222222222234, 29.20472222222222, 28.786666666666672, 28.776944444444446], "Right_Temps": [30.50472222222223, 28.744444444444436, 27.969999999999995, 28.224722222222226, 28.51416666666667, 29.495277777777776, 29.52444444444444, 29.53888888888889, 29.520555555555568, 29.77277777777777, 29.427777777777788, 29.92666666666666, 29.447222222222226, 29.18444444444445, 29.48888888888888, 28.915277777777785, 29.30694444444445, 29.97972222222223, 29.41305555555556, 29.426666666666662, 30.105833333333333, 29.66416666666667, 28.43944444444444, 28.487222222222215, 28.94472222222222, 30.140000000000004, 31.53277777777778, 30.62805555555555, 30.7888888888889, 30.10805555555556, 29.849166666666658, 28.12222222222222, 27.754444444444445, 27.762222222222217, 28.19527777777778, 29.51305555555555, 29.121388888888887, 29.158055555555556, 29.299444444444443, 29.26083333333334, 29.118888888888883, 28.943333333333342, 29.14583333333333, 29.616944444444446, 30.169166666666676, 29.869444444444436, 29.945000000000007, 29.951388888888882, 30.278888888888893, 28.591388888888893, 28.470555555555556, 30.744999999999997, 30.893055555555552, 28.267777777777777, 28.626944444444444, 28.07972222222223, 27.550555555555565, 27.535000000000007, 28.099444444444444, 28.987499999999997, 28.740833333333335, 28.978055555555557, 29.157222222222224, 29.87472222222223, 29.943055555555556, 30.335000000000004, 30.97666666666667, 30.13222222222223, 29.7661111111111, 30.396666666666665, 28.71138888888888, 28.565833333333323, 30.450277777777785, 28.782222222222224, 27.820277777777775, 27.580000000000002, 28.093888888888888, 28.504722222222217, 28.343611111111112, 29.168333333333326, 30.346111111111114, 30.593055555555566, 30.835000000000004, 29.760833333333323, 30.69055555555556, 28.915555555555557, 28.70361111111111, 27.814166666666672, 27.760833333333323, 27.967500000000015, 28.48944444444444, 30.847500000000007, 29.738333333333326, 30.400277777777774, 28.986666666666665, 29.608055555555545]}