{"ID": 164, "Surgery": 0, "Body_Temp": 35.4, "Cancer": 0, "Left_Temps": [31.799722222222222, 30.185277777777774, 30.32722222222223, 31.09694444444444, 30.759166666666673, 31.00416666666667, 31.611388888888882, 31.371388888888887, 31.52333333333333, 31.096666666666668, 31.18527777777778, 30.713055555555545, 32.53333333333334, 32.41722222222222, 32.42472222222223, 32.37166666666666, 32.76916666666665, 32.82361111111111, 32.68111111111111, 31.276666666666667, 31.370555555555548, 31.16722222222222, 30.285833333333326, 30.477500000000003, 31.39055555555556, 31.948611111111113, 32.662777777777784, 33.094166666666666, 29.396944444444443, 29.796944444444446, 30.90499999999999, 29.4025, 30.106111111111115, 30.247777777777774, 30.724166666666665, 31.172222222222224, 31.467500000000005, 31.3688888888889, 31.525000000000002, 31.261944444444445, 31.46388888888889, 32.72444444444445, 32.490833333333335, 32.855000000000004, 32.81194444444444, 32.016944444444434, 31.327222222222222, 31.085833333333326, 32.06722222222223, 31.45472222222222, 31.338611111111113, 31.331666666666663, 32.58749999999999, 29.15694444444444, 29.060277777777774, 29.080833333333334, 29.195277777777783, 30.058333333333337, 30.497222222222213, 32.26027777777778, 31.52333333333333, 31.448055555555552, 31.360555555555557, 31.333333333333332, 32.72944444444445, 32.65222222222222, 32.087499999999984, 32.00694444444444, 31.125000000000007, 31.43249999999999, 31.32194444444444, 31.168888888888887, 29.878333333333345, 29.24722222222222, 29.282500000000002, 29.740000000000002, 30.171666666666667, 30.97916666666666, 31.116944444444446, 31.170833333333334, 30.83277777777777, 32.13361111111111, 32.283611111111114, 31.555, 32.22666666666667, 31.130555555555556, 29.563611111111115, 29.539444444444445, 29.813888888888894, 31.01944444444444, 31.298611111111118, 30.889444444444436, 31.84694444444444, 31.426111111111123, 30.218888888888884, 30.686666666666675], "Right_Temps": [31.091944444444444, 29.552499999999995, 29.97666666666667, 29.635277777777773, 29.971388888888896, 30.551944444444448, 30.44027777777777, 30.261666666666663, 30.112777777777776, 30.344722222222224, 29.69555555555556, 29.43472222222222, 29.87861111111111, 31.876666666666683, 32.11638888888889, 33.00111111111111, 32.25527777777777, 32.18083333333333, 31.81333333333334, 31.918333333333337, 30.98972222222222, 30.098055555555554, 29.860277777777778, 30.18861111111111, 32.07527777777777, 32.24666666666667, 32.253333333333345, 29.14583333333333, 28.730833333333326, 28.91222222222222, 29.61361111111111, 28.81222222222223, 28.87916666666667, 29.203055555555554, 29.5275, 30.396944444444436, 30.595277777777785, 30.31888888888889, 30.072499999999998, 30.36083333333334, 29.582222222222228, 29.838333333333328, 32.77583333333333, 32.40361111111112, 32.61222222222223, 32.29833333333333, 32.06444444444443, 31.374166666666675, 29.776944444444446, 30.235277777777778, 30.644722222222217, 31.209444444444436, 29.25638888888889, 28.04944444444444, 28.10916666666666, 28.275833333333324, 28.881944444444443, 29.653333333333325, 29.747500000000002, 30.03472222222222, 30.45583333333333, 30.498888888888885, 29.979444444444443, 29.896666666666665, 32.24222222222222, 32.52555555555556, 32.04222222222223, 31.452777777777776, 31.10722222222222, 30.126666666666672, 30.42444444444445, 30.93500000000001, 28.116944444444446, 28.298888888888886, 28.55944444444445, 29.27916666666668, 29.6436111111111, 29.948611111111106, 30.56194444444445, 30.732222222222227, 30.215555555555554, 32.176666666666655, 31.178333333333335, 30.724166666666676, 30.28111111111111, 30.57, 28.579166666666666, 29.055833333333332, 29.507222222222214, 29.548055555555564, 30.268888888888892, 30.09, 29.393888888888885, 28.542777777777783, 29.053333333333327, 29.49583333333333]}