{"ID": 165, "Surgery": 0, "Body_Temp": 34.9, "Cancer": 0, "Left_Temps": [29.199999999999996, 28.571944444444437, 29.087777777777788, 30.20777777777777, 31.27722222222222, 30.58388888888889, 30.501944444444447, 30.71361111111112, 30.41444444444444, 30.681666666666658, 33.50777777777777, 32.75361111111111, 32.57249999999999, 32.913333333333334, 32.708333333333336, 32.76888888888888, 32.69055555555556, 32.68972222222223, 31.709999999999994, 30.95527777777778, 30.81277777777777, 30.932499999999997, 29.918611111111115, 30.470833333333335, 30.435833333333328, 30.40777777777778, 29.83111111111112, 29.524166666666662, 28.943333333333335, 28.934999999999995, 28.787777777777777, 28.43027777777778, 28.801111111111123, 29.834444444444436, 31.49750000000001, 30.522499999999994, 30.581388888888892, 30.642222222222227, 30.516944444444448, 33.09611111111111, 33.00444444444444, 32.36333333333334, 32.346944444444446, 32.5975, 32.49666666666667, 31.68777777777778, 30.939722222222226, 30.86055555555555, 30.539166666666656, 30.52027777777778, 30.676666666666662, 30.50111111111111, 29.524166666666662, 28.68972222222222, 29.11888888888889, 28.674722222222222, 29.140833333333333, 29.896944444444443, 31.14444444444443, 30.626388888888894, 30.724166666666665, 30.559722222222213, 31.44638888888888, 32.771111111111104, 32.00972222222222, 32.11083333333334, 31.684722222222213, 30.973333333333333, 31.685555555555556, 30.798055555555557, 30.69027777777777, 30.326388888888896, 30.19833333333334, 29.027222222222218, 29.38194444444444, 30.074722222222224, 30.448611111111106, 30.520833333333332, 30.785277777777782, 31.46499999999999, 31.28972222222223, 31.694166666666668, 30.98138888888888, 31.27138888888889, 31.360000000000007, 30.674722222222222, 30.305833333333325, 29.6325, 30.44055555555556, 30.71805555555555, 31.38666666666667, 31.2325, 31.154722222222226, 30.82472222222223, 30.55222222222222, 30.998611111111117], "Right_Temps": [31.08972222222222, 28.760555555555552, 28.852222222222224, 29.005833333333328, 29.285277777777765, 29.936111111111114, 29.91, 30.77194444444445, 30.541666666666668, 31.366111111111106, 30.165555555555557, 31.66111111111111, 32.55694444444444, 32.18861111111111, 32.27694444444444, 33.05027777777778, 32.301944444444445, 32.35527777777778, 32.26583333333333, 32.22722222222223, 31.390833333333337, 30.282222222222224, 31.005833333333328, 30.43805555555556, 30.93638888888889, 29.085277777777783, 34.51527777777778, 34.170555555555566, 33.00444444444444, 29.618888888888883, 29.75305555555555, 29.17777777777778, 29.48222222222222, 28.85166666666667, 28.92583333333333, 29.627499999999998, 30.380000000000003, 30.88888888888889, 31.538333333333338, 30.85472222222223, 31.630555555555556, 32.09305555555555, 32.38055555555555, 32.395833333333336, 32.82527777777777, 32.11027777777778, 32.02833333333333, 32.965833333333336, 31.850833333333338, 30.73388888888889, 30.611944444444443, 29.272777777777776, 29.130833333333342, 29.19694444444444, 29.28611111111111, 29.69361111111111, 29.135000000000005, 29.16333333333333, 29.12805555555556, 29.367222222222228, 30.802500000000002, 30.59694444444444, 31.1638888888889, 31.86694444444444, 31.80527777777778, 32.18861111111111, 32.23527777777778, 31.53277777777778, 31.30250000000001, 31.796666666666667, 31.454722222222227, 30.011666666666656, 30.40611111111111, 29.380000000000003, 28.430833333333343, 28.676666666666677, 29.02444444444444, 29.82333333333333, 30.86694444444444, 30.455833333333324, 32.1025, 31.93083333333334, 31.15305555555556, 30.941666666666656, 30.75972222222222, 29.816388888888884, 29.129722222222213, 28.808055555555555, 29.15694444444444, 30.220277777777774, 30.750555555555554, 31.67222222222223, 31.251388888888894, 31.074444444444435, 29.773333333333337, 30.463333333333328]}