{"ID": 166, "Surgery": 0, "Body_Temp": 33.5, "Cancer": 0, "Left_Temps": [29.80861111111112, 28.74194444444444, 28.695277777777783, 29.124999999999986, 29.98694444444445, 30.348611111111115, 30.43361111111112, 30.18777777777777, 29.818333333333328, 29.841388888888886, 29.707499999999996, 29.54694444444444, 29.30694444444445, 29.398888888888887, 29.437500000000007, 29.68555555555557, 29.386111111111106, 28.768333333333334, 28.08666666666666, 27.478611111111103, 27.226666666666674, 27.27388888888889, 27.408055555555553, 27.674444444444436, 27.975, 28.273611111111116, 28.39638888888889, 28.536111111111104, 28.87972222222223, 28.683333333333344, 28.572500000000005, 28.209722222222226, 28.35138888888889, 29.074999999999996, 29.415277777777774, 30.09388888888889, 29.855000000000004, 29.54861111111111, 29.47666666666667, 29.470833333333335, 29.435000000000002, 29.20222222222223, 29.25249999999999, 29.206111111111113, 28.714444444444446, 28.185833333333328, 27.709166666666672, 27.454722222222223, 27.450000000000003, 27.94694444444444, 28.32249999999999, 28.563888888888894, 28.60749999999999, 28.440277777777776, 28.173333333333332, 28.023888888888873, 28.016111111111105, 28.62527777777778, 28.90888888888888, 29.19027777777778, 29.17472222222223, 29.12194444444444, 29.013055555555564, 29.105277777777776, 28.997500000000002, 28.91611111111111, 28.34472222222222, 28.022499999999997, 27.972500000000004, 28.15333333333334, 28.242499999999996, 28.349722222222216, 28.543888888888887, 28.388888888888896, 28.142777777777784, 28.547222222222217, 28.61861111111111, 28.654722222222226, 28.737777777777783, 28.713055555555556, 28.695277777777772, 28.561666666666667, 28.314999999999998, 28.34472222222222, 28.5, 28.16583333333334, 28.547222222222224, 28.740833333333327, 28.591944444444444, 28.49305555555555, 28.48972222222222, 28.44055555555555, 28.402499999999996, 28.52027777777778, 28.696666666666673, 28.51222222222223], "Right_Temps": [29.7975, 28.368611111111107, 27.870277777777773, 27.897777777777783, 28.241388888888885, 28.765833333333337, 29.26333333333333, 30.22277777777778, 29.91583333333334, 29.741666666666667, 29.641944444444455, 29.470833333333342, 29.627499999999998, 29.60027777777778, 29.474444444444448, 29.403888888888893, 29.240000000000002, 28.611388888888897, 27.93833333333334, 27.304999999999996, 27.05138888888889, 27.049444444444454, 27.253611111111105, 27.576388888888893, 28.36444444444445, 28.913333333333338, 28.78611111111111, 28.665833333333335, 29.070833333333326, 29.123611111111117, 29.45833333333332, 27.970277777777774, 27.53333333333333, 27.53305555555554, 27.85194444444444, 28.51277777777777, 29.16611111111111, 29.74694444444444, 29.464444444444453, 29.46388888888889, 29.430833333333347, 29.602500000000003, 29.462500000000002, 29.298888888888882, 28.825277777777767, 28.217777777777776, 27.609166666666667, 27.252777777777773, 27.281111111111116, 27.709444444444436, 28.257499999999997, 28.647222222222222, 28.620555555555566, 28.108333333333338, 28.005555555555564, 27.950000000000014, 27.461666666666662, 27.43694444444445, 27.769722222222217, 28.32388888888889, 29.038611111111113, 29.223333333333333, 29.29194444444444, 29.217777777777783, 29.302777777777774, 29.16722222222222, 28.579166666666666, 28.12222222222222, 27.668055555555558, 27.80138888888889, 28.171666666666667, 28.192499999999992, 28.73611111111111, 27.89111111111111, 27.524166666666666, 27.49555555555555, 27.766111111111112, 28.354444444444447, 28.927222222222227, 28.97500000000001, 28.86527777777778, 28.926944444444448, 28.504722222222217, 28.16166666666666, 28.211666666666662, 27.477777777777778, 28.39888888888889, 27.873888888888885, 27.95305555555555, 28.306944444444447, 28.57388888888889, 28.526388888888878, 28.32527777777777, 28.160555555555558, 28.323055555555552, 28.45111111111111]}