{"ID": 168, "Surgery": 0, "Body_Temp": 34.5, "Cancer": 0, "Left_Temps": [29.805555555555557, 28.17416666666666, 27.816388888888888, 27.71638888888889, 28.038333333333327, 28.196666666666665, 28.310555555555553, 29.220833333333335, 29.804722222222225, 29.293611111111105, 29.166111111111107, 29.741111111111106, 31.09694444444445, 31.03611111111111, 30.827222222222222, 30.384444444444448, 30.22805555555555, 29.68861111111111, 29.798055555555557, 29.755555555555546, 29.061388888888896, 29.405833333333337, 29.18694444444445, 29.177499999999995, 29.023055555555555, 29.21166666666667, 30.90694444444444, 28.5775, 28.607222222222237, 28.842500000000005, 29.064444444444447, 28.049999999999997, 27.73, 27.67, 27.79083333333334, 28.194444444444443, 28.647499999999997, 28.862777777777776, 29.714166666666667, 28.78805555555555, 29.185555555555556, 31.188333333333333, 30.303611111111096, 30.36361111111111, 29.99638888888889, 30.07611111111111, 29.39944444444445, 29.130277777777778, 29.108055555555552, 29.15361111111111, 28.985555555555564, 29.190833333333337, 29.39638888888889, 28.412499999999994, 28.509444444444455, 28.338611111111103, 27.891666666666666, 27.808888888888884, 27.959999999999997, 28.294722222222227, 28.679722222222225, 28.377222222222215, 29.999166666666675, 28.512777777777778, 31.075000000000003, 31.32944444444444, 30.0775, 29.625555555555554, 29.581388888888892, 29.397222222222222, 28.95833333333334, 27.718888888888884, 28.06972222222222, 28.23361111111111, 28.031666666666663, 28.217222222222215, 28.62555555555556, 28.891666666666666, 28.853055555555557, 28.284166666666664, 28.946666666666673, 30.658055555555563, 30.44416666666666, 30.040555555555542, 29.620555555555555, 28.016388888888887, 27.87305555555556, 27.975277777777777, 28.273333333333337, 28.604166666666668, 28.213888888888885, 28.847499999999993, 28.846666666666668, 29.174166666666665, 28.328333333333333, 28.250833333333336], "Right_Temps": [29.58277777777778, 29.358611111111113, 27.885833333333338, 27.708333333333343, 27.781111111111105, 28.41638888888889, 29.468611111111116, 28.538333333333323, 28.928888888888885, 29.068611111111107, 28.69055555555555, 28.97194444444445, 29.553333333333324, 29.605833333333337, 29.67472222222223, 29.663888888888877, 28.841666666666658, 28.47916666666668, 28.412222222222223, 28.57861111111111, 28.438888888888886, 28.651111111111113, 28.942499999999995, 29.113888888888887, 29.385833333333323, 29.970555555555556, 31.233888888888885, 30.45305555555556, 31.441388888888884, 28.90555555555556, 28.779444444444444, 29.56527777777778, 28.081388888888885, 28.24305555555555, 28.504999999999995, 28.627499999999998, 28.836666666666677, 28.507777777777783, 28.543611111111115, 28.52944444444445, 28.504166666666663, 29.2263888888889, 29.275555555555552, 28.835277777777783, 28.654722222222226, 28.436388888888885, 28.383611111111108, 28.495000000000005, 28.814444444444447, 29.109444444444453, 29.36027777777777, 29.54194444444444, 29.636666666666656, 29.134444444444455, 30.14111111111111, 29.37527777777778, 29.396388888888893, 28.043055555555554, 28.200277777777774, 28.463611111111106, 28.712499999999995, 28.513611111111103, 28.739444444444448, 28.288055555555545, 29.515, 29.51138888888889, 29.01361111111111, 28.34833333333334, 28.390277777777776, 28.630555555555556, 29.210555555555548, 29.402222222222218, 28.489722222222227, 28.870277777777776, 31.36944444444445, 28.60666666666666, 27.939722222222226, 28.020555555555546, 28.102777777777774, 28.2325, 29.32305555555556, 30.61888888888889, 28.500000000000014, 28.252499999999994, 28.546388888888885, 29.05111111111111, 28.065833333333334, 28.37083333333333, 28.370277777777776, 27.960277777777776, 27.974722222222233, 29.025000000000002, 28.38833333333332, 28.45888888888889, 28.372500000000006, 28.708333333333332]}