{"ID": 169, "Surgery": 0, "Body_Temp": 35.9, "Cancer": 0, "Left_Temps": [32.2661111111111, 30.700833333333335, 30.18805555555556, 31.202777777777776, 31.803055555555552, 31.953611111111115, 30.43388888888889, 31.594722222222224, 31.050833333333337, 30.423611111111104, 32.45972222222222, 32.323333333333345, 32.97583333333333, 33.242777777777775, 33.135555555555555, 32.62805555555556, 32.57361111111112, 31.637500000000003, 30.804722222222217, 30.630000000000003, 30.319166666666675, 30.340555555555554, 30.34972222222221, 30.418055555555554, 30.45944444444445, 30.51472222222223, 31.068333333333335, 30.85472222222223, 31.34027777777778, 31.176944444444448, 31.87583333333334, 30.22194444444445, 30.13194444444445, 30.879722222222224, 31.384999999999998, 32.08027777777777, 30.843055555555566, 30.93527777777778, 30.96611111111112, 31.375000000000007, 32.239166666666655, 32.57027777777777, 32.19972222222222, 32.45138888888888, 31.603888888888875, 30.703055555555554, 30.59638888888888, 30.397777777777776, 30.745833333333337, 31.196388888888887, 31.841944444444444, 32.343611111111116, 31.25111111111111, 30.02111111111111, 29.727500000000003, 29.809999999999995, 31.02527777777778, 31.82944444444444, 32.307500000000005, 31.78805555555556, 30.985555555555564, 30.374444444444446, 30.27388888888889, 31.581944444444446, 31.14833333333333, 31.291388888888896, 30.55833333333333, 30.502777777777776, 30.56944444444444, 31.147499999999997, 31.076388888888896, 31.919999999999998, 30.432222222222208, 29.826388888888882, 30.438888888888886, 31.69805555555556, 30.69472222222223, 30.64888888888889, 32.00972222222222, 30.81944444444445, 31.18055555555555, 30.88138888888889, 30.74055555555556, 31.330277777777766, 31.739444444444448, 31.53055555555555, 31.617222222222225, 31.68861111111111, 31.40194444444444, 30.907777777777785, 30.519444444444446, 31.968333333333337, 30.251666666666665, 30.98333333333334, 31.10111111111111, 31.028888888888893], "Right_Temps": [31.389999999999993, 29.35444444444445, 28.85083333333333, 29.235277777777778, 29.665000000000003, 29.207222222222217, 29.162499999999998, 30.158611111111117, 30.64111111111111, 30.001666666666658, 30.094166666666677, 30.075555555555557, 31.051944444444434, 31.688055555555554, 32.358888888888885, 31.211111111111116, 31.527222222222218, 31.556388888888893, 31.206944444444446, 31.12222222222223, 31.47527777777777, 31.02861111111111, 31.449722222222235, 30.71833333333333, 31.666388888888882, 30.784166666666668, 30.860277777777778, 30.84777777777778, 30.393888888888885, 30.69777777777777, 31.30277777777778, 29.28055555555556, 28.79833333333333, 28.71583333333334, 29.063888888888883, 29.436944444444446, 29.428888888888885, 30.384166666666673, 30.953611111111115, 29.88694444444444, 29.47833333333334, 30.893888888888892, 31.10555555555556, 31.795833333333334, 31.393055555555563, 30.582500000000007, 31.275555555555556, 30.063333333333333, 31.408333333333328, 31.03111111111111, 31.412499999999998, 31.499722222222218, 30.762777777777778, 29.34222222222222, 29.156666666666677, 29.198055555555552, 28.846111111111114, 28.78388888888888, 29.020277777777785, 29.504722222222224, 29.61027777777777, 30.431111111111118, 30.036388888888894, 29.24055555555556, 29.70805555555556, 30.242222222222228, 30.463055555555556, 31.56222222222222, 30.63861111111111, 31.156388888888884, 31.355277777777776, 31.42500000000001, 29.305, 28.97361111111111, 29.03805555555555, 29.091388888888886, 29.09833333333334, 29.425555555555547, 29.478888888888882, 30.606388888888894, 30.298611111111104, 30.417777777777772, 31.072222222222226, 31.047777777777767, 30.862222222222215, 29.60500000000001, 29.351388888888884, 29.16305555555555, 29.163333333333323, 29.188611111111115, 29.389722222222215, 30.30861111111111, 29.374166666666667, 29.30861111111111, 29.200555555555557, 28.925277777777783]}