{"ID": 17, "Surgery": 0, "Body_Temp": 35.9, "Cancer": 0, "Left_Temps": [32.9511111111111, 31.851388888888884, 31.27138888888889, 31.25111111111111, 31.610000000000007, 31.803055555555552, 31.671944444444446, 31.959722222222215, 32.19444444444444, 32.22055555555554, 32.03333333333333, 31.186944444444446, 31.44055555555555, 31.571388888888894, 31.183611111111116, 32.13388888888889, 31.50388888888889, 31.852499999999996, 32.15888888888888, 32.022777777777776, 32.32555555555555, 31.35722222222222, 30.766944444444434, 32.16194444444445, 31.095833333333328, 30.487222222222222, 30.80277777777778, 32.214444444444446, 33.57638888888889, 33.03222222222223, 33.22416666666666, 31.5913888888889, 31.370277777777783, 31.237499999999994, 31.643888888888895, 31.797500000000007, 32.19000000000001, 32.14555555555556, 32.090833333333336, 32.04055555555557, 31.594166666666677, 31.510833333333338, 32.16472222222222, 31.565000000000005, 32.812222222222225, 32.07083333333334, 31.256111111111117, 31.02805555555555, 31.326944444444443, 30.791388888888896, 30.891666666666666, 30.068333333333328, 31.065277777777776, 31.397499999999997, 31.628611111111113, 31.188888888888886, 31.574166666666674, 31.863333333333337, 32.06277777777777, 32.260000000000005, 32.34555555555556, 32.86, 32.527222222222214, 31.816388888888884, 31.591111111111097, 33.13, 31.89611111111111, 31.79833333333333, 31.866666666666667, 31.139722222222222, 31.13944444444445, 30.464722222222218, 31.657500000000002, 31.13222222222222, 31.273333333333337, 31.495277777777776, 31.54472222222222, 32.520277777777785, 32.31916666666666, 32.39666666666667, 32.467777777777776, 32.60138888888889, 32.737777777777765, 32.109722222222224, 30.355833333333333, 31.133611111111108, 31.306388888888893, 31.210833333333337, 31.713333333333328, 32.61027777777778, 32.09055555555556, 32.383611111111094, 31.706388888888878, 31.50472222222223, 31.111666666666665, 32.01777777777778], "Right_Temps": [31.39166666666667, 31.82444444444444, 31.43361111111111, 31.566666666666663, 31.65750000000001, 31.536944444444444, 31.699166666666674, 31.76194444444444, 31.92027777777778, 31.775833333333328, 31.37250000000001, 31.01638888888888, 30.622222222222224, 31.13472222222222, 31.42, 31.71222222222222, 32.13194444444445, 31.80416666666666, 31.5975, 30.995277777777787, 30.984444444444453, 31.005833333333328, 31.061388888888878, 30.78999999999999, 29.844166666666663, 30.06166666666666, 30.38111111111111, 32.46944444444445, 32.40972222222223, 32.365, 31.649722222222223, 30.990555555555538, 31.484166666666667, 31.80583333333334, 31.356388888888894, 31.78888888888889, 32.02361111111112, 31.62749999999999, 31.688611111111115, 31.478333333333335, 31.961111111111116, 31.253333333333337, 32.42472222222222, 31.401111111111106, 31.40305555555556, 31.194722222222214, 31.881111111111117, 31.091388888888886, 30.82611111111111, 31.85666666666666, 30.37194444444445, 30.095555555555556, 30.544722222222227, 30.5625, 30.613055555555555, 30.54527777777778, 30.745833333333337, 30.89888888888889, 31.015833333333337, 31.572500000000005, 32.090555555555554, 31.67722222222222, 31.611111111111125, 31.51138888888889, 31.557777777777783, 31.471111111111107, 31.39333333333334, 31.978055555555557, 31.068611111111107, 30.836111111111116, 30.630000000000003, 30.366111111111113, 31.477777777777785, 30.96277777777778, 30.477777777777778, 30.676111111111098, 30.82861111111111, 31.548888888888882, 31.87805555555555, 31.44972222222223, 31.742500000000014, 31.89805555555556, 31.620833333333337, 30.605, 31.554444444444453, 30.60472222222223, 32.25083333333333, 30.93111111111111, 30.709166666666665, 31.691666666666663, 31.483611111111113, 31.975000000000005, 31.808611111111116, 30.78777777777778, 30.876944444444447, 31.105277777777772]}