{"ID": 170, "Surgery": 0, "Body_Temp": 34.7, "Cancer": 0, "Left_Temps": [32.50638888888889, 29.383333333333326, 28.47666666666667, 28.941388888888884, 29.40277777777778, 29.734166666666667, 30.017222222222212, 30.61027777777777, 30.014999999999993, 29.597777777777782, 29.22694444444444, 29.15166666666666, 30.349166666666658, 33.134166666666665, 33.865, 33.31222222222222, 32.15138888888888, 31.933888888888898, 30.49361111111111, 29.751666666666658, 29.068888888888882, 29.379444444444434, 29.800277777777776, 30.089166666666667, 30.356111111111122, 31.565277777777776, 34.224722222222226, 32.4375, 32.14666666666667, 30.74194444444444, 30.772777777777776, 30.05861111111111, 28.31638888888889, 28.40111111111111, 29.638055555555557, 30.079444444444455, 29.90444444444445, 30.09388888888888, 30.035833333333343, 29.676111111111116, 29.01833333333333, 29.807499999999997, 32.46, 32.33777777777778, 31.796388888888877, 30.713888888888896, 29.96833333333333, 29.297500000000007, 29.50472222222223, 30.390277777777776, 30.663611111111113, 30.21388888888889, 31.626944444444447, 30.579444444444448, 28.728888888888896, 29.24666666666667, 28.533333333333342, 28.379166666666663, 30.646666666666665, 29.797222222222224, 30.661666666666672, 29.70194444444445, 29.680277777777786, 29.735555555555564, 31.589444444444446, 31.768333333333334, 30.643055555555545, 30.012222222222224, 29.872222222222224, 29.515555555555565, 30.83972222222222, 31.018333333333334, 30.38472222222222, 28.95555555555556, 28.44972222222223, 28.52777777777779, 29.243611111111118, 29.748611111111117, 30.099444444444437, 29.44750000000001, 29.437777777777782, 30.68500000000001, 30.189444444444437, 30.07305555555556, 29.744722222222222, 30.40222222222221, 29.47555555555555, 28.855555555555554, 29.081388888888885, 30.084444444444443, 29.898333333333326, 29.280000000000005, 29.395833333333332, 30.030833333333337, 29.801388888888887, 30.05250000000001], "Right_Temps": [30.916111111111118, 28.113055555555555, 27.262499999999996, 27.290833333333335, 28.471666666666675, 28.484722222222217, 28.46027777777779, 28.984166666666663, 30.65583333333333, 29.21611111111112, 31.465277777777786, 33.103888888888896, 33.282777777777774, 33.22944444444445, 32.888888888888886, 32.40222222222222, 30.861944444444443, 31.376666666666665, 30.49055555555556, 29.118888888888893, 28.45083333333333, 28.66222222222222, 29.174166666666665, 29.587777777777788, 29.84972222222222, 30.02944444444445, 32.10055555555556, 31.864722222222213, 31.4025, 29.833888888888893, 30.228333333333328, 28.13, 27.308611111111112, 27.323055555555552, 27.907222222222224, 28.862500000000004, 28.41305555555556, 29.08305555555555, 29.62861111111111, 30.432499999999997, 31.4061111111111, 31.33027777777778, 31.354999999999986, 31.141111111111115, 31.02027777777778, 30.52027777777778, 29.22027777777778, 28.43666666666667, 28.909722222222214, 29.859722222222224, 30.43055555555556, 30.258333333333333, 29.912222222222226, 29.769999999999996, 28.219444444444445, 28.664444444444445, 27.710000000000004, 27.537222222222223, 28.132777777777775, 28.60111111111111, 28.638055555555557, 29.453055555555554, 30.555, 30.773333333333337, 30.933055555555555, 31.03388888888888, 30.65750000000001, 29.279166666666665, 28.371944444444452, 28.807777777777776, 30.024999999999995, 30.31944444444445, 30.26944444444444, 27.848611111111115, 27.897222222222222, 27.93861111111111, 28.14611111111111, 28.29888888888889, 28.548611111111104, 30.023055555555555, 30.453055555555554, 30.514444444444443, 29.35777777777778, 28.63611111111112, 28.745555555555555, 29.60055555555555, 28.368055555555554, 28.195277777777783, 27.988611111111116, 28.052222222222216, 29.132499999999993, 29.623611111111117, 29.02, 28.706388888888878, 28.37194444444444, 28.060833333333335]}