{"ID": 171, "Surgery": 0, "Body_Temp": 35.8, "Cancer": 0, "Left_Temps": [31.316111111111102, 30.747500000000002, 30.99972222222222, 30.721666666666668, 31.079166666666666, 31.617222222222228, 31.371666666666655, 31.20027777777777, 31.12861111111112, 31.612777777777783, 30.91250000000001, 31.081944444444446, 31.51277777777777, 33.10972222222222, 33.757777777777775, 33.71972222222221, 33.83833333333333, 33.525000000000006, 32.85083333333333, 31.91916666666667, 31.959444444444443, 32.88638888888889, 32.958055555555546, 31.28055555555556, 30.60138888888889, 31.12083333333333, 33.3786111111111, 29.977222222222217, 29.126388888888886, 29.487222222222215, 30.220000000000002, 29.745555555555555, 30.13916666666667, 30.292777777777776, 30.7075, 31.700555555555557, 31.37527777777777, 31.02194444444445, 31.16027777777777, 31.609444444444446, 31.444444444444443, 31.946666666666676, 33.413888888888884, 34.16555555555555, 33.423611111111114, 34.04416666666666, 32.991388888888885, 31.792777777777772, 30.93472222222223, 30.753055555555566, 31.19555555555556, 30.369722222222222, 31.193611111111107, 28.764999999999993, 28.640833333333333, 29.004722222222217, 29.421944444444446, 30.12805555555555, 30.27138888888889, 31.25416666666667, 30.872500000000002, 31.226388888888884, 31.141944444444448, 31.784722222222214, 31.193055555555556, 31.475000000000005, 31.7925, 31.072777777777773, 32.4538888888889, 31.807500000000005, 31.293611111111122, 30.810555555555563, 29.840555555555554, 28.886944444444445, 28.99027777777778, 29.647222222222233, 29.987777777777776, 30.383333333333326, 31.03777777777778, 31.418611111111115, 31.71166666666666, 32.22666666666666, 31.871388888888887, 31.128888888888884, 30.59333333333333, 30.1786111111111, 29.92694444444446, 29.364722222222227, 29.869722222222222, 30.281666666666663, 30.84055555555556, 31.51166666666668, 30.794166666666666, 30.334444444444436, 30.088888888888896, 30.384999999999998], "Right_Temps": [30.555, 29.9536111111111, 30.28305555555555, 30.529166666666654, 31.032499999999995, 31.035555555555547, 31.100555555555545, 31.349999999999998, 31.682499999999997, 31.613333333333344, 32.302499999999995, 31.643888888888885, 31.34805555555556, 32.61666666666667, 34.275277777777774, 33.7525, 33.70694444444445, 33.525833333333324, 33.624722222222225, 32.98083333333333, 32.599722222222226, 31.862777777777776, 31.472777777777782, 31.41027777777778, 31.56333333333332, 31.668333333333333, 31.1936111111111, 30.489444444444448, 29.446944444444448, 29.393611111111113, 29.846666666666668, 29.46416666666666, 29.836666666666662, 30.42388888888889, 30.604444444444432, 30.838055555555552, 31.06916666666666, 31.200277777777778, 31.61944444444445, 31.362499999999997, 31.77388888888888, 31.409999999999993, 33.495, 34.07916666666668, 34.114444444444445, 33.34916666666666, 32.771666666666675, 32.69083333333333, 32.16499999999999, 31.90638888888889, 32.19333333333333, 31.446388888888894, 30.97638888888889, 30.270833333333332, 29.312499999999993, 29.211666666666662, 29.561666666666667, 30.498055555555563, 30.727500000000003, 30.907777777777774, 31.231666666666666, 31.34333333333333, 31.63388888888888, 31.29055555555555, 31.49027777777778, 33.33027777777777, 33.19083333333334, 32.9938888888889, 32.75333333333332, 32.55333333333333, 32.32749999999999, 32.147222222222226, 29.834999999999997, 29.828611111111115, 29.595277777777774, 30.344166666666656, 31.28083333333333, 30.965277777777786, 31.528888888888886, 31.457500000000014, 31.498055555555556, 31.385555555555545, 31.87138888888888, 29.997777777777767, 32.58, 31.811111111111106, 30.203611111111115, 30.275277777777788, 31.8563888888889, 31.816388888888874, 32.03472222222223, 31.84722222222222, 32.114722222222234, 31.823611111111113, 31.220000000000002, 32.28194444444444]}