{"ID": 172, "Surgery": 0, "Body_Temp": 34.9, "Cancer": 0, "Left_Temps": [32.41638888888889, 31.134722222222226, 30.891111111111115, 31.09388888888888, 30.838333333333335, 30.239166666666662, 29.903055555555554, 30.87083333333333, 30.620833333333323, 31.03055555555555, 30.64916666666666, 32.87444444444445, 32.885277777777766, 32.895833333333336, 32.99611111111111, 32.96388888888888, 32.149444444444434, 32.846111111111114, 31.17777777777778, 30.433333333333344, 30.114444444444448, 30.4663888888889, 30.229722222222215, 30.677499999999995, 31.84472222222223, 34.86444444444444, 33.99250000000001, 33.08333333333333, 30.96972222222223, 31.35888888888889, 32.12361111111111, 30.469999999999988, 30.001388888888886, 30.669444444444448, 30.922499999999996, 30.235555555555557, 30.132499999999993, 30.564722222222226, 30.21555555555556, 30.38055555555555, 31.88916666666667, 32.292500000000004, 32.341388888888886, 32.26305555555555, 32.89916666666667, 31.12222222222223, 30.74305555555555, 30.23222222222222, 29.924999999999997, 30.059999999999988, 30.04500000000001, 30.00333333333333, 30.647777777777783, 30.135277777777787, 30.63638888888889, 31.636666666666674, 30.194444444444443, 30.3011111111111, 30.283611111111114, 30.918055555555554, 30.224444444444444, 30.7575, 29.963055555555563, 31.533611111111107, 31.681944444444444, 32.12694444444445, 30.966388888888886, 30.961111111111123, 30.321111111111108, 30.54166666666667, 30.720833333333342, 30.182222222222215, 30.033055555555556, 30.81694444444444, 31.13138888888889, 30.58305555555555, 30.254722222222217, 30.306388888888893, 30.166388888888896, 30.845555555555563, 30.750555555555554, 30.891666666666666, 30.945833333333333, 30.32416666666667, 30.836388888888887, 30.456666666666667, 30.65277777777778, 31.463611111111113, 31.20944444444445, 29.842500000000005, 29.607499999999998, 30.97416666666665, 30.347222222222214, 30.861666666666665, 30.35083333333333, 29.82666666666666], "Right_Temps": [31.862777777777783, 29.47611111111111, 28.64111111111111, 28.442777777777774, 28.464444444444446, 29.11083333333334, 30.242222222222217, 29.484166666666674, 29.177500000000002, 30.37222222222222, 31.190277777777776, 33.826944444444464, 34.024722222222216, 33.8225, 33.08972222222222, 32.017500000000005, 31.753888888888884, 32.12694444444445, 31.244999999999997, 30.894444444444453, 29.149722222222223, 29.7575, 29.456666666666667, 29.374166666666675, 29.474722222222226, 30.006388888888896, 31.019166666666667, 30.198055555555552, 31.15194444444444, 30.20500000000001, 30.751111111111122, 29.463055555555545, 28.70222222222223, 28.621388888888887, 28.364722222222227, 28.700833333333335, 30.08277777777778, 29.40277777777778, 29.37944444444444, 30.550555555555565, 31.86111111111111, 32.12166666666666, 32.29638888888889, 32.35361111111112, 32.82555555555555, 31.12083333333333, 30.244166666666665, 29.061111111111114, 28.90694444444445, 28.879166666666663, 28.945277777777775, 29.14305555555556, 29.408888888888896, 29.811944444444446, 28.985277777777778, 29.441944444444445, 28.84194444444445, 29.084999999999997, 28.612222222222222, 28.480277777777776, 28.947500000000005, 28.66916666666667, 29.474444444444455, 31.284166666666675, 32.322222222222216, 32.98361111111111, 30.668888888888887, 29.513888888888882, 29.07249999999999, 29.007777777777775, 29.033333333333328, 29.60833333333333, 30.35444444444444, 28.73833333333333, 28.83694444444445, 28.625, 28.775000000000002, 28.27694444444445, 28.314166666666658, 29.016388888888894, 29.830555555555552, 30.162777777777777, 29.31361111111111, 28.97638888888889, 28.911388888888887, 29.754722222222224, 28.845833333333335, 28.61, 28.383333333333344, 28.058888888888895, 28.70083333333334, 29.24305555555556, 28.835277777777776, 28.901388888888896, 28.42805555555556, 28.827500000000004]}