{"ID": 173, "Surgery": 0, "Body_Temp": 33.9, "Cancer": 0, "Left_Temps": [29.210277777777783, 28.406388888888888, 28.92472222222223, 28.536944444444444, 29.017500000000002, 29.451388888888896, 29.715, 29.949722222222217, 31.631111111111117, 31.397499999999997, 31.667777777777783, 32.165, 32.12444444444444, 32.14916666666666, 32.11888888888888, 32.11277777777778, 31.905833333333344, 31.600555555555545, 31.163888888888877, 30.846111111111117, 30.63694444444444, 30.37194444444445, 30.793888888888894, 30.28555555555556, 30.924999999999994, 30.536666666666665, 31.80611111111111, 31.953055555555554, 31.648611111111116, 28.87138888888889, 28.365833333333327, 28.04138888888889, 28.243611111111107, 28.947222222222226, 29.0775, 29.83083333333333, 29.721111111111124, 31.459166666666672, 31.983611111111113, 31.435000000000002, 31.61166666666666, 31.892777777777788, 32.092222222222226, 31.98027777777779, 31.586388888888887, 31.206111111111106, 31.016111111111115, 31.09055555555555, 30.883611111111115, 30.773333333333337, 30.72166666666666, 30.785833333333326, 30.660833333333333, 31.137500000000003, 29.137222222222224, 28.366111111111106, 28.477500000000003, 29.16083333333334, 30.041944444444443, 29.932777777777776, 29.88305555555556, 31.257777777777775, 31.90194444444444, 31.858611111111113, 32.23222222222222, 31.637777777777778, 31.27944444444445, 31.400555555555556, 31.47638888888889, 30.605833333333326, 30.98555555555555, 31.349166666666665, 31.380277777777778, 31.730833333333344, 29.39777777777777, 29.57055555555556, 29.561111111111114, 30.11472222222223, 31.62083333333333, 31.204722222222227, 31.372499999999995, 31.15027777777778, 31.45805555555555, 32.12916666666667, 30.678333333333327, 31.47027777777778, 31.775833333333335, 30.36, 31.637777777777778, 31.91666666666667, 32.29805555555555, 31.182222222222222, 32.35555555555556, 31.40111111111112, 31.70472222222222, 31.758888888888894], "Right_Temps": [28.238055555555558, 28.187777777777782, 29.188333333333325, 29.39888888888888, 29.30805555555556, 29.636111111111113, 29.578333333333326, 31.437499999999993, 30.935277777777774, 30.47972222222222, 30.46944444444445, 30.780277777777783, 31.01083333333333, 31.43444444444445, 31.311388888888885, 31.163333333333323, 31.70777777777777, 31.23805555555556, 30.846666666666675, 32.36555555555557, 31.201944444444436, 30.702222222222215, 30.334444444444443, 29.90805555555555, 29.808888888888887, 30.946388888888887, 33.902222222222214, 34.17777777777778, 33.24416666666666, 27.866666666666664, 27.716944444444444, 28.22916666666667, 29.563055555555554, 29.8675, 29.578888888888887, 28.953888888888894, 29.157500000000002, 31.540555555555557, 30.511666666666663, 30.283611111111107, 30.47666666666667, 30.639444444444436, 30.890833333333333, 31.31888888888889, 31.234444444444453, 30.79472222222222, 31.5475, 31.25722222222222, 30.491666666666674, 30.367222222222203, 30.20305555555556, 30.046666666666663, 30.029999999999998, 29.89999999999999, 28.29138888888889, 27.844166666666656, 28.254722222222217, 28.901111111111113, 29.209166666666665, 28.967777777777776, 30.01750000000001, 31.348333333333333, 30.525277777777788, 30.183333333333337, 30.306944444444444, 30.689444444444447, 30.46472222222222, 31.088055555555545, 31.13638888888889, 30.18777777777779, 30.405277777777776, 30.564166666666665, 30.839166666666667, 28.562499999999993, 28.546111111111113, 28.857777777777773, 29.451388888888882, 30.46527777777777, 30.128888888888884, 30.419999999999998, 30.40555555555556, 30.248333333333335, 30.670555555555552, 30.962499999999995, 29.907499999999995, 30.230555555555547, 30.905833333333337, 30.67055555555556, 30.105555555555554, 30.41361111111111, 29.857222222222212, 30.447222222222226, 30.15416666666668, 29.91305555555555, 30.118888888888893, 29.932499999999997]}