{"ID": 174, "Surgery": 0, "Body_Temp": 36.5, "Cancer": 0, "Left_Temps": [30.679444444444446, 29.59555555555555, 30.087222222222223, 29.964722222222218, 31.408055555555556, 33.16749999999999, 32.463888888888874, 31.88833333333334, 31.161388888888887, 30.74805555555557, 30.730000000000004, 30.423888888888882, 32.69555555555556, 32.814166666666665, 32.8475, 32.656388888888884, 32.60194444444444, 33.436944444444435, 32.44305555555555, 31.48527777777777, 31.013055555555564, 30.454166666666666, 31.059166666666663, 31.099444444444444, 30.960555555555555, 30.292777777777783, 29.74694444444445, 29.109722222222224, 28.957777777777785, 28.659444444444446, 29.057500000000005, 29.043333333333333, 28.831666666666667, 29.57916666666667, 30.893333333333334, 33.31472222222221, 30.939166666666665, 31.470833333333335, 31.64166666666667, 31.153888888888886, 31.81027777777778, 33.14333333333334, 32.875277777777775, 32.423611111111114, 32.72833333333333, 31.89333333333334, 32.440277777777766, 31.790000000000003, 31.865277777777766, 30.735555555555557, 30.918888888888887, 31.075000000000003, 29.633055555555547, 27.788333333333323, 27.97277777777778, 28.86888888888889, 29.123055555555553, 30.34333333333333, 30.43055555555556, 30.730277777777776, 29.917777777777772, 31.03111111111111, 31.519999999999996, 32.02916666666666, 33.15777777777779, 33.03444444444446, 31.778611111111104, 31.26833333333333, 30.897777777777776, 30.626944444444437, 31.478888888888875, 32.41916666666667, 28.172777777777778, 27.90527777777778, 28.33027777777778, 28.393055555555563, 28.90972222222223, 29.664444444444445, 29.78305555555555, 31.792777777777776, 30.60083333333333, 31.47916666666666, 31.296111111111113, 31.2025, 31.30194444444444, 31.133888888888887, 28.796666666666663, 28.274999999999995, 28.678333333333324, 29.223055555555554, 30.10750000000001, 31.69055555555556, 30.437222222222218, 30.068611111111107, 29.325277777777778, 29.493333333333332], "Right_Temps": [29.84777777777777, 29.938888888888886, 30.853333333333335, 31.402222222222218, 31.756666666666675, 31.194999999999993, 30.609166666666667, 30.54611111111112, 30.308333333333337, 30.108611111111113, 29.853333333333328, 29.931944444444444, 32.593888888888884, 32.862222222222236, 32.73333333333332, 32.552499999999995, 32.376666666666665, 31.343611111111116, 30.622499999999995, 31.24583333333333, 29.757777777777775, 29.221944444444446, 29.366944444444453, 29.993611111111104, 30.058055555555555, 30.375, 30.723333333333333, 30.23222222222222, 27.709166666666665, 27.938611111111115, 28.779722222222226, 29.32888888888888, 30.404444444444444, 30.099722222222226, 30.18444444444445, 30.96944444444444, 30.38083333333332, 30.009999999999998, 30.591388888888893, 29.900277777777774, 30.096666666666668, 32.01555555555557, 32.320833333333326, 32.54777777777778, 31.368333333333332, 30.798055555555568, 31.280277777777762, 30.68416666666667, 29.74027777777778, 29.94694444444443, 30.46944444444445, 30.396666666666672, 30.61999999999999, 31.14694444444445, 28.09, 28.369444444444447, 29.279722222222215, 29.803611111111106, 29.352777777777785, 31.0175, 30.369722222222208, 30.383611111111108, 30.07611111111111, 29.993611111111118, 32.11083333333333, 31.625833333333325, 31.089444444444446, 31.660833333333326, 30.70888888888889, 30.25, 30.52027777777778, 30.570277777777772, 30.417222222222215, 27.95083333333334, 28.09888888888889, 30.431111111111118, 30.385833333333338, 29.73166666666666, 29.756111111111107, 29.523333333333337, 31.00361111111112, 31.94472222222223, 31.66805555555556, 31.040555555555557, 31.149166666666677, 31.0511111111111, 30.401666666666667, 28.413333333333327, 29.19972222222223, 29.97361111111111, 30.0811111111111, 29.88777777777777, 30.151666666666667, 28.406388888888895, 28.966666666666672, 29.600833333333338]}