{"ID": 177, "Surgery": 0, "Body_Temp": 34.5, "Cancer": 0, "Left_Temps": [30.191388888888884, 30.762777777777778, 30.8675, 30.567222222222217, 29.92416666666667, 30.349722222222226, 30.438888888888886, 32.3836111111111, 31.013055555555557, 30.7575, 31.462222222222213, 32.301111111111105, 31.97611111111111, 32.00083333333335, 31.44138888888889, 31.39222222222222, 32.43833333333334, 32.04500000000001, 30.581666666666667, 29.41694444444445, 29.19361111111111, 29.16027777777778, 29.318611111111117, 29.695000000000007, 29.663888888888884, 29.75249999999999, 29.54555555555556, 30.163888888888884, 28.28, 30.009722222222226, 30.540000000000003, 30.290833333333328, 30.389444444444457, 30.581944444444446, 29.33277777777778, 29.240555555555552, 29.729444444444443, 31.885555555555552, 31.366388888888896, 31.78916666666667, 32.16861111111111, 32.17027777777778, 31.553055555555552, 31.635833333333338, 31.51694444444444, 30.25361111111112, 29.768055555555552, 30.359444444444446, 29.818333333333342, 30.171111111111113, 27.6525, 29.97805555555555, 29.918333333333326, 28.251388888888883, 28.31527777777778, 29.153333333333332, 29.910833333333333, 31.157777777777774, 29.264166666666668, 28.901666666666674, 29.520833333333332, 30.820833333333326, 30.280277777777783, 33.28305555555556, 31.272499999999994, 31.155555555555548, 30.405277777777776, 30.25388888888889, 30.039722222222217, 30.217777777777776, 30.20777777777778, 28.73166666666667, 29.10444444444444, 28.87833333333333, 29.023055555555555, 30.58666666666667, 29.448611111111106, 28.81222222222222, 29.08972222222222, 30.80583333333332, 30.262222222222224, 30.769444444444453, 30.522500000000004, 30.04166666666666, 30.619722222222222, 28.55027777777777, 28.834999999999997, 29.412777777777777, 29.00055555555555, 28.597500000000007, 28.942222222222224, 30.44027777777777, 29.421111111111113, 28.734166666666674, 28.483611111111113, 28.524166666666662], "Right_Temps": [31.182222222222222, 30.524166666666662, 29.885555555555552, 28.70777777777778, 28.879444444444445, 30.573888888888884, 30.38555555555556, 29.755833333333335, 29.483888888888885, 30.321111111111108, 29.970833333333328, 29.465555555555554, 30.539999999999996, 32.63722222222222, 32.521111111111104, 31.561666666666667, 33.16916666666667, 31.165277777777778, 30.161388888888887, 29.40694444444445, 28.96749999999999, 28.48194444444444, 28.669444444444448, 29.00277777777777, 29.778055555555554, 29.65277777777778, 28.94166666666667, 28.887777777777785, 28.689166666666665, 28.9825, 29.432777777777783, 30.051388888888898, 28.836388888888887, 28.546666666666663, 28.264166666666668, 29.352499999999996, 30.092500000000012, 29.505555555555556, 29.092222222222226, 30.54222222222222, 29.582777777777764, 30.080277777777773, 33.06833333333334, 33.84555555555555, 34.10583333333334, 32.49166666666666, 30.63222222222223, 30.28055555555555, 29.535833333333343, 28.8788888888889, 27.22694444444445, 28.027222222222225, 28.00861111111111, 27.59638888888888, 28.276666666666667, 29.641111111111115, 28.187500000000004, 27.81638888888888, 28.070555555555554, 28.680277777777786, 28.694999999999993, 28.765833333333337, 28.683611111111116, 30.426388888888894, 30.843888888888884, 33.02027777777777, 31.970833333333335, 30.737499999999994, 30.137222222222217, 29.475277777777762, 27.547499999999996, 27.286944444444448, 27.330833333333338, 27.355833333333337, 28.310555555555556, 27.616944444444442, 27.741944444444442, 28.167777777777776, 28.443055555555556, 28.448611111111113, 28.834166666666672, 28.834722222222215, 28.05666666666667, 28.172499999999992, 28.052777777777774, 27.293611111111108, 27.087500000000006, 27.5775, 27.451666666666664, 27.81666666666667, 27.768055555555545, 28.04416666666667, 27.44916666666667, 27.273611111111112, 27.173055555555557, 27.321111111111104]}