{"ID": 179, "Surgery": 0, "Body_Temp": 34.5, "Cancer": 1, "Left_Temps": [30.025555555555556, 29.39138888888888, 29.587777777777774, 30.088611111111113, 30.483888888888877, 31.230555555555547, 30.97388888888888, 30.428888888888892, 30.618333333333325, 30.856388888888887, 30.938888888888894, 32.08166666666667, 32.00472222222223, 31.359722222222224, 31.144444444444446, 30.907777777777785, 30.772222222222215, 31.11277777777777, 30.495833333333323, 30.39027777777777, 30.491388888888892, 30.073333333333323, 29.83916666666666, 30.377499999999998, 30.528055555555543, 28.903333333333325, 29.349722222222226, 29.074166666666663, 29.24888888888889, 29.378611111111113, 29.619444444444444, 29.182499999999997, 29.576944444444457, 30.65138888888889, 30.805833333333325, 30.89944444444444, 31.08694444444444, 30.925833333333337, 30.71833333333333, 30.664722222222224, 31.281666666666663, 31.699444444444453, 31.62055555555556, 31.438055555555568, 30.635000000000005, 30.87583333333334, 31.068055555555556, 30.408055555555556, 30.004444444444445, 29.311111111111106, 29.543333333333333, 29.241944444444446, 28.98833333333333, 29.09972222222222, 29.25166666666668, 29.174166666666665, 29.456666666666667, 30.06916666666666, 30.480833333333337, 30.26555555555556, 30.572222222222226, 31.268333333333324, 30.948611111111113, 31.09694444444445, 31.404166666666672, 31.224722222222233, 31.328333333333337, 30.97555555555556, 30.545555555555552, 30.54972222222223, 29.44722222222222, 29.74638888888888, 29.624166666666667, 29.839166666666674, 29.650833333333335, 30.314166666666665, 30.34722222222223, 30.05916666666667, 30.321388888888894, 30.538333333333338, 30.40333333333334, 30.99305555555555, 29.63527777777778, 29.365277777777774, 29.251388888888886, 29.23972222222223, 29.653888888888893, 29.701944444444443, 29.815277777777762, 29.77722222222221, 29.7313888888889, 29.883888888888887, 29.58194444444444, 29.45305555555556, 29.691111111111102, 30.22972222222222], "Right_Temps": [30.993611111111104, 29.51388888888889, 29.39222222222223, 29.33666666666667, 29.407777777777785, 29.640277777777783, 30.081111111111106, 30.038611111111102, 30.078055555555554, 30.397222222222215, 30.62277777777778, 30.844722222222217, 32.556666666666665, 33.13722222222222, 33.18333333333334, 32.595833333333324, 32.533055555555556, 32.32472222222222, 32.14722222222221, 31.87861111111112, 31.62527777777777, 31.14888888888888, 30.935833333333342, 31.083333333333332, 31.12805555555556, 30.761944444444445, 30.686666666666667, 30.442777777777774, 29.551388888888887, 29.873333333333328, 30.306666666666672, 29.141111111111115, 29.11833333333334, 29.07, 29.292499999999993, 29.735277777777785, 30.11472222222222, 30.067500000000003, 30.47222222222223, 30.65583333333333, 31.60472222222222, 31.012499999999996, 32.243333333333354, 32.909166666666664, 32.172499999999985, 31.971666666666675, 32.36611111111112, 31.53166666666667, 31.080555555555545, 30.866666666666667, 31.082222222222224, 31.719722222222224, 30.44111111111111, 28.46361111111112, 28.71361111111112, 28.904444444444437, 28.831388888888895, 29.008333333333326, 29.072222222222212, 29.4375, 29.881666666666668, 30.206944444444453, 30.67916666666666, 31.046944444444446, 31.05972222222222, 31.85111111111112, 31.654722222222226, 31.14305555555556, 30.75611111111111, 30.920833333333334, 30.488888888888894, 29.784166666666668, 28.746111111111116, 28.458333333333332, 28.653333333333332, 28.944166666666675, 29.392222222222212, 29.21222222222222, 29.605, 30.04222222222222, 30.817500000000003, 31.795277777777795, 29.90805555555555, 30.1988888888889, 30.54499999999999, 29.78111111111111, 28.78472222222223, 28.736944444444443, 29.768888888888885, 30.23305555555556, 29.6525, 29.731944444444448, 29.625000000000007, 30.1875, 29.26333333333332, 29.704722222222227]}