{"ID": 18, "Surgery": 0, "Body_Temp": 35.3, "Cancer": 0, "Left_Temps": [32.294444444444444, 30.676666666666662, 30.272500000000004, 30.1688888888889, 30.124999999999993, 30.159722222222214, 29.91305555555555, 30.010833333333338, 30.173888888888897, 30.39361111111112, 30.854444444444443, 30.34666666666666, 30.294166666666666, 30.400833333333335, 30.539722222222206, 30.83583333333333, 30.893888888888892, 30.307222222222222, 30.419444444444448, 29.851944444444445, 29.415277777777774, 29.06027777777778, 28.555833333333325, 28.140833333333337, 27.92027777777777, 27.815555555555548, 27.857777777777784, 27.96833333333334, 29.281111111111116, 30.401666666666667, 31.597222222222214, 30.05111111111111, 29.896666666666672, 29.94777777777778, 29.8475, 29.904166666666665, 29.78305555555555, 30.115833333333327, 30.21472222222222, 30.18055555555556, 30.357777777777773, 30.20277777777779, 30.424999999999997, 30.494166666666654, 30.235000000000007, 30.540555555555557, 29.60055555555556, 29.438333333333325, 29.243333333333332, 28.769722222222224, 28.73, 28.36083333333333, 27.96472222222222, 28.136388888888884, 28.483333333333324, 29.39583333333334, 29.28916666666667, 29.763333333333335, 29.54222222222222, 29.53527777777778, 29.620555555555555, 29.853611111111118, 29.963333333333335, 29.814722222222215, 29.916388888888896, 30.13444444444444, 30.14444444444444, 29.443611111111117, 29.95833333333333, 29.602500000000006, 29.264444444444457, 29.21555555555556, 29.04222222222222, 28.291944444444436, 28.49694444444444, 29.300277777777776, 29.529999999999998, 29.441944444444445, 29.328055555555554, 29.565000000000005, 29.4225, 29.46916666666667, 29.439166666666672, 30.10361111111111, 30.21527777777777, 29.525555555555556, 28.73944444444444, 28.78472222222223, 29.46527777777778, 29.317222222222224, 29.12833333333333, 29.228333333333346, 29.360555555555564, 30.171388888888885, 29.628888888888884, 29.407777777777774], "Right_Temps": [31.59527777777778, 30.49333333333334, 30.303888888888892, 30.505555555555564, 30.4213888888889, 30.29583333333334, 30.383055555555547, 30.64638888888889, 30.463611111111113, 30.186666666666675, 29.73333333333333, 29.669999999999998, 30.10083333333333, 30.35555555555554, 30.465, 30.286944444444444, 31.17777777777779, 30.563333333333325, 30.01527777777777, 30.28111111111111, 29.59722222222222, 28.242222222222225, 28.49333333333334, 28.466388888888886, 27.974166666666655, 27.894166666666667, 27.98527777777778, 27.86444444444445, 29.121388888888887, 30.268888888888878, 30.84555555555555, 30.147222222222215, 30.163333333333338, 30.625555555555543, 30.467222222222226, 30.224444444444448, 30.290555555555557, 30.667500000000004, 30.265555555555554, 30.091111111111104, 29.854722222222215, 30.125555555555554, 30.613055555555555, 30.997222222222224, 30.484444444444446, 30.238055555555547, 30.264166666666668, 30.37277777777778, 29.62583333333334, 29.164722222222217, 28.786944444444444, 28.771666666666665, 28.548333333333332, 27.98611111111111, 28.379166666666674, 29.17444444444445, 29.215, 29.97888888888889, 30.246944444444452, 30.137500000000003, 30.09833333333334, 30.21416666666666, 30.19500000000001, 30.349166666666665, 30.377777777777776, 30.388055555555557, 30.546388888888885, 30.668333333333326, 29.855555555555554, 29.570833333333333, 28.98611111111111, 28.713333333333328, 28.48861111111111, 28.279999999999998, 28.355000000000004, 28.927777777777774, 29.708611111111125, 30.238611111111116, 29.56166666666666, 29.74694444444445, 30.436388888888896, 30.741666666666674, 30.72277777777778, 29.473055555555554, 28.947777777777773, 29.414444444444445, 28.81972222222222, 28.87388888888889, 29.69888888888889, 29.907222222222224, 29.229999999999993, 29.982222222222227, 29.665000000000006, 28.980555555555554, 29.494722222222222, 29.331666666666663]}