{"ID": 188, "Surgery": 0, "Body_Temp": 34.7, "Cancer": 0, "Left_Temps": [33.58027777777779, 30.709999999999997, 29.92333333333334, 30.036944444444437, 30.288888888888884, 30.80111111111111, 31.81666666666667, 31.944166666666675, 31.350833333333323, 31.163888888888877, 31.14555555555556, 31.94916666666668, 31.20888888888889, 31.099444444444455, 30.553611111111113, 29.873055555555556, 29.58888888888889, 29.860277777777785, 30.942777777777778, 30.282777777777767, 29.743333333333332, 29.70805555555555, 30.1725, 29.696666666666673, 29.710555555555555, 30.71833333333332, 31.072222222222212, 31.060555555555563, 31.659444444444446, 31.953333333333333, 32.63694444444444, 30.84027777777778, 30.47805555555555, 30.19944444444444, 30.39250000000001, 31.018611111111113, 31.80222222222222, 31.23944444444444, 31.203055555555565, 31.044999999999998, 31.328055555555547, 31.333888888888893, 31.03583333333334, 30.335277777777783, 31.266388888888894, 31.05111111111111, 30.759166666666665, 30.16361111111111, 30.29111111111111, 30.301111111111123, 30.44777777777778, 30.865000000000002, 30.790277777777767, 30.435555555555563, 30.266666666666666, 31.029999999999998, 30.744166666666665, 31.36555555555556, 30.51333333333332, 31.440277777777776, 30.855277777777776, 31.25305555555555, 31.20083333333334, 31.55972222222223, 31.414999999999996, 31.557777777777787, 31.068611111111107, 31.176944444444448, 31.001111111111115, 30.525555555555545, 30.53777777777777, 30.45833333333334, 30.320277777777775, 29.908333333333335, 29.94111111111111, 30.981388888888887, 32.0911111111111, 32.135833333333345, 30.679722222222225, 30.668055555555554, 31.195277777777775, 31.271666666666665, 31.267777777777773, 30.71944444444444, 30.314444444444444, 30.42916666666666, 30.71138888888889, 30.105277777777772, 31.163611111111102, 32.870555555555555, 30.313888888888886, 31.741944444444453, 30.447499999999998, 30.48333333333334, 31.13583333333333, 31.571111111111108], "Right_Temps": [32.185833333333335, 31.87083333333333, 30.83305555555555, 31.08361111111111, 31.820555555555547, 31.835000000000004, 31.87472222222222, 31.293333333333326, 31.656111111111116, 31.16277777777778, 32.770833333333336, 31.27722222222223, 31.226666666666656, 31.449444444444453, 30.45222222222223, 30.214166666666657, 29.63638888888889, 30.519166666666667, 30.288611111111113, 30.568333333333328, 31.828333333333333, 32.25000000000001, 29.6511111111111, 29.631111111111107, 29.713611111111113, 30.73805555555556, 31.006111111111107, 31.63861111111111, 31.528055555555554, 32.095833333333324, 31.59666666666666, 30.244722222222208, 31.562500000000007, 30.880000000000003, 31.07722222222223, 32.08027777777777, 31.49972222222223, 31.467500000000005, 31.19055555555556, 31.195277777777775, 31.844166666666663, 31.31166666666666, 31.232222222222227, 30.888333333333335, 31.197777777777773, 30.945, 31.950277777777778, 31.36194444444445, 29.97194444444445, 29.636666666666663, 29.987777777777776, 30.88138888888888, 31.906944444444452, 30.71833333333333, 31.20805555555555, 30.404444444444444, 29.901111111111113, 30.544999999999998, 31.52444444444444, 31.892222222222227, 30.903611111111104, 30.85111111111111, 31.556944444444436, 32.14333333333334, 31.63222222222223, 31.46388888888889, 31.81972222222222, 32.2513888888889, 31.25388888888889, 29.766111111111115, 29.581388888888885, 30.147499999999997, 30.627500000000005, 30.324999999999996, 30.431388888888893, 30.86111111111111, 31.504444444444445, 31.31305555555555, 30.99305555555555, 31.447222222222226, 33.64194444444445, 32.14805555555555, 32.74138888888889, 31.07972222222222, 30.00611111111111, 29.9611111111111, 30.728055555555557, 30.426388888888894, 30.795833333333334, 30.52444444444445, 30.603333333333335, 31.804444444444446, 30.991111111111113, 30.061944444444446, 30.991666666666674, 30.72250000000001]}