{"ID": 189, "Surgery": 0, "Body_Temp": 35.7, "Cancer": 0, "Left_Temps": [31.194444444444443, 29.955, 30.91888888888888, 30.78166666666667, 31.522499999999994, 32.10777777777778, 31.188888888888886, 31.326111111111103, 31.17222222222223, 31.54583333333335, 32.16861111111111, 31.713333333333342, 31.685555555555563, 31.707222222222217, 31.683888888888887, 30.738055555555565, 30.783333333333335, 30.57611111111111, 30.446111111111122, 30.12194444444445, 31.1463888888889, 30.645555555555557, 29.562222222222218, 29.448611111111113, 29.692222222222217, 30.227777777777778, 30.948611111111113, 30.470277777777785, 31.985555555555557, 30.75694444444444, 30.83527777777777, 30.16777777777779, 29.710000000000004, 30.162499999999998, 31.995833333333337, 32.203611111111094, 31.629722222222217, 31.067777777777785, 31.198055555555552, 31.729722222222215, 32.075277777777785, 31.467500000000012, 31.359166666666674, 31.33277777777778, 31.01666666666667, 30.731666666666666, 30.615277777777766, 31.07444444444444, 30.446388888888894, 29.70694444444444, 29.65361111111112, 30.128611111111113, 30.33749999999999, 31.105277777777783, 30.372499999999995, 30.371944444444452, 30.05555555555555, 30.641111111111115, 31.636388888888877, 31.355277777777772, 31.04527777777778, 31.48638888888889, 31.41138888888888, 31.90555555555555, 31.619999999999997, 31.254166666666677, 31.105833333333326, 30.87111111111111, 30.768888888888878, 30.510555555555552, 30.898333333333326, 30.6638888888889, 30.051944444444455, 30.529999999999998, 30.666944444444443, 31.84999999999999, 31.61694444444444, 31.017777777777773, 31.878333333333323, 31.071388888888894, 31.732222222222227, 31.183611111111116, 31.255277777777774, 30.41666666666666, 30.57972222222222, 30.961111111111116, 29.883333333333344, 30.317499999999995, 31.29972222222223, 31.202222222222215, 31.55194444444444, 32.072777777777766, 30.549722222222222, 30.63305555555556, 30.208888888888882, 31.665555555555564], "Right_Temps": [31.083333333333332, 30.433055555555555, 29.91611111111111, 30.307500000000005, 30.963333333333335, 30.28944444444444, 30.62388888888889, 30.33222222222221, 29.743611111111104, 30.183888888888887, 30.007777777777783, 31.762777777777778, 31.645833333333332, 31.394722222222228, 30.860555555555564, 30.214999999999993, 30.147222222222215, 30.060833333333335, 30.030277777777783, 29.574444444444453, 30.376944444444444, 30.228055555555557, 29.425833333333337, 29.336388888888887, 29.496111111111116, 29.67249999999999, 29.963611111111113, 30.221111111111107, 28.824999999999996, 29.64305555555556, 30.249722222222236, 29.564444444444455, 29.921388888888885, 30.142777777777788, 30.903888888888893, 30.266388888888873, 29.81888888888889, 30.026388888888885, 29.329444444444448, 30.531111111111116, 31.61111111111111, 31.912499999999998, 31.550000000000004, 30.87472222222222, 30.598333333333326, 30.42, 29.655833333333337, 31.506666666666668, 29.608611111111106, 29.27083333333333, 29.391388888888894, 29.869166666666672, 30.384444444444448, 28.30861111111111, 28.30666666666667, 29.112222222222222, 29.3125, 30.180833333333332, 29.84055555555556, 30.10138888888889, 30.079444444444455, 30.035555555555554, 29.388888888888882, 31.024166666666662, 31.321388888888887, 30.92416666666667, 30.262499999999996, 30.294722222222227, 30.646111111111104, 29.599999999999998, 29.243611111111118, 28.70027777777777, 28.841388888888893, 28.218055555555555, 28.418055555555554, 29.224444444444437, 29.066666666666663, 29.88055555555555, 30.3163888888889, 29.306944444444444, 30.581666666666663, 30.34638888888889, 30.635555555555552, 30.315555555555566, 29.728611111111125, 28.25638888888888, 28.62777777777778, 28.37722222222222, 28.374722222222225, 29.226944444444445, 30.204166666666666, 30.206388888888892, 30.613888888888887, 29.828888888888894, 28.16722222222221, 28.729722222222215]}