{"ID": 191, "Surgery": 0, "Body_Temp": 36.8, "Cancer": 0, "Left_Temps": [33.08055555555555, 31.9825, 31.19805555555556, 31.41027777777778, 32.05694444444444, 32.97694444444445, 33.02472222222222, 33.78555555555557, 33.41694444444445, 32.53888888888889, 33.74777777777778, 34.65444444444444, 34.280833333333334, 34.21416666666667, 34.52888888888887, 34.72999999999999, 34.207499999999996, 34.104722222222215, 34.40361111111111, 32.38388888888889, 31.78194444444444, 31.603333333333335, 31.75944444444443, 31.366111111111113, 31.24777777777778, 31.46166666666667, 32.62777777777777, 32.19138888888888, 31.69472222222221, 31.61694444444444, 32.23444444444445, 31.409722222222214, 31.181666666666672, 31.169999999999998, 32.43194444444444, 33.08250000000002, 32.973055555555554, 33.32333333333332, 33.24083333333333, 33.35222222222223, 33.65805555555557, 33.9986111111111, 34.2463888888889, 34.231944444444444, 33.715, 34.100277777777784, 32.44333333333335, 31.87527777777778, 31.65305555555555, 31.64, 31.43722222222223, 31.296111111111113, 31.770000000000007, 31.353333333333328, 31.682222222222226, 31.13861111111111, 31.06333333333332, 32.06944444444444, 32.95416666666667, 32.95861111111111, 32.864999999999995, 33.284444444444446, 33.60111111111112, 33.921666666666674, 33.51, 33.63722222222222, 33.284444444444446, 32.778055555555554, 31.94444444444445, 32.05694444444444, 32.276111111111106, 31.817500000000003, 32.0388888888889, 31.676666666666662, 31.84111111111112, 32.044444444444444, 32.25833333333333, 32.08138888888889, 33.22777777777778, 33.90444444444444, 33.53805555555556, 33.15027777777779, 33.45972222222222, 31.94027777777778, 31.99055555555557, 32.2738888888889, 32.176944444444445, 32.01361111111112, 31.765555555555554, 32.02944444444444, 32.528333333333336, 33.11138888888888, 32.32361111111111, 32.68, 31.35555555555554, 31.82611111111111], "Right_Temps": [33.18916666666667, 31.26472222222223, 30.761388888888877, 31.14805555555556, 31.84666666666666, 32.13638888888888, 32.41722222222223, 32.340555555555554, 32.1786111111111, 32.09944444444445, 33.91722222222223, 34.190555555555555, 34.215, 34.06861111111111, 34.05722222222222, 34.297222222222224, 34.56611111111111, 34.16333333333334, 33.1525, 33.02499999999999, 32.45666666666667, 31.998611111111117, 31.816111111111113, 32.30138888888889, 31.78444444444445, 31.743888888888875, 32.13583333333333, 31.849999999999998, 30.817222222222224, 31.146388888888893, 31.82722222222223, 30.866388888888885, 30.77083333333334, 31.266944444444434, 32.659444444444446, 32.86833333333333, 32.24944444444444, 32.45694444444445, 32.91305555555555, 33.48833333333334, 34.12694444444443, 34.40138888888889, 34.54194444444446, 34.51333333333335, 34.400555555555556, 33.19166666666668, 32.471388888888896, 32.08500000000001, 31.887222222222224, 32.51638888888888, 32.2288888888889, 31.86472222222222, 31.92416666666667, 32.15944444444444, 29.941666666666663, 30.38555555555556, 30.644166666666674, 31.43333333333333, 32.5775, 33.16472222222224, 32.95666666666667, 32.78222222222224, 33.215, 33.739444444444445, 33.80555555555556, 34.1838888888889, 33.21194444444446, 32.843333333333334, 32.10444444444444, 32.489166666666655, 32.197500000000005, 32.57500000000001, 32.82111111111111, 31.31027777777778, 30.27527777777778, 31.272222222222222, 31.525000000000002, 32.31194444444444, 32.07527777777778, 32.740277777777784, 33.663888888888884, 33.23249999999999, 33.836388888888884, 32.652499999999996, 32.803888888888885, 32.46277777777779, 32.70472222222223, 31.238888888888894, 31.473333333333333, 32.29472222222221, 32.49444444444444, 34.2775, 33.6788888888889, 32.65138888888888, 31.778611111111104, 32.66]}