{"ID": 193, "Surgery": 0, "Body_Temp": 36.4, "Cancer": 0, "Left_Temps": [31.241388888888878, 30.00833333333334, 31.036666666666658, 30.78416666666666, 31.46222222222223, 32.143055555555556, 31.191944444444445, 31.45888888888889, 31.294722222222227, 31.621111111111116, 32.205833333333345, 31.52166666666666, 31.57444444444444, 31.491388888888892, 31.458611111111125, 31.46277777777778, 31.306666666666658, 30.895555555555557, 30.447500000000005, 30.99694444444445, 30.763888888888882, 30.290277777777774, 29.439722222222226, 29.561666666666667, 30.019722222222217, 30.905277777777776, 34.103333333333346, 32.41472222222222, 31.891944444444434, 30.814722222222226, 30.959999999999994, 30.24944444444445, 29.6963888888889, 30.158611111111107, 32.07333333333334, 32.30222222222223, 31.65777777777778, 31.051666666666662, 31.114444444444455, 32.01166666666666, 31.90222222222223, 31.522777777777776, 31.580555555555552, 31.285555555555554, 31.379722222222224, 31.15694444444445, 31.026666666666657, 30.549722222222222, 29.844444444444434, 29.75333333333333, 30.03583333333334, 30.61888888888889, 30.629722222222217, 31.17, 30.367777777777786, 30.30916666666667, 29.945277777777772, 30.494166666666665, 31.50722222222223, 31.438888888888883, 30.961666666666662, 31.438611111111104, 31.529166666666658, 31.661111111111104, 31.948888888888884, 31.63138888888889, 31.167777777777772, 30.754444444444445, 30.44777777777778, 31.372222222222224, 30.716944444444444, 30.67388888888889, 30.07416666666667, 30.581111111111113, 30.599444444444444, 31.86861111111111, 31.62527777777778, 31.016666666666666, 31.98833333333333, 31.65277777777778, 31.97055555555557, 31.779999999999998, 31.16611111111111, 30.468055555555566, 31.65222222222222, 31.02527777777778, 29.89277777777778, 30.349722222222212, 31.44111111111111, 31.13527777777778, 31.57277777777778, 31.10777777777777, 30.862222222222222, 31.54111111111111, 30.216111111111104, 31.667777777777776], "Right_Temps": [30.91916666666667, 30.322222222222226, 29.87555555555555, 30.364444444444448, 30.874999999999993, 30.44388888888889, 30.787777777777777, 30.308055555555555, 29.66388888888889, 30.21527777777778, 30.00888888888888, 30.58888888888889, 30.886944444444445, 30.84083333333334, 30.240555555555545, 29.606388888888887, 29.56861111111111, 29.50694444444444, 29.426666666666662, 29.11027777777777, 28.985555555555564, 29.143888888888885, 30.543611111111105, 29.545277777777773, 29.20805555555556, 29.412777777777777, 30.92722222222222, 28.62388888888889, 28.789722222222224, 29.430000000000014, 30.305833333333347, 29.483333333333334, 29.93777777777778, 30.151666666666667, 30.84638888888889, 30.16222222222222, 29.781666666666677, 29.984999999999996, 29.334722222222226, 30.595833333333335, 30.44555555555556, 30.716944444444454, 31.3613888888889, 30.411944444444448, 30.560277777777785, 29.96833333333333, 29.45555555555556, 28.965000000000007, 29.22638888888889, 29.30611111111111, 28.341944444444437, 28.2986111111111, 28.443333333333342, 28.386111111111106, 28.24944444444445, 29.04888888888889, 29.210833333333337, 30.19166666666667, 29.740555555555552, 30.099722222222226, 30.13111111111111, 29.933333333333323, 29.42749999999999, 30.46916666666667, 30.955833333333334, 30.904444444444444, 30.063333333333325, 29.1836111111111, 29.262222222222217, 31.015833333333326, 28.89194444444444, 28.55527777777778, 28.96722222222222, 28.24083333333334, 28.38416666666667, 29.053333333333335, 29.001666666666665, 29.87805555555555, 30.323611111111113, 29.363055555555555, 30.039166666666663, 29.907222222222217, 29.260277777777773, 31.046111111111113, 29.64194444444444, 28.70888888888889, 28.687500000000007, 28.35805555555556, 28.32166666666666, 29.176388888888887, 30.14944444444445, 29.303888888888892, 29.54722222222221, 30.033888888888896, 28.16055555555555, 28.723888888888887]}