{"ID": 196, "Surgery": 0, "Body_Temp": 34.7, "Cancer": 0, "Left_Temps": [31.115555555555552, 30.93333333333333, 30.803888888888885, 30.436666666666675, 30.644166666666674, 30.77027777777777, 31.83638888888889, 31.626944444444447, 32.68944444444445, 31.441944444444445, 31.08083333333334, 30.66888888888888, 29.966666666666672, 30.194166666666675, 30.361944444444443, 30.22305555555556, 30.573333333333338, 30.41972222222222, 30.67388888888889, 29.535555555555554, 29.21194444444445, 29.320555555555554, 30.838333333333328, 31.474999999999998, 30.644999999999996, 30.272499999999994, 32.85277777777779, 30.22916666666667, 29.875833333333333, 30.261944444444445, 30.769166666666667, 30.709722222222226, 30.714166666666674, 30.58638888888888, 30.000833333333325, 30.61333333333333, 31.211388888888887, 31.944166666666685, 31.96555555555556, 31.560277777777785, 30.59361111111112, 30.368333333333325, 30.182777777777783, 30.383888888888894, 30.319722222222214, 31.93083333333334, 29.712222222222223, 29.608055555555552, 30.36111111111111, 30.75833333333334, 30.38611111111112, 30.254722222222217, 30.12833333333333, 29.496388888888887, 29.30555555555556, 29.954722222222212, 31.030833333333337, 30.258611111111108, 30.044444444444437, 30.314166666666658, 31.973611111111115, 31.48166666666667, 32.129999999999995, 31.32611111111111, 30.874166666666667, 30.674166666666665, 31.35833333333334, 30.339444444444446, 30.31944444444444, 30.43444444444445, 30.07416666666667, 30.404166666666672, 29.946388888888887, 29.248888888888885, 29.76638888888888, 29.763055555555557, 29.775833333333335, 30.29138888888889, 31.63527777777778, 31.666944444444443, 32.00416666666667, 31.769166666666663, 31.204444444444448, 30.487777777777776, 30.42388888888889, 29.835277777777776, 29.67583333333333, 29.37444444444445, 29.768611111111113, 30.06194444444445, 31.789444444444445, 32.49694444444445, 31.278888888888893, 30.755277777777774, 29.62138888888889, 30.12861111111111], "Right_Temps": [30.765555555555554, 30.011111111111113, 30.179166666666656, 30.589999999999993, 30.096666666666675, 30.081666666666667, 30.323333333333338, 31.146111111111104, 31.013888888888875, 30.626666666666665, 30.06305555555556, 29.574722222222217, 29.40611111111111, 30.572777777777773, 30.753888888888884, 30.80527777777778, 30.35805555555556, 29.856388888888887, 29.538611111111102, 29.635555555555545, 29.902500000000007, 29.92777777777778, 29.81611111111111, 29.53611111111111, 29.571111111111115, 29.62916666666667, 29.668611111111105, 29.924722222222215, 30.19944444444444, 30.36416666666666, 30.454166666666676, 29.494999999999997, 29.439999999999998, 30.53749999999999, 30.725833333333323, 29.92388888888889, 30.17805555555556, 30.553888888888878, 30.43333333333333, 30.43027777777778, 29.657222222222224, 30.079444444444448, 30.049999999999986, 30.206666666666663, 29.9025, 29.8086111111111, 29.928611111111106, 30.906388888888884, 31.098055555555554, 30.1425, 29.974166666666665, 30.11499999999999, 30.099444444444437, 30.46138888888888, 29.70805555555556, 29.416388888888882, 29.41361111111111, 29.736111111111118, 30.01027777777778, 29.989444444444448, 30.429444444444453, 30.38444444444444, 30.159444444444446, 30.379166666666663, 30.19805555555556, 29.981944444444448, 30.717500000000005, 30.436666666666667, 30.64027777777777, 30.544444444444455, 30.36111111111111, 31.204166666666676, 31.035833333333333, 29.47222222222222, 29.4825, 29.54055555555555, 29.821944444444437, 30.100833333333338, 30.407777777777774, 31.108888888888885, 30.538333333333323, 30.628055555555566, 31.42000000000001, 30.64, 30.269166666666663, 29.725277777777777, 29.95777777777778, 29.55027777777777, 30.05888888888889, 30.22555555555555, 30.72972222222222, 31.476944444444452, 29.848888888888887, 29.36833333333334, 29.713055555555563, 29.82166666666666]}