{"ID": 198, "Surgery": 0, "Body_Temp": 35.3, "Cancer": 1, "Left_Temps": [32.74305555555556, 31.170555555555566, 30.90583333333333, 31.09027777777777, 31.462222222222223, 31.50305555555555, 31.880833333333328, 32.66722222222222, 33.04333333333332, 33.01416666666667, 32.87027777777777, 31.974444444444448, 32.411944444444444, 32.03583333333333, 32.408055555555556, 32.962777777777774, 32.62944444444444, 32.49277777777778, 32.32388888888889, 31.99277777777778, 31.84111111111112, 31.82638888888889, 31.54222222222223, 31.61083333333334, 31.973055555555554, 31.998055555555563, 32.407777777777774, 32.95555555555555, 32.29444444444444, 32.07277777777778, 32.35333333333333, 30.90972222222222, 30.78305555555555, 31.248611111111117, 31.74111111111112, 31.708333333333346, 31.63500000000001, 32.00555555555556, 32.331666666666656, 32.444722222222225, 32.41833333333334, 32.33916666666667, 32.71277777777778, 32.239444444444445, 32.1525, 31.921666666666667, 31.535555555555547, 31.444444444444443, 31.614444444444448, 31.49916666666666, 31.738333333333337, 31.736944444444443, 31.737499999999994, 31.26638888888888, 30.82666666666666, 30.915000000000003, 30.995277777777783, 31.517222222222227, 32.002222222222215, 32.8063888888889, 31.870277777777787, 32.16666666666666, 32.435277777777785, 32.53083333333333, 32.24222222222221, 32.79888888888889, 32.13472222222222, 31.804722222222217, 31.617222222222217, 31.66499999999999, 32.19416666666666, 31.704166666666666, 31.622499999999995, 31.153888888888893, 30.862777777777783, 31.150833333333335, 31.993333333333332, 32.1425, 32.16527777777778, 32.25277777777777, 32.28305555555556, 32.132222222222225, 31.831111111111113, 31.51222222222223, 31.689444444444447, 32.161944444444444, 31.553888888888892, 31.384722222222226, 31.930555555555557, 31.855277777777776, 32.30222222222223, 32.19, 32.34694444444446, 32.39861111111112, 31.73166666666667, 31.897777777777783], "Right_Temps": [33.94361111111111, 32.33027777777777, 31.533333333333335, 31.754166666666663, 31.548611111111104, 31.488055555555547, 31.375000000000007, 31.384444444444437, 31.69055555555555, 31.895000000000007, 31.706388888888892, 31.353888888888896, 31.277500000000007, 31.10222222222223, 31.513611111111125, 32.03638888888887, 31.94500000000001, 32.020277777777785, 31.77722222222222, 31.731944444444448, 30.890277777777783, 31.585833333333337, 30.835833333333337, 30.234166666666667, 30.623055555555556, 30.890833333333333, 31.223333333333333, 31.391666666666666, 33.104166666666664, 33.026944444444446, 33.49666666666666, 32.24166666666666, 30.873055555555553, 30.55111111111111, 30.715555555555554, 31.094722222222217, 31.135833333333338, 31.46444444444444, 31.77138888888889, 32.44472222222222, 31.798611111111104, 32.00861111111111, 31.442777777777774, 31.506388888888896, 31.74888888888889, 32.21444444444445, 31.361944444444436, 31.66027777777777, 30.87083333333333, 31.322777777777773, 31.22222222222223, 30.879444444444434, 30.75722222222223, 31.37805555555556, 31.237222222222233, 31.665000000000006, 30.72944444444445, 30.160555555555554, 30.428888888888892, 30.76138888888889, 30.953888888888894, 31.685000000000002, 31.804722222222217, 32.30305555555555, 31.84027777777778, 31.61194444444445, 31.877222222222226, 32.11527777777778, 32.08194444444444, 32.855000000000004, 31.124722222222218, 30.630277777777774, 30.32416666666667, 30.48388888888889, 30.466388888888886, 30.207777777777792, 30.428333333333327, 30.790833333333328, 31.37527777777778, 32.14527777777778, 32.01277777777779, 31.90694444444444, 31.974722222222226, 32.40777777777778, 32.50972222222222, 30.995277777777776, 30.562222222222218, 30.60555555555554, 31.023055555555555, 31.24611111111111, 32.40444444444446, 31.857222222222227, 32.594722222222224, 32.379999999999995, 31.39944444444444, 32.01277777777778]}