{"ID": 199, "Surgery": 0, "Body_Temp": 35.0, "Cancer": 0, "Left_Temps": [32.336666666666666, 31.837500000000002, 31.268888888888892, 31.253611111111113, 31.46138888888889, 31.86166666666667, 31.54194444444444, 31.342499999999998, 32.06416666666668, 31.811111111111114, 31.789722222222217, 31.685277777777774, 31.49027777777778, 31.539166666666663, 32.437222222222225, 32.96305555555556, 32.74916666666665, 32.48416666666666, 32.28333333333332, 32.21722222222222, 31.821111111111108, 32.056666666666665, 31.161388888888894, 30.78833333333333, 30.939999999999998, 30.940833333333323, 31.551111111111116, 32.41666666666666, 32.85972222222222, 32.91555555555556, 32.5761111111111, 32.0588888888889, 31.128333333333337, 30.777777777777786, 30.855833333333337, 31.197222222222226, 31.301111111111116, 31.14527777777777, 31.70972222222224, 31.546388888888877, 32.3675, 31.91499999999999, 32.681944444444454, 32.6325, 32.27166666666666, 32.004999999999995, 32.02694444444446, 31.479999999999993, 31.215, 31.331666666666674, 31.174444444444443, 30.4725, 30.888611111111118, 31.51638888888888, 32.89583333333334, 32.02083333333334, 31.302499999999995, 30.705833333333334, 30.87277777777778, 30.90361111111111, 30.861666666666665, 31.373611111111117, 31.38694444444444, 31.980833333333333, 31.137222222222217, 31.060555555555563, 31.89555555555556, 31.832222222222217, 31.760000000000005, 31.762500000000003, 31.53083333333333, 31.118888888888875, 31.298333333333332, 31.276944444444446, 30.74083333333334, 30.573333333333338, 30.936388888888896, 31.00916666666666, 30.69555555555556, 31.18861111111111, 30.99305555555556, 30.838611111111106, 30.91555555555557, 29.21388888888889, 28.77111111111111, 29.93305555555556, 30.231944444444448, 30.72805555555555, 30.818333333333328, 30.7425, 30.69416666666666, 30.895833333333332, 30.742222222222228, 30.346944444444457, 30.191666666666663, 30.6088888888889], "Right_Temps": [30.460555555555555, 30.929722222222217, 31.72194444444445, 32.08, 32.607499999999995, 33.02638888888889, 33.00916666666668, 32.92444444444443, 32.364166666666655, 31.33416666666666, 31.45916666666666, 31.154166666666658, 31.183611111111116, 32.62166666666666, 32.79694444444445, 32.763611111111096, 32.88666666666667, 32.83916666666667, 32.6875, 32.26472222222222, 32.15527777777779, 32.017500000000005, 31.341666666666658, 31.508055555555543, 32.086388888888884, 32.5375, 33.95000000000002, 29.58388888888889, 29.49916666666666, 29.404999999999998, 29.990000000000002, 29.820555555555547, 30.569166666666668, 31.491666666666656, 32.744722222222215, 32.14194444444444, 31.94555555555556, 31.711111111111126, 31.93027777777777, 31.134444444444448, 32.10277777777778, 31.613888888888887, 32.672222222222224, 32.912222222222226, 32.758611111111115, 32.24277777777779, 31.90583333333333, 31.57166666666666, 31.370555555555555, 31.107222222222227, 31.397500000000004, 31.84444444444446, 31.588611111111113, 29.320833333333333, 28.95499999999999, 29.133333333333333, 29.70027777777777, 30.728333333333328, 32.17416666666666, 32.72, 31.787777777777777, 32.047777777777775, 31.057777777777787, 31.425555555555555, 32.94222222222223, 32.71888888888889, 31.928333333333327, 31.657222222222217, 31.791944444444443, 31.496666666666663, 31.632499999999993, 31.76805555555556, 30.56555555555555, 29.54722222222223, 29.226944444444445, 30.387222222222217, 31.528055555555554, 31.71000000000001, 31.808333333333323, 30.916111111111107, 30.42694444444444, 31.909166666666668, 31.33305555555555, 31.599444444444444, 31.890000000000004, 30.859444444444446, 30.171666666666656, 30.45916666666666, 30.58027777777778, 31.17333333333334, 31.00972222222222, 29.94055555555555, 30.976944444444445, 29.456944444444446, 30.08527777777779, 30.68]}