{"ID": 2, "Surgery": 0, "Body_Temp": 36.5, "Cancer": 0, "Left_Temps": [32.721944444444446, 31.27944444444445, 30.657777777777774, 30.310833333333335, 30.386944444444445, 31.82222222222222, 32.809444444444445, 33.705833333333345, 32.39277777777777, 32.3375, 32.40416666666667, 32.37666666666667, 32.60472222222222, 33.132222222222225, 32.88916666666667, 32.79944444444445, 32.698611111111106, 32.495555555555555, 32.32166666666666, 32.10388888888888, 32.75166666666666, 31.482499999999998, 31.97972222222222, 31.346666666666668, 31.003333333333323, 31.187777777777782, 33.231388888888894, 31.12472222222222, 31.29805555555555, 31.103333333333328, 31.563888888888886, 30.83944444444444, 30.423333333333332, 30.826944444444443, 30.204722222222237, 31.653888888888886, 32.568333333333335, 32.60777777777778, 31.96972222222223, 32.448055555555555, 33.23305555555556, 32.72250000000001, 32.67472222222222, 32.36472222222222, 33.07416666666666, 32.33277777777778, 32.46166666666669, 33.218888888888884, 31.863888888888894, 31.411111111111122, 31.171388888888902, 31.390833333333326, 30.692499999999995, 30.865833333333327, 30.75972222222222, 30.74666666666667, 30.431111111111118, 31.38749999999999, 31.22194444444445, 32.16722222222223, 31.80305555555556, 32.709166666666675, 32.431666666666665, 32.38388888888889, 32.95361111111111, 33.61694444444444, 32.831388888888895, 32.333333333333336, 31.752222222222226, 31.86111111111111, 31.69944444444444, 32.454722222222216, 32.20166666666667, 31.220277777777785, 30.751944444444444, 30.717499999999998, 30.734722222222217, 31.804722222222228, 32.025000000000006, 32.87777777777777, 32.68194444444445, 32.57388888888888, 32.33555555555555, 31.57, 31.762777777777778, 30.763888888888882, 32.37638888888889, 31.706111111111106, 31.32055555555556, 31.454722222222227, 32.71749999999999, 33.4725, 31.764444444444443, 32.42777777777778, 31.86, 32.043888888888894], "Right_Temps": [34.00111111111111, 32.376666666666665, 31.86833333333334, 31.355277777777776, 31.40277777777778, 30.887222222222224, 31.896666666666665, 32.17666666666665, 32.01583333333334, 32.403333333333336, 32.343611111111116, 32.533055555555556, 32.63, 32.83416666666667, 32.69972222222222, 32.671388888888885, 32.45222222222222, 33.18583333333332, 31.47194444444445, 31.120555555555548, 32.02361111111112, 31.217777777777783, 31.198611111111106, 30.415833333333335, 30.896111111111118, 31.664722222222217, 31.915000000000006, 30.858888888888885, 30.946666666666673, 31.300555555555547, 32.25305555555556, 31.423333333333332, 31.34972222222222, 31.261111111111102, 31.75083333333334, 31.243055555555568, 32.35277777777779, 32.063333333333325, 32.51555555555555, 32.043333333333344, 32.857777777777784, 32.85583333333332, 32.84222222222222, 32.60222222222222, 33.09055555555556, 31.580555555555552, 31.505277777777774, 31.073333333333338, 31.495000000000005, 31.325277777777778, 32.23666666666666, 31.91333333333333, 31.580833333333334, 30.80638888888889, 31.126944444444447, 30.785, 31.228888888888882, 32.68361111111111, 32.05888888888889, 32.194166666666675, 31.858611111111113, 32.75666666666666, 32.069444444444436, 31.775833333333342, 31.922500000000007, 32.27583333333334, 32.22222222222223, 31.278888888888883, 30.549444444444436, 31.181666666666665, 32.045277777777784, 32.087500000000006, 31.99194444444444, 32.12499999999999, 31.072777777777773, 32.35027777777779, 32.03944444444445, 32.09388888888889, 31.494722222222226, 32.07527777777777, 31.525555555555552, 31.993888888888883, 31.629722222222224, 30.946111111111108, 31.922499999999996, 31.438611111111104, 31.693888888888903, 32.290833333333325, 31.80944444444444, 31.1675, 31.023611111111116, 31.490833333333327, 31.23944444444444, 31.39277777777778, 31.31888888888889, 31.115000000000002]}