{"ID": 20, "Surgery": 0, "Body_Temp": 35.0, "Cancer": 0, "Left_Temps": [32.24555555555557, 30.27777777777778, 30.06361111111111, 29.356666666666666, 29.539722222222217, 29.766944444444448, 29.57527777777777, 29.539999999999996, 30.22222222222222, 30.460555555555565, 30.174722222222215, 30.43694444444445, 30.30138888888888, 30.306666666666658, 30.461666666666662, 30.66722222222222, 30.397499999999997, 30.02777777777778, 29.83111111111112, 29.80805555555556, 29.040833333333335, 28.492222222222217, 27.46611111111111, 27.38388888888889, 27.66277777777778, 28.153333333333343, 29.363333333333337, 28.802777777777774, 30.806944444444436, 31.148055555555548, 31.394722222222228, 29.487777777777783, 28.85694444444444, 28.745277777777783, 28.78750000000001, 29.26555555555556, 28.95361111111111, 29.32972222222222, 30.092222222222215, 30.05277777777778, 29.96083333333333, 29.769999999999996, 29.976388888888884, 30.217222222222233, 29.70166666666667, 29.523333333333326, 29.14, 28.695277777777775, 27.84694444444445, 27.334999999999994, 28.01833333333333, 28.34972222222223, 28.335555555555555, 28.690833333333337, 29.138055555555557, 29.36777777777778, 28.75083333333334, 28.47888888888889, 28.49722222222223, 28.625277777777782, 28.809722222222224, 29.938055555555554, 29.49277777777778, 29.504722222222224, 29.16277777777778, 29.554444444444453, 28.931666666666665, 28.52972222222222, 28.141388888888898, 27.530833333333327, 27.408611111111114, 28.072777777777777, 28.077222222222222, 28.237222222222226, 29.071111111111122, 29.077500000000004, 28.780555555555548, 28.56277777777777, 28.857222222222227, 29.10833333333333, 29.216666666666665, 28.862222222222233, 28.402500000000003, 27.824722222222224, 27.395833333333332, 28.07944444444444, 27.842222222222226, 28.41861111111111, 28.835833333333344, 28.660277777777782, 28.52861111111111, 28.615833333333327, 28.23527777777778, 28.08777777777778, 27.993888888888886, 28.284999999999993], "Right_Temps": [33.01444444444445, 30.63055555555555, 29.540277777777774, 29.373888888888885, 29.78805555555555, 30.108611111111102, 30.319444444444443, 29.878611111111113, 29.778888888888883, 29.959166666666665, 30.651944444444446, 29.838055555555563, 29.38972222222223, 30.51166666666667, 30.878888888888884, 30.59638888888888, 30.842777777777776, 29.88527777777778, 29.283611111111107, 28.73472222222223, 28.25888888888889, 27.735833333333336, 27.53916666666666, 27.582499999999996, 27.81916666666666, 28.609444444444446, 30.126388888888886, 30.958333333333346, 30.99944444444444, 31.441111111111113, 32.102777777777774, 29.90277777777778, 28.998333333333328, 28.783611111111107, 29.400555555555556, 30.556666666666665, 30.00722222222222, 29.425555555555547, 29.44166666666667, 29.71194444444445, 29.7225, 29.431388888888893, 30.24666666666667, 30.537500000000005, 29.702500000000004, 29.331666666666667, 28.541944444444443, 27.943333333333324, 27.415833333333335, 27.375833333333322, 27.307222222222215, 27.492222222222228, 28.06444444444445, 28.685555555555553, 28.943888888888896, 29.643888888888892, 29.04305555555556, 29.008611111111115, 29.047222222222224, 30.12972222222223, 29.654444444444444, 29.32861111111111, 29.21277777777778, 29.415277777777778, 29.14333333333333, 29.64944444444444, 29.151666666666674, 28.40666666666667, 27.818888888888893, 27.574444444444445, 27.871388888888887, 27.816666666666656, 28.16416666666668, 28.025833333333335, 28.386666666666667, 28.509444444444448, 28.657222222222224, 29.433055555555555, 28.75333333333333, 28.647499999999997, 28.715555555555554, 28.55361111111112, 28.34888888888889, 27.875833333333333, 27.854722222222218, 27.912777777777787, 27.77888888888889, 27.856388888888887, 27.969444444444445, 28.260555555555555, 28.319444444444446, 28.382777777777775, 28.11888888888889, 27.748333333333328, 27.693888888888882, 27.815277777777784]}