{"ID": 200, "Surgery": 0, "Body_Temp": 36.1, "Cancer": 0, "Left_Temps": [31.019722222222228, 30.64805555555556, 30.467500000000005, 30.90583333333333, 31.04194444444444, 31.386944444444453, 31.839166666666667, 32.86833333333333, 32.45027777777777, 31.475277777777787, 32.74944444444446, 33.34166666666667, 33.236111111111114, 33.39305555555555, 32.7025, 31.944444444444443, 31.77527777777778, 31.661944444444444, 31.40555555555555, 30.9375, 30.172499999999996, 29.996666666666655, 30.31583333333333, 30.400277777777774, 30.282500000000002, 30.742222222222217, 34.24916666666666, 29.964722222222218, 30.138611111111118, 30.208333333333332, 30.83972222222222, 30.796111111111106, 30.44138888888889, 30.403888888888876, 30.71805555555556, 31.35472222222222, 32.04083333333333, 32.82555555555555, 31.92611111111111, 31.715277777777786, 32.8511111111111, 32.648888888888884, 32.34111111111111, 32.26694444444445, 32.48944444444444, 31.32222222222222, 30.48583333333333, 30.261944444444445, 30.234999999999996, 30.68305555555556, 30.71083333333335, 30.38000000000001, 29.673333333333332, 29.837222222222213, 30.211111111111116, 30.339444444444453, 30.967499999999998, 30.588888888888896, 30.585000000000004, 31.82, 31.488888888888887, 32.44194444444445, 31.637222222222224, 32.24, 31.936666666666667, 31.689166666666665, 31.201666666666668, 30.54583333333333, 30.591388888888886, 30.595277777777774, 30.278333333333325, 29.45777777777778, 29.808611111111116, 30.553333333333335, 30.474444444444455, 30.955277777777766, 31.216111111111104, 32.05361111111111, 31.819722222222214, 31.833888888888882, 32.12499999999999, 31.493888888888883, 31.490277777777766, 31.097500000000007, 30.50722222222222, 29.677777777777774, 30.100555555555566, 30.69055555555555, 31.224999999999998, 31.461111111111116, 31.809444444444452, 31.67388888888889, 31.30972222222223, 30.58055555555556, 30.329166666666666, 30.816944444444452], "Right_Temps": [31.840555555555554, 30.165277777777774, 30.023888888888887, 29.930555555555557, 29.983611111111113, 30.456111111111106, 30.63333333333334, 31.18388888888889, 31.67472222222223, 31.47555555555556, 30.886944444444445, 33.0075, 32.94750000000001, 32.60972222222222, 31.080277777777788, 30.60444444444445, 31.20944444444445, 30.80416666666666, 31.083888888888875, 30.998333333333328, 30.723611111111104, 30.43722222222222, 30.441388888888884, 31.042222222222236, 30.99638888888889, 30.922777777777792, 30.647222222222215, 30.03944444444444, 30.172500000000007, 30.673055555555557, 31.005555555555556, 30.24388888888889, 29.948888888888884, 30.052222222222213, 30.010555555555545, 30.184444444444434, 30.183055555555548, 30.949722222222217, 31.81333333333334, 31.65750000000001, 32.74055555555556, 33.38805555555555, 32.33194444444445, 31.933055555555555, 31.68444444444445, 32.22083333333333, 31.290000000000006, 31.376111111111115, 30.812499999999993, 31.280833333333323, 31.34361111111112, 29.363333333333326, 29.322222222222226, 29.58722222222222, 29.791111111111107, 30.31305555555555, 30.398888888888887, 29.938888888888886, 29.899166666666662, 30.103055555555564, 30.199999999999996, 31.095833333333328, 32.21083333333333, 32.51527777777778, 32.56138888888888, 32.74583333333333, 32.18472222222223, 31.504722222222224, 31.802777777777774, 31.43138888888889, 30.688888888888886, 29.364444444444455, 29.363888888888894, 29.411666666666672, 30.13611111111112, 30.324722222222217, 29.94083333333333, 29.85416666666667, 30.800833333333326, 31.501388888888894, 32.328055555555565, 32.05805555555557, 32.204444444444455, 31.336111111111094, 31.088055555555556, 29.39527777777778, 29.320277777777775, 30.298611111111104, 29.993055555555557, 30.11055555555555, 30.91694444444444, 31.093333333333323, 30.17861111111112, 29.866388888888896, 30.825277777777785, 31.029722222222226]}