{"ID": 201, "Surgery": 0, "Body_Temp": 36.8, "Cancer": 0, "Left_Temps": [32.2238888888889, 32.105, 30.95361111111111, 31.524166666666662, 30.720277777777785, 30.56277777777778, 31.622500000000002, 30.58888888888889, 30.508333333333333, 30.74694444444445, 30.005833333333335, 32.72805555555556, 32.74861111111111, 32.979166666666664, 33.808611111111105, 34.09694444444445, 33.595555555555556, 33.07, 32.96138888888889, 32.54361111111111, 32.7825, 31.77333333333333, 31.546944444444453, 31.622777777777767, 31.258333333333333, 30.900555555555545, 30.878888888888884, 31.376944444444437, 32.20250000000001, 30.906388888888884, 31.676944444444434, 32.11638888888889, 31.252500000000005, 30.79583333333333, 31.048333333333332, 30.838333333333335, 30.293333333333333, 30.549444444444443, 30.52944444444445, 29.79416666666667, 32.30083333333332, 32.609166666666674, 33.12861111111112, 33.68055555555556, 32.57777777777779, 32.97027777777779, 32.93972222222223, 32.13305555555556, 31.89805555555556, 31.973611111111115, 32.01138888888889, 32.02805555555555, 32.04, 32.641666666666666, 29.606111111111115, 29.971666666666653, 30.922499999999996, 31.752222222222215, 31.493611111111104, 31.071666666666673, 30.117777777777764, 29.944444444444443, 29.581388888888885, 31.8488888888889, 32.37416666666666, 32.321666666666665, 33.14722222222221, 32.916111111111114, 31.57972222222222, 32.539722222222224, 33.025000000000006, 31.42722222222222, 33.02777777777779, 31.13111111111111, 29.400555555555556, 30.59555555555555, 33.11944444444444, 31.796666666666663, 30.359722222222217, 30.034999999999986, 30.240555555555552, 32.60027777777778, 33.48111111111112, 32.53388888888889, 32.888888888888886, 31.85694444444444, 31.97500000000001, 31.431666666666672, 32.51527777777777, 30.57750000000001, 30.086944444444455, 31.316944444444434, 30.037777777777794, 33.33388888888889, 32.95750000000001, 30.557777777777776], "Right_Temps": [31.97305555555556, 30.56361111111111, 29.643055555555552, 30.103611111111125, 32.97250000000001, 30.53861111111111, 31.20472222222222, 31.226944444444445, 30.945, 30.99166666666666, 30.63499999999999, 33.19944444444444, 33.16666666666666, 33.15416666666668, 33.567777777777785, 33.75277777777778, 33.569444444444436, 33.63388888888889, 33.54055555555556, 32.920555555555545, 32.21055555555555, 31.621388888888887, 31.655833333333344, 31.226944444444452, 31.580000000000002, 30.862777777777776, 33.92861111111111, 29.368333333333332, 29.945555555555554, 30.574722222222224, 31.058333333333337, 30.858333333333334, 29.93027777777778, 29.53722222222222, 32.18777777777778, 31.794999999999998, 32.46972222222223, 33.0761111111111, 31.036111111111104, 30.59027777777778, 33.10916666666666, 33.32555555555555, 33.507222222222225, 33.602500000000006, 33.398888888888884, 33.23305555555556, 32.622777777777785, 32.50305555555555, 32.87527777777777, 31.381388888888882, 32.56833333333332, 31.819166666666668, 28.80055555555556, 28.948055555555552, 29.237500000000004, 29.1525, 30.576666666666668, 29.55583333333332, 30.91027777777777, 32.55722222222222, 33.465, 31.57777777777777, 30.78055555555556, 32.54361111111111, 32.71000000000001, 32.93055555555556, 32.6925, 32.905, 32.23, 32.321111111111115, 33.09194444444445, 33.633611111111115, 30.60138888888889, 31.020000000000007, 30.416111111111118, 29.73611111111111, 30.343888888888884, 32.85805555555556, 32.53638888888888, 31.694166666666668, 32.91666666666666, 32.801111111111105, 33.254999999999995, 32.20027777777779, 32.458333333333336, 34.104444444444454, 31.28611111111111, 32.334722222222226, 31.099722222222226, 31.37083333333333, 32.22305555555555, 32.80277777777779, 32.81972222222222, 32.667222222222215, 31.884444444444448, 32.952499999999986]}