{"ID": 202, "Surgery": 0, "Body_Temp": 35.2, "Cancer": 1, "Left_Temps": [31.38583333333333, 30.686111111111117, 30.209999999999997, 30.005000000000003, 30.13055555555555, 30.505000000000003, 30.572500000000005, 30.568611111111107, 31.533611111111107, 32.01416666666667, 31.96166666666666, 31.93250000000001, 31.65222222222222, 31.90277777777777, 32.495555555555555, 33.53055555555555, 32.549722222222215, 32.275277777777774, 32.47277777777777, 32.32694444444444, 31.946666666666673, 31.820555555555547, 31.717500000000012, 31.766388888888894, 31.602222222222217, 31.44027777777778, 31.765833333333337, 32.06194444444444, 30.589722222222218, 30.19916666666667, 30.58694444444444, 30.222222222222236, 30.087222222222223, 29.696944444444437, 29.752500000000005, 30.095555555555556, 30.2575, 30.838055555555556, 31.63111111111111, 32.3436111111111, 32.05694444444445, 31.570277777777783, 31.918611111111115, 32.26888888888888, 32.52527777777778, 32.6725, 32.52666666666667, 32.331388888888895, 32.24, 32.15611111111111, 32.015, 31.761944444444453, 31.90333333333334, 30.308888888888887, 29.773888888888887, 29.835555555555548, 29.741111111111113, 29.578888888888887, 29.62527777777777, 29.942222222222217, 30.447222222222226, 31.69916666666668, 32.155, 31.955277777777788, 31.410555555555554, 32.43222222222222, 32.635555555555555, 31.962222222222223, 32.52611111111111, 32.277222222222214, 32.23638888888889, 32.00472222222223, 31.55277777777779, 29.828611111111115, 29.529444444444437, 29.494166666666665, 29.655833333333344, 30.07583333333332, 31.013333333333335, 32.49111111111111, 31.58055555555556, 31.15611111111111, 30.144444444444446, 32.50916666666667, 32.38833333333332, 32.234999999999985, 30.36361111111111, 29.752499999999998, 29.92333333333333, 30.268055555555552, 31.696666666666665, 31.962500000000002, 32.00361111111112, 31.40027777777778, 30.19944444444444, 30.635555555555545], "Right_Temps": [31.62055555555556, 30.955555555555563, 30.826388888888896, 31.064722222222215, 31.313333333333333, 31.471388888888896, 31.432222222222226, 31.80749999999999, 32.94277777777778, 33.35583333333333, 33.39916666666667, 31.923333333333332, 32.789444444444435, 33.516944444444434, 34.172777777777775, 34.398333333333326, 34.4563888888889, 33.60277777777778, 33.21305555555554, 32.87944444444444, 32.54944444444445, 32.486388888888904, 32.184444444444445, 32.275833333333324, 32.323611111111106, 32.5161111111111, 32.74166666666667, 31.544722222222212, 31.278333333333325, 31.463333333333324, 31.658611111111107, 30.450000000000006, 30.131944444444443, 30.594166666666663, 30.869166666666672, 32.02972222222222, 31.477777777777774, 31.66361111111111, 33.34777777777778, 33.10416666666667, 32.309999999999995, 33.41638888888888, 33.02000000000001, 33.230000000000004, 32.80749999999999, 33.12027777777778, 33.00999999999999, 32.669722222222234, 32.40777777777779, 32.34194444444444, 32.43972222222223, 32.35666666666666, 32.181111111111115, 30.230000000000004, 30.075277777777778, 30.134722222222234, 29.764722222222222, 30.022222222222222, 30.46277777777778, 32.02583333333334, 31.521944444444443, 32.20611111111112, 34.12666666666665, 33.39972222222222, 33.532777777777774, 32.91583333333333, 33.498333333333335, 31.818055555555556, 33.34833333333333, 32.73194444444445, 32.96722222222222, 32.53916666666666, 32.11555555555555, 30.115277777777766, 29.65888888888889, 29.640833333333333, 30.005833333333335, 31.029722222222233, 31.6761111111111, 32.7513888888889, 33.83833333333334, 32.33416666666667, 31.127499999999998, 31.08027777777778, 33.54111111111112, 30.871111111111116, 30.076111111111103, 29.735000000000007, 29.90138888888889, 30.49888888888889, 31.136388888888884, 33.172222222222224, 31.5275, 31.11055555555555, 30.17444444444445, 30.42777777777778]}