{"ID": 204, "Surgery": 0, "Body_Temp": 36.0, "Cancer": 1, "Left_Temps": [32.55277777777778, 30.4161111111111, 30.24888888888889, 29.894722222222224, 29.95861111111111, 30.387222222222224, 31.307777777777776, 32.21333333333334, 32.08111111111113, 31.490833333333327, 31.723333333333343, 32.95527777777777, 33.33527777777778, 33.77555555555554, 33.689444444444455, 33.767222222222216, 32.968888888888884, 32.162499999999994, 31.9511111111111, 32.79055555555556, 32.947777777777766, 33.006388888888885, 32.55611111111111, 31.992222222222228, 32.23500000000001, 32.0211111111111, 32.30833333333333, 32.291944444444425, 32.21277777777778, 31.018888888888892, 31.95916666666666, 30.282222222222217, 29.887499999999996, 30.13527777777778, 30.037222222222226, 29.84055555555555, 31.174999999999997, 31.934722222222224, 31.883055555555547, 31.881944444444443, 31.95805555555556, 32.17583333333334, 32.24027777777777, 32.603888888888896, 31.61805555555555, 31.20694444444444, 30.969722222222217, 31.500000000000007, 32.44250000000001, 31.779166666666665, 32.000000000000014, 31.953611111111123, 32.56194444444445, 31.949166666666674, 31.79694444444444, 30.814444444444437, 29.581111111111106, 30.52166666666668, 30.861388888888882, 30.068611111111125, 30.597499999999993, 31.542777777777776, 31.568333333333342, 31.305833333333332, 30.832500000000007, 31.085000000000004, 30.425277777777783, 30.26333333333333, 30.58750000000001, 31.12527777777778, 31.250833333333333, 31.30555555555555, 31.474166666666658, 31.478333333333346, 29.54222222222222, 29.862499999999997, 30.783333333333328, 30.871388888888887, 32.077777777777776, 30.521111111111118, 30.91444444444444, 30.365555555555552, 30.135833333333338, 30.028888888888886, 30.463611111111106, 30.53583333333334, 30.768055555555552, 30.89555555555556, 29.83111111111112, 30.531111111111127, 31.252499999999998, 30.2575, 30.051944444444434, 30.232777777777788, 30.42555555555556, 29.90166666666666], "Right_Temps": [32.26583333333333, 30.664722222222224, 30.43027777777778, 30.676111111111116, 31.004444444444445, 31.051666666666662, 32.31694444444444, 30.974166666666672, 31.266388888888894, 30.6761111111111, 33.146666666666675, 34.50000000000001, 34.57416666666666, 34.620555555555555, 34.33111111111112, 34.14222222222223, 34.1275, 33.35583333333333, 32.784166666666664, 31.92444444444445, 32.223888888888894, 32.96277777777778, 31.946388888888894, 32.900555555555556, 31.911944444444444, 32.84388888888889, 34.957499999999996, 32.00527777777778, 32.270833333333336, 32.23111111111111, 31.838333333333335, 30.667777777777776, 30.772222222222215, 29.846666666666668, 30.82777777777777, 31.117222222222217, 31.173888888888882, 31.37555555555556, 31.74027777777778, 32.45722222222222, 33.70611111111112, 33.98333333333332, 34.253888888888895, 34.25555555555556, 33.47166666666667, 32.52166666666667, 31.4825, 30.894722222222224, 31.454166666666676, 31.49527777777777, 31.592222222222215, 31.81916666666666, 32.63416666666667, 29.496666666666677, 29.271388888888882, 29.649999999999995, 30.04138888888889, 29.957499999999996, 29.987499999999997, 30.178333333333335, 30.189444444444444, 31.118888888888883, 30.48, 33.007777777777775, 33.39888888888888, 33.28611111111112, 32.216388888888886, 30.774722222222223, 29.69750000000001, 30.340277777777786, 30.43444444444445, 31.259999999999998, 31.926388888888894, 28.65472222222222, 29.20472222222222, 28.973333333333326, 31.11138888888889, 30.59777777777778, 29.630277777777778, 29.84888888888888, 31.684999999999995, 31.959999999999997, 31.404444444444437, 29.487777777777783, 29.92916666666666, 30.61777777777777, 28.894166666666663, 28.640555555555554, 28.77527777777778, 29.92194444444444, 28.972222222222214, 30.705277777777773, 29.61861111111111, 29.88222222222222, 28.56277777777777, 28.520555555555557]}