{"ID": 208, "Surgery": 1, "Body_Temp": 35.3, "Cancer": 0, "Left_Temps": [31.85138888888889, 30.58333333333333, 31.57916666666666, 31.198888888888884, 29.918888888888887, 29.603611111111118, 29.43972222222222, 29.265, 29.17027777777778, 29.513055555555542, 29.794444444444448, 30.45777777777778, 31.27138888888889, 32.12222222222221, 32.63722222222223, 32.81694444444443, 32.09027777777777, 31.726666666666663, 30.79749999999999, 29.712222222222213, 29.276111111111113, 28.423888888888882, 28.155, 28.263333333333332, 30.12194444444445, 29.80694444444445, 31.61, 31.366111111111106, 29.76166666666667, 29.928055555555563, 30.659999999999993, 29.476111111111113, 30.0775, 31.701666666666668, 30.203333333333326, 29.131388888888896, 28.943333333333328, 28.727500000000006, 29.081388888888902, 29.804444444444446, 30.04833333333334, 30.599722222222226, 31.37194444444444, 31.929166666666667, 31.91083333333335, 30.608888888888885, 29.783611111111117, 29.207222222222224, 29.066944444444445, 28.704166666666666, 28.82305555555556, 28.75388888888889, 29.40277777777778, 29.21138888888889, 29.2788888888889, 29.378333333333337, 29.620000000000005, 30.574166666666656, 31.203333333333337, 29.254166666666677, 29.30916666666667, 28.574166666666663, 28.93361111111111, 29.743611111111104, 30.12138888888888, 30.965, 30.22611111111111, 29.489444444444455, 29.494722222222233, 29.90361111111111, 29.615555555555552, 29.63305555555556, 29.4536111111111, 28.759999999999998, 29.703055555555554, 30.025833333333328, 30.139722222222222, 30.61777777777778, 28.861388888888897, 28.515, 29.450833333333335, 29.733055555555552, 29.276666666666657, 29.67138888888889, 30.268333333333334, 30.42722222222222, 29.76805555555556, 29.214166666666667, 30.59388888888889, 29.632777777777772, 28.731111111111105, 29.23888888888888, 30.317222222222217, 30.386111111111102, 30.13222222222222, 30.47333333333334], "Right_Temps": [30.36416666666666, 28.944166666666668, 29.771111111111104, 29.703055555555554, 29.648055555555555, 29.977222222222217, 30.426666666666662, 30.948611111111113, 29.93416666666667, 29.988333333333326, 30.022499999999994, 29.726666666666656, 31.525555555555556, 31.39944444444444, 31.74527777777777, 32.34972222222223, 31.654999999999998, 31.172499999999996, 31.161944444444444, 30.962500000000016, 30.82972222222222, 30.571111111111104, 30.512500000000006, 31.678888888888896, 32.093333333333334, 31.76833333333333, 32.02694444444445, 31.554166666666674, 30.766388888888887, 29.075555555555564, 28.971111111111114, 28.98, 30.38583333333333, 29.673055555555557, 29.37194444444444, 29.934444444444452, 30.234166666666656, 30.197499999999998, 29.71138888888889, 29.729444444444443, 29.65194444444444, 31.141666666666666, 30.89027777777777, 31.162499999999998, 30.76027777777778, 30.938888888888886, 30.59722222222222, 30.81166666666666, 30.342222222222233, 32.30222222222223, 32.3675, 31.42805555555556, 31.316944444444434, 30.450555555555557, 29.387500000000003, 28.570833333333326, 30.628888888888884, 31.630555555555546, 31.725833333333338, 29.769444444444453, 31.853055555555557, 30.57388888888889, 29.583333333333332, 30.276111111111113, 30.706388888888895, 30.584444444444443, 30.428333333333335, 30.41, 30.769444444444453, 31.02166666666668, 31.70361111111111, 31.747777777777774, 31.144444444444446, 28.378055555555562, 29.568611111111107, 30.554444444444446, 31.706388888888895, 32.16444444444444, 32.180833333333325, 30.175277777777783, 30.29083333333332, 30.295833333333324, 30.323888888888884, 30.922777777777792, 32.60583333333334, 31.5625, 30.927499999999995, 29.56944444444445, 33.01361111111112, 32.82277777777777, 30.835277777777776, 30.51944444444444, 31.047222222222235, 33.02861111111112, 31.49666666666667, 32.51694444444444]}