{"ID": 209, "Surgery": 0, "Body_Temp": 36.7, "Cancer": 1, "Left_Temps": [35.88638888888888, 33.13000000000001, 33.76611111111113, 33.1963888888889, 32.900277777777774, 33.36805555555555, 31.953888888888894, 32.890833333333326, 32.05444444444444, 32.389444444444436, 32.239999999999995, 32.18972222222223, 33.44777777777779, 34.497777777777785, 34.43777777777777, 34.60333333333333, 33.74444444444445, 33.44166666666666, 30.510000000000005, 29.993888888888883, 29.610833333333332, 30.419444444444448, 30.39833333333333, 31.215555555555554, 32.42250000000001, 33.65138888888889, 36.28722222222223, 35.628888888888895, 35.29277777777778, 35.08916666666666, 35.40833333333333, 33.38333333333335, 33.812777777777775, 33.43750000000001, 32.92666666666668, 32.420277777777784, 31.84444444444445, 32.36166666666666, 31.849166666666665, 32.73416666666666, 32.29222222222222, 32.08166666666666, 32.239444444444445, 33.72944444444445, 31.65472222222222, 30.668888888888887, 31.673611111111104, 30.268611111111106, 29.96805555555556, 29.895277777777785, 30.974999999999998, 32.73361111111112, 33.31277777777779, 33.74638888888889, 33.00916666666667, 33.12333333333333, 33.266666666666666, 32.72416666666666, 32.38166666666667, 31.63833333333333, 32.1175, 31.575833333333335, 31.769166666666667, 31.62749999999999, 31.94083333333333, 31.790000000000003, 30.98, 31.19916666666667, 31.044722222222234, 29.78805555555556, 31.303611111111113, 32.88638888888889, 32.2236111111111, 32.819722222222225, 32.8361111111111, 32.105277777777786, 31.65694444444445, 32.57666666666666, 31.56194444444444, 30.956666666666663, 31.856111111111108, 31.520833333333346, 31.3536111111111, 31.224166666666665, 30.126388888888886, 31.148888888888898, 31.620833333333344, 32.53944444444444, 31.889999999999986, 32.4663888888889, 31.34111111111112, 31.194166666666675, 30.72888888888889, 31.574444444444445, 31.303888888888892, 31.164722222222224], "Right_Temps": [34.73194444444445, 31.34972222222222, 29.72027777777778, 29.229999999999993, 29.309999999999988, 30.908888888888896, 32.05472222222222, 31.295277777777773, 31.74944444444445, 32.26805555555557, 32.226666666666674, 33.23555555555554, 34.27277777777778, 34.90694444444444, 34.95305555555557, 34.84666666666667, 34.70888888888889, 34.16527777777777, 33.41666666666667, 32.413055555555566, 31.219722222222217, 31.519166666666674, 30.83916666666666, 30.918888888888894, 31.390833333333337, 31.603611111111107, 31.602500000000003, 32.39833333333334, 34.99833333333333, 34.30277777777778, 34.70083333333334, 31.265277777777783, 30.626111111111104, 30.067777777777778, 30.101944444444445, 29.885555555555552, 31.11166666666667, 31.54805555555555, 32.42305555555554, 32.79138888888889, 32.61027777777778, 33.63555555555555, 34.01972222222223, 34.9925, 33.65638888888889, 33.84583333333333, 32.389166666666675, 31.056111111111104, 32.043055555555554, 31.170277777777773, 32.046388888888885, 33.16222222222222, 31.943055555555556, 33.01944444444444, 32.368055555555564, 31.32972222222223, 30.165833333333335, 29.788333333333338, 30.200555555555557, 31.162499999999998, 32.04083333333333, 31.50777777777779, 32.51166666666667, 32.30499999999999, 33.616388888888885, 33.526111111111106, 32.52472222222221, 33.75861111111111, 31.747777777777774, 30.596666666666668, 31.58361111111111, 31.72194444444445, 31.59722222222222, 31.44305555555555, 30.919166666666666, 30.132777777777775, 30.601111111111102, 31.234166666666663, 32.145, 32.031388888888884, 32.01999999999999, 31.894166666666663, 32.33722222222222, 32.13250000000002, 30.75, 31.561944444444432, 31.271666666666665, 30.810000000000002, 31.518888888888892, 31.654166666666665, 31.67722222222223, 31.561111111111114, 32.03277777777779, 31.03805555555555, 30.608611111111113, 31.316944444444445]}