{"ID": 21, "Surgery": 0, "Body_Temp": 34.9, "Cancer": 0, "Left_Temps": [29.736666666666665, 28.326111111111103, 28.52388888888889, 29.04472222222222, 30.731944444444448, 31.27861111111112, 31.18111111111111, 30.583888888888893, 31.02694444444444, 31.29972222222223, 30.70472222222223, 30.28111111111111, 30.061111111111106, 29.9763888888889, 29.48666666666667, 29.36861111111111, 29.65555555555555, 29.18, 28.613055555555565, 28.950833333333335, 29.44305555555555, 30.34583333333332, 29.906388888888884, 28.833333333333332, 28.045, 27.876944444444447, 28.295277777777777, 27.992777777777775, 28.348055555555558, 28.456388888888892, 28.67722222222222, 28.141944444444437, 28.461666666666662, 29.320000000000007, 30.063055555555554, 30.161111111111104, 31.240833333333335, 30.19888888888889, 31.022500000000004, 31.611111111111104, 29.942499999999995, 29.458611111111104, 29.694722222222214, 29.817777777777778, 28.91, 28.62805555555556, 28.564166666666672, 28.631111111111107, 29.02777777777778, 28.895833333333332, 29.7263888888889, 28.31722222222222, 27.929722222222225, 28.533333333333328, 28.781666666666663, 28.340833333333332, 28.645833333333332, 29.459722222222233, 29.905833333333323, 29.831666666666663, 31.24722222222222, 30.49916666666666, 30.727222222222224, 30.599722222222226, 29.061388888888896, 29.040555555555564, 28.65694444444445, 28.299166666666665, 28.738333333333344, 30.39055555555556, 29.679999999999993, 28.59305555555555, 28.760277777777773, 29.47222222222222, 29.334166666666665, 29.596111111111114, 29.376111111111122, 29.700277777777785, 31.391666666666666, 31.00305555555556, 31.675000000000004, 28.827499999999986, 28.58722222222223, 30.300277777777776, 29.644444444444446, 29.64999999999999, 29.16999999999999, 29.754722222222224, 29.309999999999988, 29.743888888888883, 31.291666666666668, 31.42027777777778, 31.4525, 30.436944444444446, 29.59388888888889, 29.987222222222215], "Right_Temps": [30.21472222222222, 28.750833333333347, 28.483888888888885, 28.82222222222222, 29.60805555555556, 29.68527777777778, 29.773888888888887, 30.043611111111108, 30.097777777777782, 30.057222222222222, 30.4488888888889, 30.799444444444436, 31.576388888888896, 31.65361111111112, 31.039444444444428, 30.693333333333342, 30.59638888888888, 30.33444444444446, 29.497222222222224, 28.86, 28.779999999999998, 28.709999999999997, 28.7036111111111, 28.738333333333337, 28.49944444444444, 28.383055555555558, 28.492500000000007, 28.49583333333333, 28.533055555555556, 28.69694444444444, 29.120555555555566, 28.688888888888886, 29.286944444444437, 29.617222222222217, 29.858333333333334, 29.38944444444445, 29.562500000000007, 29.512500000000006, 29.745277777777783, 30.367222222222217, 30.408888888888896, 30.857777777777773, 30.88694444444444, 30.633888888888887, 30.349722222222226, 29.6563888888889, 28.940000000000005, 29.323611111111113, 29.80944444444444, 29.25944444444444, 28.522222222222215, 28.87194444444445, 29.116944444444446, 28.635833333333338, 28.39333333333333, 28.293333333333337, 28.490000000000002, 29.15972222222223, 29.92777777777778, 29.29166666666666, 29.563055555555554, 29.336666666666662, 29.86888888888889, 30.73472222222223, 30.880555555555564, 30.7975, 29.99666666666667, 29.380555555555556, 29.65472222222222, 30.74972222222222, 29.26944444444444, 28.953333333333333, 28.921111111111102, 28.91027777777777, 28.78138888888889, 29.02999999999999, 29.81361111111111, 29.408333333333328, 29.24666666666667, 29.531388888888884, 30.314166666666658, 30.1325, 29.764166666666668, 29.79194444444444, 29.73277777777778, 29.221111111111114, 29.071666666666665, 28.95500000000001, 29.178611111111113, 29.13888888888889, 29.249444444444446, 30.946388888888887, 30.116388888888885, 29.359166666666674, 29.232222222222212, 29.073611111111113]}