{"ID": 210, "Surgery": 0, "Body_Temp": 36.7, "Cancer": 1, "Left_Temps": [34.371111111111105, 32.69611111111111, 31.474722222222226, 31.261388888888902, 32.04611111111112, 31.988888888888898, 31.983055555555552, 31.178333333333327, 31.78944444444444, 32.15861111111111, 31.777500000000007, 31.361944444444433, 31.47611111111112, 31.677499999999995, 32.34444444444445, 32.63, 32.03138888888888, 30.816666666666677, 30.555555555555543, 30.373333333333335, 31.14583333333334, 30.79499999999999, 30.567499999999995, 31.737777777777783, 31.65888888888888, 31.283611111111114, 30.523333333333344, 32.99638888888889, 30.728055555555557, 33.5125, 33.64444444444444, 32.40888888888888, 31.300277777777783, 30.886111111111113, 31.613888888888894, 31.826944444444443, 31.440833333333337, 31.094722222222217, 31.283611111111117, 31.762777777777778, 30.804166666666656, 30.796666666666663, 30.892777777777773, 31.36305555555556, 30.553055555555545, 30.90805555555555, 30.595555555555546, 30.724444444444444, 30.78472222222221, 31.41277777777777, 30.932222222222222, 30.916388888888875, 31.442499999999995, 30.719444444444434, 30.899722222222223, 32.38083333333334, 31.48138888888888, 31.59666666666666, 31.994999999999997, 32.12583333333332, 31.846666666666668, 31.002500000000005, 31.189722222222226, 30.920277777777773, 30.630555555555564, 30.528333333333325, 30.594722222222224, 30.695000000000007, 31.276111111111113, 31.754166666666663, 31.610555555555557, 31.32444444444444, 30.77111111111111, 31.364444444444448, 31.620833333333337, 32.17, 32.68222222222222, 31.941388888888884, 32.694166666666675, 30.93777777777778, 31.396944444444443, 31.09027777777778, 31.12472222222221, 32.02333333333334, 31.75361111111111, 31.62138888888889, 31.933888888888898, 31.724444444444444, 32.073055555555555, 31.91805555555556, 32.1275, 31.09, 31.993611111111118, 31.6325, 31.661944444444448, 31.725000000000005], "Right_Temps": [34.27194444444444, 31.854166666666668, 30.91305555555555, 31.071944444444448, 31.491111111111113, 30.332777777777785, 30.198611111111113, 30.994444444444444, 31.513888888888882, 30.943055555555564, 30.871388888888887, 32.06833333333334, 32.82972222222222, 33.518611111111134, 33.95638888888888, 33.93944444444444, 33.41194444444445, 31.65666666666667, 30.884722222222212, 30.834999999999994, 31.291388888888896, 30.974166666666665, 30.44472222222223, 30.66, 30.818611111111117, 30.39611111111111, 30.60166666666667, 31.022222222222226, 32.00944444444444, 32.62833333333333, 33.331666666666656, 31.342777777777776, 30.696111111111108, 30.426944444444448, 30.505000000000003, 30.120277777777787, 30.35472222222222, 31.283333333333342, 31.390833333333337, 31.380833333333328, 31.291111111111118, 31.71611111111111, 32.725833333333334, 33.04111111111112, 31.492777777777786, 31.40944444444444, 30.652500000000007, 32.003888888888895, 30.489444444444455, 30.483611111111113, 30.979444444444443, 30.689166666666665, 30.329166666666676, 30.536666666666672, 30.8238888888889, 30.982777777777773, 30.174166666666665, 29.872499999999995, 30.032222222222217, 29.84222222222222, 30.381388888888896, 31.14194444444444, 30.973888888888894, 31.550833333333344, 31.399166666666662, 31.904444444444444, 31.230833333333333, 30.45805555555556, 31.679444444444446, 30.353888888888903, 30.773055555555548, 31.439444444444444, 30.481944444444455, 30.43083333333334, 30.171666666666667, 29.834999999999997, 29.729444444444457, 29.757499999999993, 30.45361111111111, 30.693333333333342, 30.77444444444445, 30.793888888888887, 30.639722222222215, 30.595555555555556, 30.52, 31.319999999999993, 30.75, 30.524166666666677, 30.06583333333333, 29.911388888888887, 30.586666666666662, 30.556944444444444, 30.681111111111118, 30.968333333333337, 30.93027777777778, 30.53749999999999]}