{"ID": 211, "Surgery": 0, "Body_Temp": 35.6, "Cancer": 0, "Left_Temps": [33.963055555555556, 31.368333333333332, 31.04833333333333, 31.61722222222221, 32.35499999999999, 31.590000000000014, 31.489166666666677, 31.692499999999995, 31.53388888888888, 31.539999999999996, 31.39944444444445, 31.434722222222224, 31.406666666666663, 31.43111111111111, 32.22555555555555, 32.77833333333333, 32.76972222222222, 32.27444444444444, 31.865277777777788, 31.31194444444444, 30.704722222222227, 30.26972222222221, 30.266388888888887, 30.800277777777776, 30.88138888888889, 31.300277777777776, 32.47555555555555, 30.51416666666667, 30.92916666666666, 31.106111111111108, 32.45861111111112, 30.952500000000004, 30.301111111111116, 30.66388888888889, 31.542500000000004, 32.552499999999995, 32.02444444444445, 31.608333333333317, 31.57777777777777, 31.68027777777777, 31.43694444444445, 31.304166666666674, 32.06888888888889, 32.95916666666667, 32.455833333333345, 31.87138888888889, 31.056944444444436, 30.6436111111111, 30.38166666666666, 30.559444444444452, 30.575555555555557, 30.41888888888888, 30.502500000000012, 31.064999999999998, 30.40666666666667, 30.994999999999997, 30.295277777777773, 30.25694444444445, 31.040833333333335, 32.17527777777778, 32.164722222222224, 31.276944444444446, 31.640555555555554, 31.63944444444445, 31.59888888888888, 32.65916666666667, 31.942777777777785, 31.078333333333333, 30.59194444444445, 30.70833333333334, 28.448611111111113, 29.187499999999993, 30.756111111111107, 30.544166666666666, 30.303611111111113, 30.426111111111116, 30.95194444444445, 32.57055555555556, 31.601944444444445, 31.403888888888886, 32.00361111111111, 31.853611111111118, 31.66333333333334, 30.96138888888889, 30.861944444444443, 29.53527777777777, 30.82194444444444, 30.742499999999993, 31.280833333333337, 32.19972222222222, 31.537500000000005, 31.765833333333333, 31.361111111111118, 31.25388888888889, 31.051388888888894, 31.730833333333333], "Right_Temps": [32.475, 31.188888888888894, 30.812777777777782, 30.92555555555556, 31.47583333333333, 31.681944444444436, 31.41666666666667, 31.954444444444448, 31.65638888888889, 32.0186111111111, 31.648333333333337, 31.50027777777777, 31.419444444444448, 31.248055555555556, 31.175555555555547, 31.353888888888896, 32.71166666666667, 33.50138888888889, 34.05916666666667, 33.166666666666664, 32.291944444444454, 32.370555555555555, 31.968333333333337, 31.465000000000007, 31.195277777777775, 31.36, 31.52416666666667, 30.670277777777773, 32.099722222222226, 31.805833333333332, 32.092777777777776, 30.519166666666667, 30.21805555555555, 30.330277777777773, 30.799444444444443, 31.127777777777776, 31.41333333333333, 31.569166666666668, 31.508611111111108, 32.59083333333334, 31.89055555555556, 31.84055555555556, 31.672499999999996, 32.051388888888894, 33.34111111111112, 33.50944444444444, 33.33888888888889, 32.2238888888889, 31.926388888888898, 31.643055555555552, 31.55861111111111, 31.849999999999998, 31.604444444444443, 31.03638888888888, 30.80249999999999, 30.41277777777778, 30.01138888888889, 30.055, 30.618333333333332, 31.032222222222217, 31.42444444444445, 31.19750000000001, 31.415833333333335, 32.593611111111116, 32.393888888888895, 32.20805555555555, 32.51166666666668, 33.22305555555555, 32.365, 31.918888888888887, 31.860555555555568, 32.55833333333334, 31.731388888888887, 31.364444444444448, 30.711111111111116, 30.260833333333338, 30.890833333333333, 31.42194444444444, 31.436111111111114, 31.13888888888889, 31.755000000000003, 32.032222222222224, 31.823055555555566, 32.20805555555555, 32.18861111111111, 31.7325, 31.543611111111108, 30.98499999999999, 31.639722222222222, 32.42277777777778, 31.87166666666667, 31.52388888888889, 31.790833333333328, 32.51166666666668, 31.250000000000007, 32.625]}