{"ID": 212, "Surgery": 0, "Body_Temp": 36.5, "Cancer": 0, "Left_Temps": [34.71555555555556, 33.21388888888888, 32.58944444444444, 32.55027777777778, 33.09166666666667, 32.89416666666666, 32.3613888888889, 32.607777777777784, 33.005833333333335, 32.32222222222223, 31.46472222222222, 31.900833333333328, 32.255, 33.04166666666666, 33.722777777777786, 33.24805555555556, 32.56249999999999, 31.806666666666665, 31.491944444444457, 30.470555555555563, 30.634722222222226, 30.622777777777774, 31.521111111111118, 32.06027777777777, 32.039166666666674, 31.508611111111104, 32.49305555555557, 32.82305555555557, 33.085277777777776, 33.642500000000005, 34.12472222222223, 32.599444444444444, 32.62583333333333, 32.49166666666666, 32.75055555555555, 33.37000000000001, 32.30083333333333, 32.57277777777778, 32.085277777777776, 31.888055555555557, 31.554999999999993, 31.786944444444444, 32.59805555555555, 32.49027777777778, 31.643055555555552, 31.367499999999993, 31.355277777777776, 30.82555555555555, 31.079444444444434, 31.219166666666663, 31.79222222222222, 32.54972222222222, 31.58666666666667, 31.89083333333332, 32.664722222222224, 32.777222222222214, 32.392500000000005, 32.49972222222223, 32.84527777777779, 33.45111111111111, 32.30166666666666, 31.955833333333334, 31.956666666666674, 31.90166666666666, 31.377222222222215, 31.418611111111108, 31.16305555555556, 31.976944444444435, 31.524166666666662, 30.80888888888889, 30.646666666666665, 29.919444444444437, 32.35361111111112, 32.69277777777778, 32.04583333333333, 32.69833333333334, 32.56138888888889, 32.12083333333334, 32.1188888888889, 31.410555555555554, 31.37222222222222, 31.102777777777774, 31.137499999999996, 31.896944444444443, 31.307777777777776, 31.46138888888889, 32.38111111111111, 32.47416666666666, 31.714444444444446, 31.0786111111111, 31.832222222222228, 31.160555555555543, 31.457777777777792, 32.45777777777777, 31.885555555555552, 32.0638888888889], "Right_Temps": [33.99444444444445, 32.74055555555556, 32.46277777777778, 31.402500000000007, 30.789722222222224, 30.97277777777779, 31.40805555555555, 31.231388888888894, 31.42027777777778, 31.337777777777788, 31.245555555555555, 31.619166666666672, 32.4325, 33.24194444444444, 33.86527777777778, 34.12333333333333, 33.435833333333335, 32.710277777777776, 32.383333333333326, 32.36694444444445, 30.869166666666672, 31.36166666666668, 31.295, 30.584999999999994, 31.11166666666666, 30.854166666666668, 34.768611111111106, 34.669166666666676, 31.369444444444444, 31.554444444444453, 32.57916666666666, 31.311666666666653, 31.671388888888902, 31.691944444444445, 30.383055555555547, 30.806111111111104, 31.099444444444437, 30.78222222222223, 31.623888888888885, 31.47555555555555, 32.35166666666666, 32.639444444444436, 32.891666666666666, 33.309999999999995, 32.2586111111111, 32.14416666666668, 32.217499999999994, 30.62472222222222, 30.95277777777777, 32.00694444444444, 30.846388888888896, 31.06194444444444, 30.644999999999996, 30.73222222222222, 30.188888888888894, 30.471111111111114, 30.634722222222226, 30.574722222222224, 30.606388888888887, 30.829722222222205, 30.635000000000005, 31.248611111111106, 31.536944444444444, 32.08305555555555, 32.290833333333325, 32.038333333333334, 31.67333333333333, 32.06055555555556, 30.82194444444444, 30.91722222222222, 32.04361111111111, 31.321388888888887, 30.587499999999995, 30.682500000000005, 29.950555555555557, 29.949166666666674, 30.35833333333334, 30.59444444444444, 31.048055555555557, 31.18527777777779, 31.638055555555557, 31.639166666666668, 31.606388888888887, 31.424999999999994, 31.086111111111116, 30.47555555555556, 31.26444444444445, 30.764999999999993, 30.592777777777776, 30.614166666666662, 31.073611111111113, 31.2925, 32.164722222222224, 30.93638888888889, 30.373611111111106, 30.723611111111104]}