{"ID": 213, "Surgery": 0, "Body_Temp": 35.0, "Cancer": 1, "Left_Temps": [33.15611111111111, 31.518888888888895, 30.873333333333328, 30.696666666666673, 30.790833333333328, 30.84444444444445, 30.858333333333334, 31.152500000000007, 31.616111111111113, 31.713055555555563, 31.283888888888878, 31.564722222222226, 32.26666666666667, 31.831111111111113, 31.97833333333332, 32.37583333333334, 31.68777777777779, 31.143888888888892, 31.00722222222222, 30.89833333333333, 30.268888888888892, 30.043055555555547, 29.515555555555547, 29.471111111111117, 29.875, 30.317222222222224, 31.996388888888898, 31.977222222222224, 31.800555555555555, 31.833333333333332, 32.22222222222222, 31.18777777777778, 30.566944444444427, 30.55916666666667, 30.815277777777776, 30.89055555555556, 30.943055555555564, 31.151944444444446, 31.43361111111111, 31.073055555555552, 31.31361111111111, 31.981388888888887, 31.32972222222222, 31.360833333333332, 30.947222222222234, 30.798888888888882, 30.895833333333332, 30.000555555555554, 29.806944444444444, 29.693055555555556, 28.626388888888886, 31.435555555555563, 31.220277777777774, 30.886944444444445, 30.988611111111116, 30.96583333333332, 30.43805555555556, 30.395833333333332, 30.780277777777776, 31.304722222222225, 30.876666666666665, 30.834722222222208, 30.790555555555564, 30.857777777777773, 30.738055555555555, 30.740277777777774, 30.458055555555568, 30.28472222222222, 29.901388888888885, 29.835000000000004, 30.12444444444444, 31.44472222222222, 30.37444444444445, 30.597500000000007, 31.176666666666662, 30.538888888888877, 30.63833333333334, 30.745000000000005, 30.37194444444445, 30.46805555555555, 30.796388888888877, 30.478888888888903, 30.066944444444445, 29.89833333333333, 30.000277777777782, 31.10694444444444, 30.411666666666658, 30.861111111111118, 30.682222222222222, 30.276666666666674, 30.18444444444445, 30.297222222222217, 30.108333333333334, 30.285277777777782, 30.824166666666674, 30.26666666666666], "Right_Temps": [31.817222222222217, 29.967222222222233, 29.452222222222233, 29.410833333333343, 30.071388888888887, 30.691666666666677, 30.633611111111108, 30.955277777777773, 31.427222222222227, 31.92666666666667, 31.848333333333326, 31.77416666666666, 31.761111111111106, 32.13750000000002, 32.16444444444445, 32.28777777777777, 32.24555555555555, 31.818333333333335, 31.62805555555556, 31.693055555555556, 31.251666666666672, 31.174166666666665, 30.46111111111111, 30.5975, 30.705277777777788, 30.434444444444452, 30.623333333333328, 30.28888888888889, 29.93666666666666, 30.278888888888893, 31.13444444444444, 29.31499999999999, 28.987777777777783, 29.244166666666672, 29.704444444444455, 30.317777777777774, 30.13527777777778, 30.32944444444444, 30.97194444444444, 31.465833333333332, 32.29, 32.24611111111111, 32.10305555555555, 32.32722222222222, 31.891388888888887, 31.251944444444437, 31.098333333333333, 31.364166666666662, 30.71916666666667, 30.196666666666673, 30.23861111111111, 29.295555555555552, 29.72055555555555, 29.13583333333333, 29.054722222222225, 29.13888888888889, 28.81472222222222, 29.033611111111114, 29.39861111111111, 29.88333333333334, 29.820833333333333, 30.00361111111111, 30.58972222222222, 31.401666666666674, 31.487500000000004, 31.62222222222222, 31.01027777777778, 30.64861111111111, 30.536666666666665, 30.281111111111116, 30.135000000000005, 29.31222222222222, 29.11194444444445, 28.799999999999994, 28.892777777777773, 28.934999999999995, 29.054722222222225, 29.369444444444436, 29.60083333333333, 29.966944444444454, 30.48611111111111, 30.947500000000005, 30.38861111111111, 30.1688888888889, 30.105000000000004, 29.19027777777778, 28.89, 28.76972222222221, 28.886111111111113, 29.143888888888892, 29.47305555555556, 29.839722222222218, 29.473333333333333, 29.34055555555556, 28.804444444444446, 29.026666666666667]}