{"ID": 216, "Surgery": 0, "Body_Temp": 35.5, "Cancer": 0, "Left_Temps": [33.74722222222223, 32.37638888888889, 32.60472222222222, 32.04916666666667, 32.51416666666667, 32.10527777777778, 32.020833333333336, 31.948888888888884, 31.866111111111113, 32.63444444444444, 31.740833333333327, 30.769999999999996, 30.223333333333333, 30.049999999999997, 30.290000000000003, 31.52472222222223, 30.81944444444445, 30.281666666666663, 29.837777777777774, 28.827500000000004, 28.632777777777775, 29.11027777777777, 29.94694444444444, 29.143333333333334, 29.36333333333333, 30.501666666666665, 34.58388888888888, 34.79749999999999, 31.85416666666667, 32.01666666666665, 32.57138888888889, 31.463611111111106, 31.18638888888889, 31.852499999999996, 32.17555555555557, 32.333333333333336, 31.53083333333333, 31.77444444444445, 32.0613888888889, 32.06944444444444, 31.940833333333345, 30.721388888888896, 30.33555555555556, 30.45611111111112, 30.15361111111111, 29.664444444444445, 29.09722222222222, 29.005000000000003, 29.237777777777776, 29.943333333333335, 29.87027777777777, 30.015555555555554, 30.55194444444444, 31.21027777777779, 30.217222222222215, 30.627777777777776, 30.515833333333337, 30.60722222222222, 31.60750000000001, 31.779166666666658, 31.717777777777783, 31.99055555555556, 32.34472222222223, 31.99527777777777, 30.93805555555556, 30.310555555555556, 29.98388888888889, 30.220555555555563, 30.20888888888889, 29.506388888888882, 29.796111111111106, 28.32472222222222, 30.34027777777778, 30.223333333333326, 30.372499999999995, 30.049444444444443, 30.883611111111108, 31.546388888888885, 31.377500000000005, 31.695555555555554, 31.536666666666658, 30.21277777777778, 30.480833333333333, 30.409166666666675, 30.05944444444445, 30.046111111111106, 30.580833333333334, 30.27027777777777, 30.795833333333324, 31.050277777777783, 31.111944444444436, 30.517222222222227, 30.26777777777778, 30.186944444444446, 30.267222222222227, 30.5825], "Right_Temps": [32.12444444444444, 31.413333333333348, 30.37777777777777, 30.245833333333337, 31.03972222222221, 31.194166666666668, 31.108888888888885, 31.036666666666672, 31.70111111111111, 32.096666666666664, 31.63000000000001, 30.970833333333328, 30.99499999999999, 31.52388888888889, 31.91305555555555, 31.865000000000002, 31.642777777777788, 31.085000000000004, 30.579444444444448, 30.413333333333323, 30.384722222222226, 31.084166666666665, 30.929722222222225, 31.325000000000003, 31.568611111111107, 31.742500000000007, 34.52, 31.412500000000005, 30.75722222222222, 30.74222222222221, 31.233333333333324, 31.848055555555547, 30.423055555555564, 30.380277777777778, 30.73944444444444, 31.199166666666674, 31.200277777777778, 31.053888888888885, 31.41027777777777, 32.34166666666667, 31.150833333333335, 31.05194444444444, 31.418888888888887, 32.91, 31.55444444444443, 30.661944444444444, 31.143333333333334, 30.324999999999996, 31.699722222222224, 31.351944444444445, 31.803888888888892, 31.5463888888889, 31.48916666666667, 31.549444444444458, 30.45444444444444, 31.16222222222222, 31.255277777777778, 30.44250000000001, 30.64138888888888, 31.45583333333333, 31.199999999999996, 31.376666666666665, 31.35388888888889, 31.205833333333324, 30.83055555555556, 31.18027777777778, 30.98611111111111, 31.82388888888889, 30.685555555555556, 30.885555555555552, 31.370277777777783, 30.196944444444455, 30.009166666666676, 30.54527777777778, 30.39527777777777, 30.359166666666667, 30.674166666666654, 31.141111111111115, 31.531944444444427, 31.688611111111097, 31.041944444444425, 30.94388888888889, 31.72916666666666, 31.299722222222222, 30.823333333333338, 31.39861111111111, 30.612777777777776, 30.30444444444443, 30.56638888888889, 31.087499999999995, 31.038333333333323, 31.617222222222217, 31.451944444444443, 30.838611111111106, 30.994999999999997, 31.140555555555547]}