{"ID": 217, "Surgery": 0, "Body_Temp": 35.7, "Cancer": 0, "Left_Temps": [33.156666666666666, 30.52500000000001, 30.362500000000004, 29.789166666666663, 30.14166666666667, 30.800833333333326, 30.613333333333337, 31.285833333333333, 31.659166666666668, 31.725277777777777, 31.401944444444453, 31.151111111111106, 31.099444444444455, 31.911388888888887, 31.825000000000003, 30.898888888888887, 31.1725, 30.187500000000014, 29.371666666666663, 29.024999999999995, 28.524166666666662, 28.09333333333333, 28.74666666666667, 28.760000000000005, 29.635277777777773, 29.538333333333338, 29.911666666666672, 30.09638888888889, 29.870000000000005, 30.261111111111106, 30.606944444444448, 29.481388888888894, 29.199166666666656, 29.41638888888889, 30.59777777777777, 31.94805555555556, 30.65416666666668, 30.468333333333323, 31.04222222222222, 32.275000000000006, 31.717500000000012, 31.209444444444436, 31.258333333333344, 31.89222222222222, 30.252499999999998, 29.72555555555556, 29.542777777777776, 29.15000000000001, 28.767777777777766, 28.508055555555554, 28.627222222222233, 28.91277777777777, 29.64444444444444, 29.077499999999993, 28.625, 28.907499999999995, 28.749166666666667, 29.14499999999999, 29.79833333333333, 30.731111111111115, 29.883055555555554, 30.039166666666663, 31.385833333333338, 31.780277777777783, 30.883888888888894, 30.33055555555556, 29.998055555555556, 30.21805555555556, 30.68861111111111, 29.88527777777778, 28.698055555555552, 28.672222222222224, 29.130277777777778, 28.649444444444455, 28.452777777777783, 28.75555555555555, 29.55833333333333, 30.84388888888888, 29.50833333333334, 30.772222222222222, 30.78888888888889, 30.385555555555566, 30.994166666666658, 30.499166666666675, 30.34888888888888, 28.86416666666667, 28.731944444444448, 28.47805555555557, 29.682500000000005, 29.375833333333333, 29.97388888888888, 31.557222222222215, 29.89611111111111, 29.85444444444444, 28.93111111111111, 29.07194444444444], "Right_Temps": [31.748333333333328, 29.53944444444444, 28.87277777777778, 29.14027777777777, 29.550555555555547, 29.369722222222222, 29.303333333333317, 30.65888888888889, 31.549999999999994, 30.91583333333334, 31.323611111111113, 31.59416666666667, 31.87861111111111, 31.763055555555564, 31.362777777777776, 32.054166666666674, 31.125000000000007, 31.828055555555554, 29.649999999999995, 30.109166666666667, 29.6888888888889, 29.23472222222223, 29.47833333333334, 29.59416666666667, 30.723888888888894, 30.779166666666658, 32.750833333333325, 30.369166666666658, 29.934999999999995, 30.219166666666663, 30.897222222222215, 29.46583333333334, 29.018888888888892, 30.45138888888889, 30.069166666666668, 29.44861111111112, 29.557222222222222, 30.633611111111104, 31.728611111111118, 30.888333333333335, 31.8036111111111, 31.56583333333333, 31.32944444444444, 31.458055555555557, 31.63805555555555, 29.984722222222217, 29.85416666666667, 30.070000000000007, 29.911666666666665, 29.755000000000003, 30.48861111111111, 29.519722222222228, 30.913888888888877, 29.457222222222224, 28.64888888888888, 28.794999999999998, 28.849444444444444, 28.852777777777785, 29.43472222222222, 29.3863888888889, 29.432500000000005, 30.27388888888889, 30.712777777777788, 31.34055555555555, 31.315000000000005, 30.837222222222238, 30.136666666666663, 30.001944444444444, 30.484166666666663, 30.660277777777765, 29.84833333333334, 29.563333333333333, 29.23277777777778, 28.8086111111111, 29.063333333333325, 28.69972222222223, 28.711388888888887, 29.099166666666665, 29.61305555555556, 29.95944444444443, 30.563055555555554, 30.42861111111112, 30.059999999999988, 30.37805555555556, 30.313888888888883, 30.016666666666666, 29.238888888888887, 29.296666666666663, 28.94111111111111, 29.22277777777778, 29.40222222222222, 30.071666666666665, 29.686666666666675, 30.448888888888877, 29.758888888888894, 29.613888888888894]}