{"ID": 218, "Surgery": 0, "Body_Temp": 35.7, "Cancer": 0, "Left_Temps": [31.771666666666672, 30.751111111111115, 30.93777777777777, 31.121666666666663, 31.80972222222222, 31.935555555555563, 31.87805555555555, 31.93472222222222, 32.58472222222221, 32.71722222222222, 32.37583333333333, 31.413611111111113, 31.39916666666667, 31.51527777777777, 31.483611111111106, 31.45416666666667, 30.89222222222222, 30.692500000000003, 30.85388888888889, 29.77361111111111, 29.76805555555556, 29.145555555555557, 29.52333333333333, 29.836388888888887, 29.634722222222226, 30.203888888888894, 31.601388888888884, 30.90611111111111, 30.814444444444447, 30.814722222222215, 30.883333333333326, 31.004166666666663, 30.51527777777777, 30.69416666666666, 31.121388888888887, 32.01694444444445, 32.18805555555555, 32.5175, 32.82611111111111, 32.21166666666668, 31.551388888888887, 31.376388888888894, 31.345277777777774, 31.147222222222233, 30.802777777777774, 30.546111111111102, 30.15472222222222, 30.002777777777776, 29.742222222222228, 29.90277777777778, 29.761111111111106, 29.59527777777778, 30.032777777777774, 30.330277777777773, 30.497499999999995, 30.490555555555545, 30.409166666666668, 30.730833333333333, 31.116111111111113, 31.52972222222222, 31.708888888888893, 32.22916666666666, 32.585, 31.882777777777783, 31.370833333333337, 31.061111111111114, 30.890277777777776, 30.557499999999997, 30.401111111111106, 30.043333333333337, 29.417777777777783, 30.05222222222222, 29.94111111111111, 30.18777777777778, 30.295277777777788, 30.94305555555555, 31.449166666666663, 31.617222222222228, 31.893333333333334, 32.10638888888888, 32.07555555555556, 31.296666666666667, 30.91222222222221, 30.72805555555555, 28.111666666666665, 30.52111111111111, 30.230277777777776, 30.810555555555563, 31.950555555555564, 32.0225, 31.811944444444432, 31.404444444444437, 31.340555555555554, 31.313888888888908, 31.25055555555555, 32.20527777777778], "Right_Temps": [31.530277777777787, 30.706388888888892, 30.653888888888883, 30.911388888888887, 31.324444444444435, 31.693333333333328, 31.530833333333344, 32.145833333333314, 32.99, 31.980000000000004, 31.632777777777783, 31.369999999999997, 31.317777777777774, 31.258888888888876, 32.06583333333333, 32.324444444444445, 31.69722222222222, 31.730833333333337, 31.51694444444443, 30.974722222222233, 30.92166666666668, 31.11166666666668, 31.16472222222223, 30.85722222222222, 30.17694444444444, 30.39861111111111, 32.038333333333334, 30.97027777777778, 30.608055555555538, 30.991111111111106, 31.465833333333332, 30.437499999999993, 30.41916666666667, 30.55527777777777, 31.0825, 31.254999999999995, 31.863055555555565, 32.537222222222226, 32.89472222222222, 32.433611111111105, 31.941666666666677, 31.436944444444446, 31.390555555555547, 32.374722222222225, 32.42111111111111, 31.452777777777776, 31.030277777777776, 31.33972222222221, 31.727222222222217, 31.66694444444444, 30.63555555555556, 30.703888888888887, 30.257777777777783, 29.950833333333353, 29.953888888888894, 30.248333333333342, 30.115555555555552, 30.617499999999993, 30.77305555555556, 31.31305555555555, 32.09027777777777, 32.646666666666675, 31.947500000000005, 31.813888888888886, 31.418611111111108, 31.457499999999996, 31.48527777777777, 31.252777777777762, 32.020833333333336, 31.560833333333342, 31.354166666666668, 30.659444444444446, 30.123055555555553, 30.123888888888885, 30.098333333333333, 30.83, 31.098888888888894, 32.104722222222215, 32.45555555555556, 32.21416666666667, 31.62138888888889, 31.68805555555555, 32.1725, 30.619999999999997, 29.21472222222222, 31.49555555555556, 30.37666666666668, 30.382500000000007, 31.196388888888894, 32.29388888888888, 32.19972222222223, 32.232222222222234, 31.85305555555555, 31.7225, 30.93777777777778, 31.706388888888892]}