{"ID": 219, "Surgery": 0, "Body_Temp": 36.6, "Cancer": 0, "Left_Temps": [33.24777777777777, 30.225833333333338, 29.950000000000006, 30.583333333333332, 30.417777777777776, 30.69055555555555, 31.202499999999993, 30.764722222222222, 30.937777777777782, 30.94472222222222, 31.10472222222222, 31.88083333333332, 31.728611111111118, 31.045277777777788, 29.997499999999995, 29.285, 29.712499999999995, 30.03722222222222, 30.214166666666667, 29.653888888888886, 28.77444444444444, 28.14527777777778, 28.069444444444443, 28.233611111111117, 28.655555555555548, 29.501388888888886, 29.84, 31.766111111111115, 32.35333333333333, 32.635, 33.44777777777778, 29.94250000000001, 30.02, 30.410000000000007, 30.73333333333333, 30.647777777777776, 31.283333333333335, 31.14055555555556, 31.194999999999993, 31.055833333333325, 30.734166666666663, 31.083888888888893, 30.876666666666672, 30.36749999999999, 30.47944444444445, 30.384999999999998, 29.9161111111111, 29.593333333333337, 28.564166666666665, 28.445833333333333, 28.43555555555556, 27.760555555555555, 29.686666666666675, 29.55444444444444, 29.50027777777777, 29.84861111111111, 29.312777777777782, 29.833333333333332, 30.38444444444444, 30.46944444444444, 31.393888888888878, 32.29222222222222, 31.113888888888887, 30.75444444444444, 30.765277777777783, 30.846111111111107, 30.265833333333333, 30.43638888888889, 30.310833333333342, 29.00611111111111, 28.776944444444453, 28.82388888888889, 29.365277777777774, 29.02333333333333, 29.13666666666667, 29.346111111111117, 29.653333333333325, 30.353333333333335, 31.179722222222225, 31.304444444444446, 31.27444444444444, 30.566111111111113, 31.69888888888889, 29.933333333333337, 28.944166666666675, 28.911388888888894, 29.10305555555557, 29.02027777777777, 29.417777777777772, 30.334166666666672, 30.49638888888888, 31.411944444444444, 30.465833333333332, 29.265555555555547, 29.113333333333337, 29.46944444444445], "Right_Temps": [31.463333333333335, 29.869166666666665, 29.535277777777782, 29.67388888888889, 30.31472222222222, 29.887222222222217, 30.349999999999998, 30.668611111111105, 30.765277777777776, 30.826111111111103, 31.23361111111112, 32.49027777777778, 32.93194444444445, 31.99305555555555, 30.872777777777785, 30.37722222222222, 30.488888888888887, 30.76249999999999, 30.987499999999997, 30.675277777777783, 30.20333333333335, 29.69138888888888, 29.47222222222223, 29.488888888888894, 29.39444444444444, 30.067499999999995, 30.849166666666665, 32.425555555555555, 32.02444444444444, 31.756388888888903, 32.23638888888889, 31.025833333333324, 29.639166666666668, 29.549722222222222, 29.803333333333324, 30.174166666666665, 30.272500000000004, 31.20472222222222, 31.502499999999998, 31.168888888888887, 31.78111111111111, 32.32277777777778, 31.509999999999998, 30.770833333333332, 31.34361111111111, 31.127777777777776, 30.89583333333333, 30.74750000000001, 29.849444444444444, 29.975277777777777, 29.50083333333334, 27.45499999999999, 29.94805555555556, 29.182499999999997, 29.401666666666674, 29.838888888888896, 29.89000000000001, 29.904166666666658, 30.055833333333332, 29.866944444444457, 30.85694444444444, 31.61833333333334, 31.289444444444445, 31.566944444444445, 31.508333333333326, 31.643055555555563, 31.27138888888889, 31.301388888888887, 31.34694444444444, 30.050277777777776, 30.114722222222213, 29.674444444444443, 29.28166666666667, 28.756666666666668, 29.227777777777767, 30.196111111111104, 29.75388888888888, 30.29833333333333, 30.80305555555556, 32.051388888888894, 31.489444444444434, 31.761388888888884, 31.55888888888889, 31.798888888888875, 30.11194444444445, 29.636666666666663, 28.931111111111104, 29.082500000000007, 29.30611111111111, 29.980000000000004, 30.832777777777785, 31.698888888888884, 31.084999999999997, 29.723055555555554, 29.29777777777777, 30.347499999999993]}