{"ID": 22, "Surgery": 0, "Body_Temp": 35.7, "Cancer": 0, "Left_Temps": [32.67388888888888, 31.058888888888887, 30.487222222222215, 29.603611111111118, 30.31499999999999, 31.191944444444445, 30.593333333333337, 30.726111111111102, 30.800833333333326, 31.282777777777774, 31.179166666666667, 31.235833333333332, 31.303055555555545, 31.21527777777779, 31.111111111111118, 31.111666666666665, 30.946666666666673, 30.439166666666672, 30.484444444444446, 30.293333333333333, 29.87861111111112, 29.41111111111111, 29.381666666666675, 29.339444444444446, 29.14638888888889, 29.148888888888887, 29.86805555555555, 29.227500000000003, 29.212499999999995, 32.50666666666667, 32.29916666666666, 30.606388888888887, 29.593333333333337, 29.77777777777777, 30.44944444444444, 31.37861111111111, 30.801111111111116, 30.84888888888888, 31.94500000000001, 31.235000000000007, 31.195277777777783, 31.238611111111123, 31.05527777777777, 30.914999999999996, 30.705277777777773, 30.799999999999994, 30.4011111111111, 29.996111111111116, 29.57527777777777, 29.401944444444446, 29.285555555555547, 29.12388888888889, 28.894722222222224, 28.997500000000002, 29.89305555555556, 30.398333333333337, 29.103333333333335, 29.61888888888889, 30.38749999999998, 30.82694444444445, 30.6561111111111, 30.549166666666665, 31.313611111111104, 31.14444444444444, 31.084444444444443, 30.919999999999998, 30.841388888888886, 30.61861111111111, 30.432222222222222, 29.76333333333334, 29.773333333333337, 29.920277777777773, 29.369999999999997, 29.38138888888889, 28.837777777777774, 29.106388888888887, 29.685000000000002, 30.696111111111122, 30.567222222222217, 31.013611111111103, 31.235, 30.94388888888889, 30.80944444444444, 31.415277777777778, 30.751111111111115, 31.047222222222217, 30.133888888888887, 29.653333333333332, 30.245833333333337, 30.951666666666668, 31.193333333333328, 30.95527777777778, 31.289722222222224, 32.00388888888889, 30.12777777777778, 31.675277777777776], "Right_Temps": [32.36666666666665, 30.567777777777774, 30.03444444444444, 29.854999999999993, 30.27611111111112, 30.96583333333334, 30.65722222222223, 31.498611111111114, 31.85027777777778, 30.746111111111116, 31.213333333333335, 29.581111111111113, 29.4525, 29.52972222222222, 30.033333333333342, 30.404722222222215, 30.66888888888888, 31.501111111111104, 30.96805555555555, 30.632777777777775, 30.40222222222222, 30.024722222222223, 29.694166666666668, 29.362222222222208, 29.56944444444444, 29.491388888888896, 29.237499999999997, 30.628333333333337, 32.29222222222223, 31.50277777777778, 32.02166666666666, 30.21972222222223, 29.481944444444448, 29.262777777777778, 29.955277777777788, 30.48611111111111, 30.967222222222226, 32.07499999999999, 31.443333333333328, 31.15222222222222, 31.213333333333335, 30.619999999999997, 30.092777777777776, 30.141944444444455, 31.831388888888892, 31.414722222222217, 31.28277777777776, 31.01138888888889, 29.722499999999993, 29.618333333333332, 29.483055555555552, 29.453333333333337, 29.710000000000004, 29.956944444444446, 29.774999999999995, 29.689166666666665, 29.111388888888897, 29.184999999999995, 29.927499999999995, 30.50055555555555, 31.026666666666674, 32.167777777777786, 30.929444444444446, 31.598888888888887, 31.67333333333334, 31.898333333333344, 31.35083333333333, 31.093611111111116, 30.627777777777776, 29.728055555555564, 29.62805555555556, 29.763055555555557, 30.792777777777776, 29.666388888888875, 28.83305555555555, 28.87444444444444, 29.36555555555556, 29.912777777777794, 30.819444444444443, 30.951666666666668, 30.928333333333327, 31.07277777777778, 30.722500000000007, 30.536944444444448, 29.76361111111111, 29.79472222222222, 29.200000000000006, 29.31972222222222, 29.3575, 30.00694444444444, 31.005277777777774, 30.78861111111112, 30.606388888888887, 30.091388888888893, 30.457222222222224, 30.64166666666667]}