{"ID": 220, "Surgery": 0, "Body_Temp": 33.5, "Cancer": 0, "Left_Temps": [29.523333333333337, 27.843333333333327, 27.56611111111112, 27.785000000000004, 28.233333333333327, 28.633333333333326, 28.717500000000012, 28.44888888888889, 28.188888888888886, 28.722499999999993, 28.119444444444433, 28.22833333333334, 28.027222222222218, 27.698055555555555, 28.310277777777774, 29.05166666666667, 28.741111111111106, 28.1075, 27.319722222222214, 26.490555555555556, 26.828611111111112, 27.38055555555556, 26.39083333333334, 25.509722222222223, 25.505555555555556, 25.697222222222223, 27.39611111111112, 28.780277777777776, 28.857777777777773, 28.621388888888887, 28.962499999999995, 27.708888888888897, 27.631666666666668, 28.079444444444437, 28.539999999999996, 28.83861111111112, 28.3863888888889, 28.175277777777765, 28.376111111111115, 28.61138888888889, 28.098611111111108, 27.901944444444442, 27.470277777777778, 28.079166666666662, 27.090277777777782, 26.51861111111111, 26.134722222222223, 25.806111111111107, 25.85638888888888, 25.50499999999999, 25.521666666666675, 25.720555555555556, 27.028611111111108, 27.070555555555554, 27.152222222222218, 27.631666666666668, 27.415277777777785, 27.37305555555556, 27.737222222222226, 28.2425, 27.97277777777779, 27.989166666666662, 28.365833333333327, 28.47722222222221, 27.71916666666667, 27.153333333333336, 26.784444444444443, 26.671388888888888, 26.297777777777767, 25.714166666666667, 26.16444444444444, 26.401944444444442, 26.629722222222224, 26.73333333333333, 26.992777777777786, 27.00472222222222, 27.30777777777778, 27.679444444444435, 27.787777777777766, 27.976388888888895, 28.143888888888885, 27.440277777777776, 27.168611111111108, 26.874999999999993, 27.02083333333333, 27.28749999999999, 27.02222222222222, 27.07527777777777, 27.280833333333337, 27.530555555555555, 28.10277777777777, 27.88083333333334, 27.781666666666666, 26.676666666666677, 27.80777777777778, 27.925833333333337], "Right_Temps": [29.400277777777774, 27.10472222222221, 26.43583333333334, 26.65861111111111, 27.41277777777777, 28.03083333333333, 27.891666666666666, 27.97638888888889, 28.853888888888896, 28.46000000000001, 28.324722222222224, 28.9175, 29.15694444444444, 29.150555555555556, 29.572222222222212, 29.943888888888903, 29.11027777777777, 28.477777777777785, 28.135833333333327, 27.672222222222224, 27.701111111111103, 27.804999999999996, 27.79444444444444, 28.000000000000004, 28.626944444444444, 27.741944444444435, 27.49027777777778, 27.32777777777778, 28.975833333333338, 29.434999999999995, 29.193055555555556, 27.373611111111114, 26.328333333333337, 26.400277777777784, 26.98333333333333, 27.52277777777777, 27.49027777777777, 27.818888888888885, 28.61555555555556, 28.229444444444457, 28.50722222222223, 28.701666666666668, 28.820833333333333, 28.925555555555547, 28.62722222222222, 27.999722222222218, 27.515833333333337, 27.70583333333333, 28.06305555555555, 27.64888888888889, 27.95694444444444, 27.311666666666657, 26.85694444444444, 26.717777777777776, 27.065833333333337, 28.05305555555556, 26.38555555555556, 26.365833333333335, 26.70694444444445, 27.1425, 27.34222222222222, 27.743055555555557, 28.283888888888885, 28.217777777777783, 28.24305555555556, 28.53805555555555, 27.853888888888886, 27.55, 27.41027777777778, 27.241944444444457, 27.552777777777788, 27.405277777777773, 26.58305555555556, 26.33777777777778, 26.31222222222222, 26.385833333333345, 26.52555555555555, 26.826666666666664, 27.313333333333333, 27.65472222222222, 27.929722222222225, 27.748611111111117, 27.970277777777778, 27.6125, 28.24194444444445, 27.5075, 26.37277777777778, 26.263888888888886, 26.411944444444444, 26.805833333333332, 27.20416666666667, 27.753611111111113, 27.477777777777774, 27.098888888888887, 26.677500000000002, 27.043333333333337]}