{"ID": 222, "Surgery": 0, "Body_Temp": 34.6, "Cancer": 0, "Left_Temps": [30.772500000000004, 29.448611111111106, 29.85944444444444, 30.331388888888892, 30.507500000000007, 30.998888888888885, 30.774444444444434, 30.04055555555555, 29.372500000000002, 29.099166666666672, 28.543611111111108, 28.485555555555557, 28.75055555555556, 29.475000000000005, 29.474166666666676, 29.03194444444445, 29.26472222222223, 29.570555555555554, 28.855833333333326, 27.933888888888887, 27.225833333333334, 26.77333333333333, 26.837222222222223, 26.818888888888885, 26.85944444444444, 27.277500000000007, 28.029999999999998, 28.407222222222224, 30.13972222222223, 30.295555555555552, 30.285277777777782, 29.09861111111111, 29.337499999999995, 30.231666666666676, 29.65138888888889, 30.348333333333333, 30.572499999999998, 30.13222222222222, 29.37527777777777, 29.65972222222221, 28.827777777777783, 28.974444444444444, 29.24777777777778, 29.763888888888882, 29.45361111111111, 29.168055555555554, 28.273333333333333, 27.51555555555555, 26.84777777777778, 27.18361111111112, 27.501666666666672, 27.732499999999998, 27.59194444444444, 29.165555555555557, 29.43638888888889, 29.298611111111104, 29.36527777777778, 29.61888888888889, 29.586944444444434, 29.400555555555545, 29.32083333333334, 29.27861111111112, 29.08944444444444, 29.59305555555555, 29.536944444444437, 29.507777777777775, 29.527222222222218, 28.605, 27.567500000000006, 27.127500000000005, 27.433611111111123, 28.02194444444444, 28.210000000000004, 28.817222222222224, 29.731944444444448, 29.408611111111117, 29.280833333333337, 29.06972222222223, 28.809444444444427, 28.81638888888888, 29.27805555555555, 29.4488888888889, 29.63527777777778, 27.76333333333333, 27.348611111111115, 28.027777777777786, 28.361388888888893, 29.183611111111116, 28.841666666666665, 28.710555555555555, 28.503888888888884, 29.105555555555554, 27.9225, 27.661666666666672, 29.456666666666663, 28.445], "Right_Temps": [31.085555555555548, 28.742222222222225, 28.25583333333332, 28.549722222222222, 29.480833333333344, 28.8911111111111, 29.04777777777777, 29.805833333333332, 30.5088888888889, 30.391944444444448, 30.48361111111112, 30.42083333333334, 30.442500000000003, 30.192499999999995, 29.85027777777778, 29.30194444444446, 29.48833333333333, 29.683611111111116, 29.56000000000001, 29.28777777777777, 29.459444444444443, 28.724722222222226, 28.64222222222222, 28.54222222222222, 28.719722222222213, 29.355277777777772, 30.753888888888884, 30.461111111111116, 30.667777777777783, 30.276111111111106, 29.838333333333335, 28.752222222222226, 27.782777777777774, 28.469166666666663, 29.809722222222224, 29.023333333333337, 29.37138888888889, 30.497222222222224, 30.959999999999997, 30.599166666666672, 30.91722222222222, 30.615277777777774, 30.605, 30.19444444444445, 30.22277777777778, 30.016388888888894, 29.477499999999996, 29.011666666666674, 28.90555555555555, 29.557222222222226, 29.155833333333344, 28.953888888888887, 30.284722222222214, 28.576111111111118, 29.251111111111115, 28.10194444444444, 28.16583333333333, 28.414444444444456, 28.977222222222224, 29.480277777777776, 30.183055555555555, 30.300000000000004, 30.76305555555555, 30.447499999999998, 30.550277777777776, 30.4961111111111, 30.35666666666667, 29.239444444444448, 28.87250000000001, 28.943333333333342, 27.823611111111124, 28.814722222222215, 28.32555555555555, 28.628333333333323, 28.486666666666665, 28.141666666666666, 28.485833333333332, 29.84027777777778, 30.41027777777777, 29.578333333333333, 30.32722222222223, 31.20805555555555, 29.28194444444445, 28.978611111111118, 28.896111111111104, 28.737222222222233, 28.60055555555555, 28.47333333333334, 28.500000000000007, 29.563888888888883, 29.232777777777773, 29.255833333333328, 29.067777777777774, 28.65972222222222, 28.586944444444434, 28.66583333333334]}