{"ID": 224, "Surgery": 0, "Body_Temp": 34.2, "Cancer": 0, "Left_Temps": [30.959999999999997, 30.182222222222222, 29.996666666666655, 29.677777777777774, 29.796111111111113, 29.71472222222223, 29.789722222222224, 29.90888888888888, 29.728055555555564, 29.44805555555556, 28.946666666666665, 28.877777777777787, 29.19111111111112, 28.76027777777778, 28.57694444444445, 28.80777777777777, 30.379444444444445, 30.29194444444444, 29.266944444444434, 28.622499999999995, 26.719722222222217, 26.22222222222222, 25.82805555555555, 25.53388888888888, 25.259444444444448, 27.254444444444438, 31.541944444444443, 31.508333333333333, 32.07472222222222, 32.02972222222222, 31.75833333333334, 30.190000000000005, 29.36694444444444, 29.522777777777783, 29.318611111111107, 29.47055555555557, 30.053333333333335, 29.726944444444452, 29.555, 29.322222222222212, 29.50416666666667, 30.331666666666667, 29.497222222222224, 29.367222222222235, 29.558055555555555, 30.088611111111106, 28.00611111111111, 26.861388888888886, 26.141111111111112, 25.67166666666667, 25.47444444444444, 25.33555555555555, 27.386388888888895, 28.032500000000006, 29.54222222222223, 30.046388888888885, 29.53555555555556, 29.07250000000001, 29.132500000000007, 29.377777777777776, 29.948611111111106, 29.730833333333333, 30.00305555555556, 29.36527777777778, 29.399999999999995, 29.09694444444445, 29.418888888888887, 28.101111111111113, 27.133888888888894, 26.35083333333334, 27.087777777777777, 27.238888888888887, 26.349166666666665, 27.59722222222223, 28.98166666666667, 29.063611111111104, 28.897222222222222, 28.772222222222222, 29.636111111111106, 29.513055555555564, 29.431388888888893, 29.28999999999999, 28.732499999999998, 29.043611111111115, 28.547499999999996, 28.50833333333334, 27.053055555555563, 28.231944444444448, 29.116944444444446, 28.661388888888887, 28.939444444444437, 29.463333333333328, 29.163888888888884, 25.97722222222222, 29.460277777777776, 30.012222222222224], "Right_Temps": [29.092222222222233, 28.137500000000003, 28.225833333333338, 28.94972222222223, 29.010555555555552, 29.310277777777767, 29.884166666666673, 30.116388888888892, 29.974444444444444, 30.088055555555556, 30.647777777777783, 29.72555555555556, 30.053333333333335, 30.217500000000012, 30.46944444444445, 30.63972222222223, 30.428055555555552, 29.77111111111111, 29.30166666666666, 28.974166666666672, 29.139444444444443, 28.85416666666667, 28.840277777777786, 28.662222222222212, 28.74722222222223, 29.480277777777776, 30.60722222222222, 29.742500000000007, 30.095833333333335, 29.560833333333335, 29.13722222222223, 27.682777777777773, 27.703055555555558, 27.980833333333333, 28.64972222222223, 29.47305555555556, 30.261111111111113, 30.21027777777777, 30.088611111111113, 30.30833333333333, 30.06333333333334, 29.803055555555545, 30.052499999999995, 30.491111111111106, 29.76333333333334, 29.30333333333334, 28.552777777777774, 28.345000000000002, 28.60055555555556, 28.056666666666672, 27.844166666666673, 28.263611111111114, 28.540277777777778, 28.149166666666662, 28.934166666666677, 28.475000000000005, 27.37722222222222, 27.684999999999995, 28.517777777777773, 29.49666666666667, 30.031111111111116, 30.126944444444447, 30.984444444444446, 30.069722222222214, 29.568611111111107, 29.6511111111111, 29.733611111111106, 28.831111111111113, 28.772222222222208, 27.828055555555547, 27.675555555555555, 27.599999999999998, 27.644166666666674, 27.58333333333333, 27.54361111111111, 27.475833333333338, 28.934999999999995, 29.338333333333335, 29.65138888888889, 29.911388888888887, 30.897777777777783, 29.307222222222222, 29.13888888888889, 29.620277777777776, 27.97527777777778, 28.536666666666672, 27.861388888888893, 27.65444444444445, 27.798333333333332, 29.008888888888894, 29.560555555555556, 29.330555555555563, 30.000555555555554, 29.143888888888892, 28.206944444444456, 28.64638888888889]}