{"ID": 226, "Surgery": 0, "Body_Temp": 35.1, "Cancer": 0, "Left_Temps": [29.201944444444436, 27.72194444444444, 27.382222222222225, 27.49583333333333, 27.77972222222222, 28.027499999999993, 28.519722222222217, 29.028333333333332, 28.818055555555564, 29.227777777777778, 28.617222222222225, 28.263888888888893, 28.009166666666662, 27.773055555555548, 28.26166666666667, 28.77, 28.007500000000004, 27.059444444444445, 26.456111111111106, 26.038055555555545, 25.875, 25.99416666666666, 25.933611111111105, 26.12944444444444, 26.194166666666675, 27.467499999999987, 31.74388888888889, 28.16083333333333, 28.248333333333335, 28.27611111111111, 28.308888888888887, 27.395000000000003, 27.234722222222228, 27.375277777777782, 27.498055555555556, 27.813333333333325, 28.34916666666666, 28.1975, 28.263055555555557, 28.113888888888894, 27.848888888888894, 27.705277777777777, 27.392777777777777, 27.61416666666667, 27.26527777777778, 26.664166666666663, 26.06, 25.827777777777783, 25.72694444444445, 25.448888888888888, 25.64805555555556, 25.965000000000003, 26.236666666666668, 27.432222222222222, 27.265555555555554, 27.789999999999996, 27.363055555555555, 27.387499999999996, 27.53277777777778, 27.735277777777775, 27.553055555555563, 27.5775, 27.599999999999998, 27.244166666666665, 27.094444444444445, 27.251388888888894, 26.673611111111114, 26.188055555555557, 25.76583333333333, 25.538888888888888, 25.765277777777776, 26.545, 26.72972222222222, 27.310833333333335, 26.876666666666672, 27.090833333333332, 27.572777777777777, 27.599166666666658, 27.198611111111116, 26.942222222222224, 26.708333333333332, 26.450555555555557, 25.988611111111116, 25.52583333333334, 25.351944444444445, 26.508611111111115, 26.971388888888885, 27.170555555555545, 27.193888888888903, 27.159166666666664, 26.76, 26.314444444444444, 26.09722222222222, 26.12194444444444, 27.057222222222222, 26.894166666666674], "Right_Temps": [30.064444444444455, 27.17333333333333, 26.511666666666663, 26.53305555555555, 27.05416666666666, 27.544444444444437, 28.204166666666666, 29.375833333333333, 29.885277777777787, 29.90805555555555, 29.75666666666666, 29.840833333333332, 30.4061111111111, 30.424166666666665, 30.23388888888889, 30.085833333333337, 30.463055555555556, 30.96166666666667, 28.877777777777787, 28.716111111111097, 27.57638888888889, 27.592777777777776, 27.820555555555554, 28.35555555555556, 28.750555555555554, 28.74194444444444, 30.445277777777772, 28.83, 28.403333333333332, 28.34527777777778, 28.87722222222222, 26.77, 26.49916666666667, 26.56194444444444, 26.925555555555558, 27.486944444444454, 28.58694444444444, 29.249444444444446, 29.593888888888884, 30.02861111111111, 29.924444444444458, 29.95361111111111, 30.970277777777767, 31.075277777777778, 30.381388888888896, 28.690000000000012, 28.143611111111113, 27.516666666666666, 27.652222222222218, 28.541944444444443, 29.388611111111118, 28.9175, 28.40166666666666, 27.941666666666656, 26.944444444444443, 27.128055555555562, 26.80166666666666, 26.785833333333333, 27.142777777777773, 27.871388888888887, 28.70805555555555, 29.046111111111106, 29.199722222222224, 30.095833333333328, 29.662499999999998, 29.806944444444436, 28.862500000000004, 28.04166666666667, 27.649722222222223, 27.871944444444445, 29.67277777777777, 27.025277777777777, 28.79305555555556, 27.51, 26.977777777777778, 27.118611111111115, 27.450833333333335, 28.180277777777782, 28.98583333333334, 28.74499999999999, 28.82722222222223, 29.051388888888894, 28.21388888888889, 28.011944444444442, 28.27083333333333, 29.03166666666667, 28.669444444444437, 27.594722222222224, 27.99416666666666, 28.605, 29.005277777777778, 28.356944444444444, 28.61, 28.646388888888893, 28.525833333333335, 28.526944444444446]}