{"ID": 23, "Surgery": 0, "Body_Temp": 35.6, "Cancer": 0, "Left_Temps": [31.65527777777777, 30.813611111111115, 30.33388888888889, 30.646388888888875, 30.737499999999997, 30.864722222222213, 30.656388888888884, 30.97555555555555, 31.40555555555555, 31.67194444444444, 32.05138888888889, 31.231666666666666, 30.91972222222222, 30.9838888888889, 32.21111111111111, 31.17138888888889, 31.70833333333334, 31.349166666666676, 31.131666666666668, 31.35972222222221, 31.005833333333335, 30.82666666666667, 31.18722222222222, 30.857222222222212, 30.64888888888889, 30.602500000000006, 30.869444444444444, 30.593333333333337, 32.50638888888889, 31.96388888888889, 31.629166666666663, 30.236666666666654, 30.195277777777772, 30.47222222222223, 30.614999999999995, 31.090000000000007, 30.702777777777776, 31.366388888888892, 31.25555555555555, 32.01722222222223, 31.268333333333334, 31.111944444444443, 30.759444444444448, 31.474166666666672, 31.008888888888894, 31.663333333333338, 31.42027777777778, 31.39055555555556, 30.96166666666667, 30.6525, 30.58888888888889, 30.426111111111116, 30.201944444444443, 29.756388888888882, 30.14944444444444, 30.00722222222223, 30.192222222222213, 30.905833333333337, 31.144722222222217, 30.591944444444444, 31.42138888888889, 31.688333333333333, 31.194166666666675, 31.6988888888889, 31.665277777777767, 30.978888888888882, 31.487500000000004, 31.57444444444444, 31.088333333333328, 30.686666666666667, 30.98194444444443, 29.87583333333334, 29.21472222222223, 29.62083333333333, 29.68111111111113, 30.492222222222228, 31.057777777777783, 30.699166666666674, 31.266944444444448, 31.17583333333333, 31.421944444444446, 31.701944444444443, 30.737500000000004, 30.618611111111097, 30.449166666666674, 30.120000000000005, 29.61777777777777, 30.063055555555554, 30.258055555555554, 30.606111111111108, 30.69833333333333, 30.97944444444445, 30.513055555555557, 30.375555555555568, 30.14222222222222, 30.432499999999997], "Right_Temps": [31.341666666666672, 29.698055555555566, 30.008611111111115, 30.636111111111113, 30.688055555555554, 31.357222222222227, 30.695277777777783, 30.68777777777778, 30.99638888888889, 31.01027777777778, 30.52, 30.014722222222222, 31.051388888888894, 30.923611111111118, 30.889444444444443, 30.73694444444445, 30.592777777777776, 31.24888888888889, 31.48805555555556, 31.27805555555555, 31.08583333333333, 31.133888888888887, 31.17749999999999, 30.956388888888892, 30.58722222222222, 30.66972222222222, 30.765833333333333, 29.53861111111112, 30.213888888888885, 30.56194444444445, 31.358611111111102, 29.38805555555555, 29.36111111111111, 30.23583333333334, 30.583888888888893, 30.346388888888896, 30.516666666666666, 30.564166666666665, 31.02638888888889, 30.599999999999998, 30.358611111111102, 31.165833333333328, 30.88916666666668, 30.81611111111111, 31.30611111111113, 31.6211111111111, 31.507499999999993, 31.166944444444443, 30.542500000000004, 29.992222222222225, 29.78388888888889, 29.549722222222215, 29.40694444444444, 28.40805555555556, 28.979166666666668, 29.003055555555548, 29.31166666666666, 30.233333333333324, 30.701111111111118, 30.10388888888889, 30.494444444444444, 30.85055555555555, 30.44388888888889, 30.486666666666665, 31.204444444444455, 31.231111111111108, 30.965833333333332, 30.84305555555555, 30.616944444444446, 30.41694444444445, 29.967222222222233, 29.529722222222226, 28.53583333333334, 29.116944444444446, 28.85305555555555, 30.373055555555563, 30.849444444444444, 30.231944444444448, 30.590833333333325, 30.56805555555555, 30.03194444444445, 30.608611111111106, 30.602500000000006, 30.63194444444444, 30.198611111111106, 29.70055555555555, 29.214444444444446, 29.37722222222222, 29.685277777777774, 29.948611111111106, 30.14138888888888, 29.879722222222217, 29.971944444444446, 29.68861111111111, 29.47027777777778, 29.71361111111112]}