{"ID": 235, "Surgery": 1, "Body_Temp": 35.5, "Cancer": 0, "Left_Temps": [32.32194444444444, 30.25972222222222, 29.976111111111113, 30.583611111111118, 31.78833333333334, 31.831944444444453, 30.536111111111104, 30.00388888888889, 30.21916666666667, 31.22361111111111, 30.39638888888889, 29.69833333333333, 29.99305555555555, 30.447222222222234, 31.63527777777778, 32.45611111111111, 31.195833333333333, 30.20055555555555, 29.280000000000012, 28.655000000000005, 28.707499999999996, 29.455555555555538, 28.982499999999998, 28.708611111111118, 28.6988888888889, 29.334722222222222, 31.65972222222222, 29.965, 29.874166666666667, 30.793055555555554, 32.2975, 30.299999999999994, 29.844444444444434, 30.404166666666672, 31.285, 32.21777777777777, 30.83444444444445, 29.65472222222222, 29.64666666666666, 31.065833333333323, 29.956111111111106, 29.759444444444437, 29.95305555555556, 30.81749999999999, 29.597777777777782, 28.674166666666665, 28.2, 28.318055555555553, 28.575277777777778, 28.744722222222226, 28.772777777777783, 29.010833333333338, 29.614722222222227, 29.26361111111111, 29.915277777777774, 31.413611111111113, 30.28888888888889, 30.64527777777777, 31.056666666666665, 31.188888888888886, 30.12861111111111, 29.242777777777786, 29.48222222222222, 30.74722222222222, 29.857222222222227, 29.44361111111111, 28.744722222222222, 28.20722222222222, 28.446666666666665, 28.89444444444444, 29.640277777777776, 29.470555555555556, 29.496388888888898, 30.199999999999996, 32.20694444444444, 31.723333333333343, 31.27055555555555, 31.334722222222215, 29.890833333333344, 29.08527777777777, 29.17416666666666, 29.63472222222222, 28.40833333333334, 28.56944444444444, 26.999722222222225, 30.10500000000001, 30.312499999999993, 31.972499999999993, 31.312777777777764, 30.875555555555554, 29.470277777777785, 28.626388888888894, 29.055555555555557, 30.06861111111111, 32.01916666666667, 32.39805555555555], "Right_Temps": [30.11055555555555, 29.259722222222226, 29.220833333333328, 29.240833333333335, 30.10111111111111, 30.848055555555554, 30.536666666666665, 30.691666666666656, 31.198888888888884, 30.75972222222222, 30.859444444444446, 30.41361111111111, 31.377777777777776, 32.32666666666667, 32.89194444444445, 33.760833333333345, 32.96944444444445, 31.93111111111111, 31.26944444444444, 30.878333333333337, 32.44194444444445, 30.24611111111111, 30.8925, 31.088888888888885, 30.548611111111118, 30.232777777777773, 30.192500000000013, 30.775277777777788, 30.450555555555564, 30.006111111111107, 29.880277777777778, 28.81527777777778, 28.654444444444444, 28.86833333333334, 29.59805555555556, 31.339722222222218, 31.37722222222222, 30.689722222222226, 31.595555555555556, 30.961944444444455, 31.243055555555557, 32.749722222222225, 32.67944444444444, 32.467499999999994, 30.797777777777778, 30.50555555555555, 31.670555555555552, 31.84972222222222, 31.53305555555555, 31.938611111111115, 30.93999999999999, 30.7813888888889, 29.818333333333328, 29.556666666666665, 29.29055555555555, 28.899722222222213, 28.711388888888887, 28.865833333333335, 29.736388888888882, 31.14611111111111, 30.384166666666673, 30.660555555555554, 32.33527777777777, 31.432222222222215, 32.04888888888889, 31.633055555555554, 31.688888888888894, 32.56833333333334, 31.94194444444444, 31.712222222222223, 32.12972222222223, 30.41666666666667, 29.5, 29.352222222222224, 29.02638888888889, 29.276666666666674, 30.07416666666667, 30.898611111111116, 30.155000000000005, 30.925000000000004, 32.204722222222216, 32.43527777777777, 31.595833333333335, 31.47138888888889, 31.296666666666663, 31.38222222222222, 29.799444444444458, 29.59055555555556, 29.978055555555557, 30.295833333333324, 30.4725, 31.936111111111114, 31.69972222222223, 31.823888888888877, 30.225833333333338, 30.38666666666667]}