{"ID": 237, "Surgery": 0, "Body_Temp": 36.5, "Cancer": 0, "Left_Temps": [32.91305555555555, 31.87083333333333, 32.49333333333333, 32.35388888888889, 33.13499999999999, 32.42166666666666, 32.436388888888885, 34.38583333333332, 33.37083333333334, 33.66222222222222, 32.65722222222221, 32.52472222222224, 33.08305555555556, 33.4313888888889, 33.6313888888889, 33.476666666666674, 33.30749999999999, 33.50416666666666, 33.21111111111111, 32.96833333333333, 31.603333333333335, 31.08722222222222, 31.22666666666667, 31.20416666666667, 32.15777777777778, 30.97833333333334, 32.903333333333336, 32.97222222222223, 33.252222222222215, 32.493055555555564, 32.54777777777778, 31.432222222222233, 31.849166666666665, 33.03083333333334, 32.67305555555555, 32.12194444444445, 32.75944444444445, 33.800555555555576, 33.856388888888894, 34.14972222222222, 32.85361111111112, 33.77222222222222, 33.299722222222215, 33.4825, 34.13833333333333, 34.16638888888888, 33.41166666666666, 31.921111111111113, 32.644999999999996, 31.768611111111113, 31.545277777777773, 31.67305555555555, 30.998888888888885, 31.918055555555554, 31.14555555555556, 31.050555555555547, 31.605833333333333, 31.881944444444443, 31.695000000000007, 32.59277777777777, 32.71444444444444, 34.144444444444446, 34.266666666666666, 33.54055555555556, 33.34055555555555, 34.170277777777784, 34.818611111111125, 32.82944444444444, 32.673333333333325, 32.5013888888889, 32.8261111111111, 32.654722222222226, 32.22138888888889, 31.336666666666677, 30.8675, 31.230833333333337, 31.99583333333333, 33.47222222222223, 34.37972222222223, 34.00305555555556, 34.162222222222226, 33.85999999999999, 32.68472222222223, 31.692499999999995, 32.004444444444445, 32.57222222222222, 32.43, 31.83611111111111, 31.793333333333333, 33.14805555555555, 32.855555555555554, 32.66055555555556, 32.01805555555555, 31.542499999999986, 31.763888888888882, 31.722500000000007], "Right_Temps": [33.13583333333333, 31.68, 31.91277777777778, 33.405, 33.830833333333345, 32.805833333333325, 32.286111111111126, 33.071944444444455, 33.52138888888889, 33.814444444444455, 32.8486111111111, 33.06555555555555, 33.43805555555556, 33.827222222222225, 33.31444444444443, 32.44805555555557, 32.12972222222222, 32.099722222222226, 32.366944444444435, 32.11611111111111, 32.11777777777778, 33.11388888888889, 32.48249999999999, 31.647222222222226, 31.063888888888894, 31.668333333333326, 31.601111111111113, 31.639722222222215, 31.36805555555556, 32.781666666666666, 33.04055555555555, 31.622777777777774, 31.33, 32.160555555555554, 33.21083333333334, 32.66972222222222, 32.120833333333344, 33.22722222222222, 32.94527777777778, 32.86777777777779, 33.08333333333335, 32.6713888888889, 32.69972222222223, 32.63944444444446, 32.069444444444436, 33.1811111111111, 32.01444444444446, 31.889722222222222, 32.059999999999995, 32.06194444444445, 31.586944444444434, 31.942777777777778, 31.942500000000003, 31.027500000000014, 31.676666666666684, 31.84444444444444, 31.320277777777783, 32.43805555555556, 32.54055555555555, 33.69777777777777, 32.913611111111116, 33.22972222222222, 32.76888888888889, 33.54305555555555, 32.98361111111112, 32.43055555555555, 33.708333333333336, 32.34111111111111, 32.663888888888884, 31.906666666666663, 32.439722222222215, 32.603333333333325, 31.910277777777782, 30.99972222222223, 31.135555555555545, 31.102777777777785, 32.51888888888889, 32.615555555555545, 33.853611111111114, 33.25138888888889, 33.29749999999999, 33.52333333333333, 32.05111111111111, 31.96583333333334, 31.962222222222223, 31.808055555555548, 31.7225, 31.142222222222227, 31.12972222222223, 32.48833333333332, 32.8725, 32.40083333333333, 32.35194444444445, 32.62777777777778, 31.08222222222221, 31.42833333333334]}