{"ID": 238, "Surgery": 0, "Body_Temp": 36.7, "Cancer": 0, "Left_Temps": [34.593333333333334, 33.32861111111111, 33.01166666666667, 32.51638888888888, 32.830555555555556, 33.503611111111105, 33.534166666666664, 33.56694444444444, 33.02916666666667, 32.736111111111114, 32.635000000000005, 32.62444444444444, 32.89666666666667, 33.72333333333333, 33.591111111111104, 33.895833333333336, 33.833611111111125, 33.602222222222224, 33.36805555555555, 33.76388888888889, 32.48833333333333, 32.213055555555556, 31.386111111111106, 31.850277777777787, 31.518055555555552, 32.817777777777785, 35.401111111111106, 35.065000000000005, 34.21583333333333, 33.88111111111111, 34.17805555555557, 32.75277777777779, 33.03000000000001, 32.64694444444445, 32.6111111111111, 33.95388888888888, 33.651388888888874, 33.769444444444446, 33.52166666666666, 33.125555555555565, 33.46472222222223, 32.830277777777766, 33.24583333333333, 33.368611111111115, 33.086388888888884, 33.14805555555555, 32.78472222222222, 32.88805555555555, 31.915555555555557, 31.748333333333342, 31.50472222222223, 31.61083333333333, 32.95111111111111, 32.48222222222221, 32.44888888888889, 32.4725, 32.34972222222223, 32.518055555555556, 32.56111111111111, 34.04472222222222, 34.014444444444436, 33.40166666666667, 34.36833333333333, 33.33527777777778, 32.863333333333344, 33.192499999999995, 33.510555555555555, 33.35194444444445, 33.412777777777784, 32.690000000000005, 32.904999999999994, 32.47527777777778, 32.93944444444445, 32.455555555555556, 33.33333333333334, 33.328611111111115, 33.13388888888889, 34.092777777777776, 34.10944444444444, 34.688055555555565, 34.48555555555557, 34.523611111111116, 35.05583333333334, 34.42805555555556, 34.528888888888886, 34.63888888888889, 33.74999999999999, 32.66916666666666, 33.05055555555555, 33.36555555555555, 34.5075, 35.537499999999994, 34.23694444444445, 33.4913888888889, 34.07583333333333, 33.294444444444444], "Right_Temps": [35.3125, 33.67694444444444, 33.10083333333333, 31.82611111111111, 32.09, 32.74472222222222, 33.098611111111126, 33.117777777777775, 32.857777777777784, 33.37527777777777, 33.172499999999985, 33.57583333333333, 33.56166666666666, 33.97472222222223, 33.95583333333334, 33.92277777777778, 33.91083333333334, 33.59916666666667, 33.88416666666666, 33.64722222222223, 32.65694444444444, 32.4588888888889, 31.99250000000002, 32.20444444444444, 32.28666666666666, 32.53805555555555, 35.73999999999999, 35.5925, 34.18000000000001, 34.48555555555555, 34.8975, 33.10194444444445, 32.417777777777786, 32.05277777777778, 31.97333333333334, 32.767500000000005, 32.74944444444445, 33.34833333333333, 33.21916666666666, 33.076388888888886, 33.66833333333332, 33.78083333333333, 33.89166666666668, 33.949166666666684, 33.6575, 33.53805555555556, 33.152777777777764, 32.91583333333333, 32.219722222222224, 32.27277777777778, 32.18638888888889, 32.61527777777778, 32.8725, 33.33583333333333, 33.09916666666666, 32.75694444444445, 31.86083333333334, 31.744166666666672, 32.55166666666667, 32.99305555555556, 32.99166666666667, 32.7438888888889, 33.25083333333334, 33.34916666666666, 33.47583333333334, 33.66277777777777, 33.34611111111112, 33.235277777777775, 32.80222222222223, 32.08583333333333, 32.65666666666666, 33.088888888888896, 33.01416666666666, 32.513888888888886, 31.870000000000005, 31.79972222222223, 32.394999999999996, 32.81916666666667, 32.79694444444444, 32.812222222222225, 32.965, 33.395, 33.55611111111111, 32.37861111111111, 31.95500000000001, 32.671388888888885, 33.358888888888885, 32.54694444444444, 33.265833333333326, 32.39527777777778, 32.58472222222221, 33.01888888888889, 32.78916666666667, 32.93611111111111, 33.61694444444444, 32.657777777777774]}