{"ID": 239, "Surgery": 0, "Body_Temp": 35.7, "Cancer": 0, "Left_Temps": [32.795555555555545, 31.460833333333337, 31.270555555555557, 31.019722222222217, 30.396111111111118, 31.189444444444437, 31.447777777777773, 30.1875, 29.955555555555552, 31.184999999999988, 33.73833333333334, 35.17027777777778, 32.162777777777784, 31.399166666666662, 31.38916666666667, 31.243333333333332, 32.883611111111115, 34.256388888888885, 32.70027777777778, 31.02416666666667, 30.333333333333332, 30.295277777777763, 30.101944444444445, 31.09222222222222, 30.09666666666666, 31.355, 34.28722222222222, 32.963055555555556, 32.794444444444444, 33.03833333333333, 32.62972222222223, 31.114444444444434, 30.209166666666665, 30.273888888888887, 30.315000000000012, 30.803055555555552, 30.79888888888889, 31.260555555555545, 31.125833333333347, 31.651944444444446, 34.44, 35.1025, 34.18694444444445, 33.278333333333336, 34.22888888888889, 31.72361111111111, 30.615833333333335, 30.395277777777785, 30.148055555555555, 29.948055555555552, 31.160277777777765, 31.432499999999997, 31.79444444444444, 31.58361111111111, 31.203611111111115, 30.97638888888889, 30.067777777777778, 29.915555555555564, 30.838333333333335, 31.19944444444444, 30.37250000000001, 30.251111111111122, 30.361388888888882, 31.94027777777778, 32.711666666666666, 33.06944444444444, 31.321388888888894, 30.32194444444444, 29.801666666666662, 29.748055555555556, 29.808055555555555, 31.509999999999998, 31.3825, 30.765833333333337, 30.206666666666667, 30.193333333333342, 30.7975, 30.958611111111118, 30.720000000000002, 30.298611111111104, 31.209722222222226, 31.485833333333332, 30.41888888888888, 29.500833333333325, 29.226666666666663, 31.27111111111111, 31.011666666666656, 30.542499999999993, 30.692777777777778, 30.561944444444446, 31.53638888888888, 30.556666666666665, 29.37472222222222, 29.021666666666665, 31.205277777777766, 30.554999999999993], "Right_Temps": [32.96361111111111, 30.898333333333337, 30.121111111111116, 29.459722222222215, 29.810277777777774, 30.79472222222222, 30.20805555555556, 29.673055555555564, 29.954444444444448, 30.241388888888896, 29.95555555555556, 30.799999999999997, 29.929444444444446, 29.698611111111113, 29.475000000000005, 29.43805555555556, 30.941111111111113, 32.61138888888889, 31.19472222222222, 30.513333333333335, 29.728888888888896, 29.429166666666667, 29.142500000000002, 29.547222222222224, 30.791388888888896, 30.048333333333332, 33.21111111111112, 34.883611111111115, 32.89305555555556, 33.089444444444446, 33.033055555555556, 30.792777777777783, 29.929722222222225, 29.756111111111107, 31.25027777777778, 30.39972222222222, 29.450277777777785, 29.93972222222222, 29.844166666666663, 30.3925, 33.5, 34.25694444444445, 32.04944444444445, 31.50333333333333, 32.615, 31.391388888888873, 31.17944444444444, 30.133611111111104, 29.62722222222222, 29.18722222222223, 29.69722222222222, 31.595833333333335, 30.335277777777783, 30.85138888888889, 32.39750000000001, 30.995833333333337, 30.006388888888882, 30.039722222222217, 31.49638888888888, 29.98444444444444, 30.046666666666663, 30.89444444444444, 30.356111111111108, 31.28166666666667, 32.12416666666667, 32.302777777777784, 31.48388888888889, 30.876388888888883, 30.14194444444444, 29.64972222222222, 29.54555555555556, 30.195555555555554, 29.831666666666674, 30.81555555555556, 30.925833333333326, 31.355833333333333, 30.754722222222217, 31.503333333333345, 32.0275, 31.82222222222222, 30.821666666666673, 31.34527777777778, 30.739166666666662, 30.921666666666663, 30.43638888888889, 29.914166666666674, 30.082222222222228, 30.91222222222222, 29.68027777777778, 29.80750000000001, 30.12194444444444, 30.424166666666665, 31.765555555555554, 31.545833333333334, 29.932222222222222, 29.361388888888897]}