{"ID": 24, "Surgery": 0, "Body_Temp": 35.7, "Cancer": 0, "Left_Temps": [33.371944444444445, 31.298333333333332, 29.95388888888888, 30.399999999999995, 30.553888888888885, 30.798888888888882, 30.590833333333325, 31.048055555555557, 31.264166666666668, 31.10249999999999, 31.55583333333332, 31.295277777777773, 31.405277777777783, 31.552499999999995, 31.78305555555555, 31.87166666666667, 31.624722222222218, 30.934722222222224, 31.3086111111111, 29.782500000000013, 28.931666666666665, 28.421944444444442, 27.836666666666662, 27.754999999999995, 28.251666666666665, 28.930555555555557, 32.103611111111114, 30.86388888888888, 30.272222222222222, 32.98111111111112, 33.42805555555556, 30.39888888888888, 29.042777777777776, 30.043333333333333, 30.055277777777764, 30.244166666666665, 30.564999999999984, 31.442777777777774, 30.779166666666672, 31.103888888888882, 31.022777777777783, 30.624444444444446, 31.00111111111111, 31.208055555555557, 31.113333333333337, 31.086666666666662, 30.21250000000001, 28.945555555555554, 28.621111111111116, 28.000833333333336, 27.73666666666668, 27.932777777777773, 28.544166666666666, 28.75722222222223, 29.88222222222222, 30.10444444444445, 28.5586111111111, 28.657777777777785, 29.150833333333328, 30.021111111111104, 31.469999999999995, 30.452222222222215, 30.50722222222222, 31.73333333333333, 31.77305555555556, 31.945277777777783, 30.50222222222222, 30.403888888888893, 28.984444444444453, 28.6525, 28.5625, 28.315555555555562, 28.098055555555558, 29.48, 28.61083333333333, 28.39361111111111, 29.033611111111114, 30.628888888888884, 30.41277777777778, 29.855555555555554, 31.259166666666665, 30.63722222222221, 31.00500000000001, 29.216388888888893, 28.866111111111113, 28.560277777777774, 28.47055555555555, 28.80916666666667, 28.672777777777778, 29.510000000000005, 29.375555555555554, 30.432777777777783, 29.284166666666675, 29.025555555555552, 28.543611111111105, 29.036666666666672], "Right_Temps": [32.0025, 31.20388888888888, 30.49583333333333, 31.119166666666665, 29.252499999999998, 29.90222222222222, 30.203333333333337, 30.900555555555552, 31.865555555555552, 32.07166666666667, 30.501388888888886, 30.240833333333335, 30.242499999999993, 30.25333333333333, 30.30305555555556, 30.051111111111116, 32.24916666666667, 30.72222222222222, 31.306388888888883, 31.27388888888888, 29.926944444444434, 29.364999999999995, 29.876666666666658, 29.52611111111112, 29.46555555555556, 29.671111111111106, 30.704444444444455, 29.756944444444443, 29.804166666666656, 31.78472222222222, 31.584722222222226, 29.882499999999993, 29.17194444444444, 29.641944444444448, 30.16333333333333, 29.46888888888889, 29.95611111111112, 31.23694444444445, 32.89777777777778, 33.05444444444444, 30.687777777777782, 30.929722222222225, 31.223611111111115, 31.27194444444445, 32.10333333333333, 31.161944444444448, 31.7963888888889, 30.123333333333342, 29.358333333333324, 29.151944444444446, 29.23555555555555, 29.726388888888884, 29.380555555555546, 29.27333333333333, 29.495833333333337, 29.36611111111112, 28.353611111111107, 28.564166666666665, 29.645, 30.243611111111104, 30.197222222222234, 30.969722222222217, 31.502500000000005, 33.12805555555556, 32.84583333333333, 32.5611111111111, 31.053055555555552, 31.160277777777782, 30.18722222222222, 29.123611111111114, 28.445000000000007, 29.205833333333334, 29.323055555555552, 29.907222222222224, 28.426666666666662, 28.22861111111111, 28.55277777777778, 29.55861111111111, 30.310000000000002, 31.119166666666672, 31.62527777777778, 31.535555555555568, 31.361944444444436, 30.595833333333335, 29.18527777777778, 28.582499999999996, 29.378611111111113, 29.034999999999993, 29.64194444444444, 29.150833333333335, 31.572500000000005, 31.244166666666665, 31.230833333333326, 29.432777777777783, 28.847500000000007, 29.984722222222224]}