{"ID": 240, "Surgery": 0, "Body_Temp": 35.3, "Cancer": 1, "Left_Temps": [30.503611111111113, 29.80972222222222, 29.731111111111108, 29.689166666666658, 30.089166666666674, 30.376666666666672, 30.281666666666663, 30.923888888888882, 31.231111111111108, 31.04388888888888, 30.83583333333333, 30.97472222222222, 31.336111111111116, 33.86805555555554, 33.38916666666667, 33.05111111111111, 32.674166666666665, 31.046944444444446, 30.154722222222226, 29.68361111111112, 29.498055555555553, 29.411388888888887, 29.2661111111111, 29.357222222222212, 29.713333333333328, 30.414722222222224, 33.333888888888886, 33.202777777777776, 30.14444444444444, 30.426388888888894, 30.476388888888877, 29.414722222222224, 29.324444444444445, 29.356388888888894, 29.57638888888889, 29.974166666666665, 30.02638888888889, 30.411944444444444, 30.482777777777773, 30.84444444444445, 30.74777777777778, 30.7925, 32.01555555555555, 32.44888888888889, 30.928333333333335, 30.099166666666665, 29.81222222222222, 29.54388888888888, 29.519166666666667, 29.523055555555548, 29.629722222222213, 29.293611111111108, 29.758611111111104, 29.49944444444445, 29.19083333333333, 29.224444444444455, 28.963611111111106, 29.12527777777778, 29.33361111111111, 29.690000000000012, 30.19555555555556, 30.051944444444455, 30.183888888888898, 30.46361111111112, 30.386111111111113, 30.71916666666667, 30.162777777777794, 29.887777777777778, 29.600000000000005, 29.57666666666667, 29.151111111111113, 29.436666666666667, 29.260277777777773, 29.096388888888896, 28.986666666666665, 28.98166666666667, 29.18666666666666, 29.6211111111111, 29.838611111111113, 29.86694444444444, 30.136944444444445, 30.26277777777777, 30.1363888888889, 29.699722222222224, 29.159444444444457, 27.724444444444444, 29.319444444444443, 29.181666666666672, 29.326666666666668, 29.754722222222217, 29.685555555555563, 29.894444444444446, 29.64555555555556, 28.733611111111106, 29.341666666666665, 29.583888888888882], "Right_Temps": [31.79583333333333, 31.806388888888875, 32.06944444444444, 32.43805555555556, 33.127222222222215, 33.33222222222222, 32.72694444444445, 33.15416666666667, 32.61638888888889, 33.0186111111111, 32.83083333333334, 31.668888888888887, 32.041666666666664, 31.674722222222208, 33.33166666666666, 33.791111111111114, 34.032222222222224, 32.86472222222222, 32.98805555555557, 32.88388888888888, 32.98305555555556, 33.24472222222222, 32.786944444444444, 33.75694444444444, 32.915277777777774, 32.935277777777785, 33.507777777777775, 33.87611111111112, 33.99944444444445, 33.044444444444444, 32.396666666666675, 31.918333333333333, 32.024444444444455, 32.37638888888889, 33.09694444444445, 33.73388888888889, 33.333333333333336, 33.21638888888887, 32.57944444444444, 32.98916666666666, 33.26027777777779, 32.98166666666666, 32.41111111111112, 33.04055555555556, 33.18194444444445, 33.55722222222222, 33.8275, 33.549722222222215, 33.73111111111112, 32.87055555555556, 32.620555555555555, 32.81861111111111, 33.1311111111111, 33.59833333333333, 33.31111111111111, 32.55333333333334, 32.455555555555556, 32.79555555555555, 33.34527777777778, 33.499999999999986, 33.750833333333325, 33.19888888888889, 33.16888888888889, 33.728611111111114, 33.03138888888889, 33.40972222222223, 34.3138888888889, 33.89611111111112, 34.34777777777778, 33.1275, 33.39138888888888, 33.211388888888884, 33.17305555555554, 33.240833333333335, 32.81444444444444, 33.03583333333333, 33.54944444444445, 33.26611111111112, 32.79888888888889, 32.914722222222224, 33.54055555555556, 33.33166666666667, 32.79916666666666, 32.20416666666667, 34.04, 33.628888888888895, 33.21583333333334, 32.87027777777778, 33.180000000000014, 33.32916666666666, 33.27222222222222, 33.65527777777777, 33.48805555555555, 33.784444444444446, 33.236666666666665, 33.62777777777778]}