{"ID": 241, "Surgery": 0, "Body_Temp": 36.2, "Cancer": 1, "Left_Temps": [33.2425, 31.678333333333327, 31.998055555555556, 32.70000000000001, 33.111111111111114, 33.392222222222216, 32.85222222222222, 33.555, 32.67805555555555, 32.02166666666667, 31.82916666666667, 32.286111111111104, 32.239444444444445, 32.69361111111111, 32.81583333333333, 33.06888888888889, 32.26083333333333, 32.91694444444445, 32.733055555555566, 31.442222222222224, 31.238055555555572, 31.145833333333332, 30.77972222222222, 30.68666666666666, 30.349999999999998, 30.766666666666676, 33.775, 33.04222222222223, 32.68388888888889, 33.83444444444445, 33.73722222222222, 31.350277777777777, 31.552777777777788, 32.7075, 32.767500000000005, 33.61500000000001, 32.45750000000001, 32.712222222222216, 32.08277777777778, 32.43305555555557, 32.22472222222223, 32.71388888888888, 32.545277777777784, 32.72750000000001, 32.80416666666667, 33.23250000000001, 32.57527777777778, 31.28972222222221, 31.058333333333323, 30.655277777777776, 30.473611111111104, 30.57416666666667, 31.63555555555556, 31.65222222222222, 31.721944444444446, 31.694166666666668, 30.848055555555547, 32.54222222222223, 33.371944444444445, 32.91749999999999, 32.399722222222216, 32.986944444444454, 32.28111111111111, 32.24833333333334, 32.05416666666667, 32.84916666666666, 32.14666666666667, 32.05027777777779, 31.522222222222226, 31.21388888888889, 31.324444444444445, 31.640555555555554, 32.13416666666666, 31.394166666666667, 31.060555555555553, 31.663055555555545, 32.90416666666667, 32.55666666666666, 33.60444444444443, 32.85, 32.28583333333333, 32.139444444444436, 31.919444444444448, 32.17388888888889, 31.68027777777778, 32.18555555555556, 32.75, 31.636666666666663, 32.11166666666667, 33.59444444444444, 33.92138888888888, 33.385, 33.232777777777784, 32.66083333333333, 32.8, 33.392777777777766], "Right_Temps": [31.876111111111115, 32.02472222222224, 31.43055555555556, 31.90972222222223, 32.261111111111106, 32.760555555555555, 31.78583333333332, 33.07444444444444, 32.54694444444445, 32.75194444444444, 31.2425, 31.376388888888883, 31.75638888888889, 32.78333333333333, 33.12749999999999, 32.43944444444444, 32.83805555555557, 33.012499999999996, 33.896388888888886, 34.34527777777779, 32.987500000000004, 32.124166666666675, 30.693888888888882, 30.702777777777776, 30.639444444444436, 30.49249999999999, 31.067499999999995, 31.738333333333344, 31.411111111111115, 31.569999999999993, 31.697777777777787, 31.760555555555552, 31.877222222222215, 32.17305555555556, 32.74777777777778, 32.63666666666666, 31.76333333333333, 33.3975, 32.94444444444444, 32.03972222222224, 31.84416666666667, 32.933888888888895, 33.13027777777778, 32.60444444444444, 33.635277777777766, 34.507777777777775, 34.461111111111116, 32.95305555555555, 31.107777777777788, 30.538333333333338, 30.734722222222217, 31.73916666666666, 31.504999999999995, 32.13166666666667, 31.496388888888887, 31.28722222222222, 31.316388888888884, 32.11555555555557, 32.900833333333324, 32.52166666666667, 32.01166666666666, 32.51500000000001, 32.66, 32.77277777777778, 33.62833333333334, 33.919166666666676, 34.577777777777776, 34.355555555555576, 33.00944444444444, 31.09527777777778, 30.933611111111116, 31.924999999999994, 31.548333333333332, 32.214999999999996, 31.31527777777778, 32.646111111111104, 34.07499999999999, 32.33555555555555, 31.810000000000002, 32.8936111111111, 33.94611111111111, 34.07111111111111, 33.894999999999996, 33.76666666666668, 31.10666666666667, 31.381944444444443, 31.925000000000004, 32.59583333333333, 32.455, 33.43861111111111, 33.25277777777778, 33.68222222222222, 33.94916666666668, 31.761111111111113, 32.25555555555556, 32.75805555555555]}