{"ID": 243, "Surgery": 0, "Body_Temp": 36.3, "Cancer": 0, "Left_Temps": [34.67055555555555, 34.483055555555545, 34.11194444444445, 34.04055555555555, 34.02333333333333, 33.92916666666667, 33.60611111111111, 33.5275, 34.06194444444445, 33.73861111111111, 33.30333333333333, 33.49333333333334, 33.303611111111096, 33.51694444444443, 33.56722222222222, 33.63277777777777, 33.75805555555556, 33.420555555555566, 33.51944444444444, 33.37055555555556, 32.981388888888894, 32.87166666666666, 33.49027777777778, 33.95805555555556, 33.89972222222222, 33.78611111111111, 33.762777777777785, 33.653888888888886, 33.66388888888887, 33.93305555555557, 34.096111111111114, 33.75083333333333, 33.658055555555556, 33.68194444444444, 33.96055555555556, 33.6336111111111, 33.55694444444443, 33.37888888888888, 33.42194444444445, 33.45250000000001, 33.55805555555555, 33.345277777777774, 33.549166666666665, 33.56916666666666, 33.602222222222224, 33.19777777777778, 33.334722222222226, 33.415277777777774, 33.2913888888889, 33.05666666666664, 32.93777777777778, 33.243611111111115, 33.58472222222224, 34.00805555555556, 33.25138888888888, 33.672499999999985, 33.41333333333332, 33.86305555555556, 34.018055555555556, 33.54277777777778, 33.22805555555556, 33.03972222222222, 33.404722222222205, 33.126666666666665, 33.03666666666666, 33.44972222222222, 33.4827777777778, 33.4147222222222, 33.892222222222216, 33.15027777777778, 33.65138888888888, 33.335, 33.85055555555556, 33.69, 32.99888888888889, 33.61944444444444, 34.240555555555545, 33.68527777777776, 33.194722222222225, 32.775833333333324, 33.323055555555555, 33.57972222222222, 33.819999999999986, 34.27416666666667, 33.82249999999999, 34.121666666666655, 33.93444444444444, 33.8913888888889, 34.44583333333335, 33.93444444444444, 33.398055555555544, 33.145833333333336, 34.04333333333334, 33.94444444444445, 34.23916666666667, 34.01583333333334], "Right_Temps": [33.52027777777777, 32.55583333333333, 33.0386111111111, 33.18861111111112, 33.29277777777777, 33.092222222222226, 33.24444444444444, 33.86027777777778, 32.867777777777775, 33.079166666666666, 33.08500000000001, 33.15944444444445, 33.626388888888876, 33.57166666666665, 33.4275, 33.70111111111112, 33.782222222222224, 33.67000000000001, 33.22444444444443, 33.053888888888906, 32.881111111111096, 32.59944444444445, 32.94277777777778, 33.029999999999994, 33.01861111111111, 33.85805555555555, 34.329166666666666, 33.180833333333325, 32.844166666666666, 32.78055555555554, 32.60833333333332, 32.18833333333333, 32.96055555555556, 32.940000000000005, 32.63833333333333, 33.135, 33.69250000000001, 33.802222222222234, 32.83777777777777, 32.873333333333335, 32.86916666666667, 33.210833333333326, 33.35999999999999, 33.45638888888888, 33.25583333333333, 33.07138888888889, 33.02361111111111, 32.67444444444444, 32.754999999999995, 33.34833333333333, 32.93388888888888, 32.73916666666666, 33.08166666666665, 33.143611111111106, 33.10361111111112, 32.66749999999999, 32.96055555555555, 32.808055555555555, 32.593333333333334, 32.56722222222223, 33.49027777777777, 33.537222222222226, 33.77638888888889, 33.44833333333334, 33.214999999999996, 33.11999999999999, 33.12194444444444, 33.221111111111114, 33.31361111111111, 33.12222222222222, 33.22166666666668, 33.08, 32.98361111111111, 32.81222222222223, 33.196388888888904, 33.98222222222222, 33.8325, 33.56027777777776, 32.87055555555557, 33.916388888888875, 33.084722222222226, 33.07888888888888, 33.715833333333336, 33.79305555555555, 33.66666666666666, 33.076388888888886, 32.75611111111112, 32.740277777777784, 33.191111111111105, 33.07055555555555, 33.58833333333334, 34.27027777777778, 33.21416666666667, 32.89055555555555, 32.722500000000004, 33.062222222222225]}