{"ID": 244, "Surgery": 1, "Body_Temp": 34.1, "Cancer": 0, "Left_Temps": [34.54833333333333, 34.09972222222224, 33.79500000000001, 33.6788888888889, 33.66444444444444, 33.31833333333334, 33.01277777777778, 33.23, 32.73111111111112, 33.26916666666667, 33.93611111111111, 33.704722222222216, 33.81444444444445, 33.21694444444446, 33.104444444444454, 33.13027777777778, 33.01749999999999, 32.86055555555557, 32.692499999999995, 32.445555555555565, 32.36055555555555, 32.2511111111111, 32.195, 32.34166666666667, 33.5261111111111, 33.808611111111105, 33.83888888888889, 34.0636111111111, 33.63333333333335, 33.473333333333336, 33.816944444444445, 33.77277777777778, 32.94111111111112, 33.00777777777776, 33.78416666666666, 32.71472222222222, 32.746111111111105, 32.909166666666664, 32.86055555555554, 33.75805555555555, 34.06805555555556, 33.36416666666666, 33.49944444444444, 33.370555555555555, 33.2736111111111, 32.76555555555555, 32.5861111111111, 32.375277777777775, 32.21638888888889, 32.12222222222222, 33.36416666666666, 32.49944444444446, 34.20888888888891, 33.80694444444445, 33.374166666666675, 33.261944444444445, 32.80833333333333, 32.485555555555564, 32.62694444444444, 32.67722222222222, 32.07055555555555, 33.30500000000001, 33.07694444444444, 33.449444444444445, 33.24027777777778, 33.71916666666668, 33.50638888888889, 32.74333333333333, 32.191388888888895, 31.90694444444444, 32.45861111111111, 33.44611111111111, 34.10305555555556, 33.211111111111116, 33.062777777777775, 32.35944444444445, 32.029444444444444, 32.36138888888888, 32.233333333333334, 33.43694444444445, 33.601111111111116, 34.02611111111112, 32.784444444444446, 32.45888888888889, 32.22, 33.31527777777777, 33.66611111111112, 32.720277777777774, 32.327222222222225, 32.28555555555555, 33.143611111111106, 33.49472222222224, 33.320277777777775, 33.29611111111112, 33.041944444444454, 32.64805555555556], "Right_Temps": [34.85, 33.881944444444436, 33.787500000000016, 34.04472222222223, 33.90555555555556, 33.4025, 33.17138888888889, 33.249999999999986, 32.266666666666666, 32.97, 32.81805555555554, 32.386944444444445, 32.44416666666667, 32.19666666666667, 32.446388888888876, 32.38888888888889, 31.91694444444445, 32.00666666666666, 32.23027777777777, 32.346388888888896, 32.355555555555554, 33.17, 31.894722222222228, 32.23249999999999, 33.02111111111111, 33.320000000000014, 33.91138888888889, 33.805833333333325, 34.079444444444455, 33.79361111111112, 34.11861111111111, 33.29611111111112, 33.20333333333333, 33.02416666666667, 33.183888888888895, 33.50527777777776, 32.17527777777778, 32.90666666666667, 32.57055555555556, 32.46972222222222, 32.224444444444444, 32.541111111111114, 32.80305555555556, 32.70388888888888, 31.956944444444453, 31.84999999999999, 31.693333333333342, 31.601944444444445, 31.348611111111104, 31.70138888888889, 32.74750000000001, 30.81333333333332, 33.73833333333333, 33.452222222222225, 32.99055555555555, 32.95499999999999, 33.23416666666666, 32.07333333333334, 31.779166666666665, 32.49250000000001, 31.82055555555556, 32.534166666666664, 32.15611111111111, 32.3475, 32.180277777777775, 31.935833333333342, 31.704166666666676, 31.565000000000005, 31.62111111111111, 31.294999999999998, 32.09000000000002, 32.64555555555555, 33.482499999999995, 32.59916666666667, 32.23666666666666, 31.75388888888889, 31.311666666666653, 31.28055555555556, 31.668888888888887, 33.07194444444444, 32.30777777777777, 31.928888888888896, 32.097500000000004, 32.038333333333334, 31.86222222222223, 32.15361111111112, 33.123888888888885, 31.838333333333342, 31.302222222222227, 31.182499999999997, 31.883888888888894, 32.47222222222222, 32.56305555555556, 31.82972222222222, 31.8475, 31.194444444444443]}