{"ID": 245, "Surgery": 0, "Body_Temp": 34.6, "Cancer": 1, "Left_Temps": [33.42055555555556, 31.415555555555564, 31.149722222222213, 30.914722222222224, 30.844999999999995, 30.98666666666668, 30.908055555555563, 32.16805555555556, 31.773333333333337, 31.52444444444445, 30.370833333333337, 30.064166666666658, 30.071666666666665, 30.28527777777778, 30.81666666666667, 31.407777777777767, 31.2736111111111, 31.72972222222222, 31.707222222222217, 30.70222222222223, 30.36666666666666, 29.874444444444446, 29.50388888888889, 29.081666666666663, 29.021111111111118, 29.485555555555564, 33.708333333333336, 31.544444444444448, 31.915555555555557, 32.15027777777777, 32.98472222222222, 30.94111111111111, 30.687222222222236, 31.613888888888887, 31.01166666666667, 32.10194444444444, 31.52416666666667, 31.626388888888886, 31.3736111111111, 30.492777777777786, 30.174999999999997, 30.24444444444443, 30.575000000000003, 30.900555555555563, 31.36222222222223, 31.13416666666666, 30.811388888888885, 31.421666666666667, 30.153333333333325, 30.1188888888889, 29.526944444444446, 28.868055555555557, 29.33972222222222, 29.843888888888884, 30.55694444444445, 30.68666666666666, 31.073888888888884, 31.27333333333333, 30.820555555555554, 31.750833333333333, 31.511666666666663, 31.93138888888889, 30.94083333333333, 30.55888888888888, 30.732777777777773, 31.076111111111118, 30.810833333333328, 31.087500000000002, 30.83388888888889, 30.622500000000002, 30.605833333333337, 30.40666666666667, 29.045277777777773, 29.735000000000007, 30.87916666666667, 30.705833333333334, 30.387777777777778, 30.853333333333335, 32.689166666666665, 31.36277777777777, 31.050833333333326, 30.703611111111123, 30.697499999999998, 31.001388888888886, 30.814999999999998, 30.598888888888894, 30.35444444444444, 30.615555555555552, 30.771388888888893, 30.86611111111112, 31.341388888888886, 31.394166666666667, 30.946944444444455, 31.15333333333334, 31.12527777777778, 30.96388888888889], "Right_Temps": [32.19972222222222, 30.765833333333337, 30.811666666666667, 30.501388888888894, 30.196666666666665, 30.947222222222226, 31.365277777777774, 31.346388888888896, 31.110555555555564, 30.90916666666666, 30.883888888888887, 31.051388888888887, 31.86777777777777, 32.41166666666666, 32.562777777777775, 32.55666666666666, 32.970555555555556, 32.29, 31.762222222222224, 31.293611111111108, 31.164999999999996, 30.551388888888887, 30.12722222222222, 29.58277777777778, 29.329444444444448, 32.333333333333336, 32.62277777777777, 31.603333333333328, 31.839444444444446, 31.71111111111111, 31.857777777777773, 30.688888888888886, 30.58, 30.265277777777783, 30.453611111111115, 31.0175, 31.237777777777783, 31.559999999999988, 31.49777777777778, 31.12916666666667, 31.365277777777774, 31.927222222222227, 32.351944444444456, 32.56888888888889, 32.42111111111112, 31.918888888888894, 31.299444444444436, 31.296388888888885, 30.516388888888894, 30.014444444444436, 29.446388888888894, 29.199444444444453, 30.390555555555565, 30.108611111111102, 30.331111111111106, 30.290833333333335, 29.859722222222224, 30.21194444444445, 30.3925, 31.214444444444453, 31.049444444444436, 31.553333333333335, 31.887499999999996, 31.436388888888903, 31.85749999999999, 31.956111111111113, 31.98166666666667, 31.495833333333337, 30.984444444444453, 30.958333333333332, 31.47166666666666, 30.61361111111111, 29.971388888888896, 29.553888888888885, 29.805555555555557, 30.12611111111111, 30.389166666666668, 30.887222222222217, 31.171944444444435, 31.743888888888893, 31.776666666666667, 32.02000000000001, 32.007499999999986, 31.100277777777777, 31.4388888888889, 33.22611111111111, 30.823611111111113, 30.440833333333337, 30.78805555555555, 30.91277777777778, 31.57972222222222, 31.874166666666667, 31.28388888888888, 31.846111111111117, 32.493055555555564, 31.32194444444444]}