{"ID": 255, "Surgery": 0, "Body_Temp": 35.2, "Cancer": 1, "Left_Temps": [33.85027777777778, 31.068611111111107, 30.468055555555566, 30.893611111111113, 30.35833333333333, 29.989444444444448, 30.087222222222223, 30.68472222222222, 30.47027777777778, 30.255833333333342, 30.62805555555555, 28.99361111111111, 31.525277777777767, 32.114166666666684, 31.10083333333333, 30.320277777777783, 30.776666666666667, 30.432222222222222, 30.854166666666668, 30.011111111111113, 28.66638888888889, 28.931666666666672, 28.87916666666667, 29.305833333333332, 30.23916666666667, 30.462500000000002, 31.561111111111114, 30.992222222222225, 32.3038888888889, 32.945277777777775, 32.465, 31.69361111111111, 31.94833333333334, 30.90666666666667, 29.730555555555554, 29.64555555555555, 29.84305555555555, 30.196111111111108, 29.828888888888894, 31.13083333333332, 30.500555555555554, 30.869722222222215, 30.63555555555556, 30.692222222222217, 31.306944444444444, 30.964444444444446, 29.601111111111113, 28.723888888888887, 28.939722222222233, 28.88861111111111, 30.554722222222225, 29.471111111111114, 31.231111111111115, 30.13111111111111, 30.82194444444444, 31.869444444444444, 31.546666666666667, 30.838611111111106, 29.742222222222217, 29.474444444444448, 30.20388888888888, 29.79833333333334, 29.565833333333345, 30.824722222222224, 30.505000000000003, 31.050555555555555, 30.915555555555564, 29.73916666666667, 29.374722222222218, 28.98, 29.069722222222214, 29.081666666666663, 29.960277777777776, 29.632500000000007, 30.348333333333333, 30.592499999999998, 31.076666666666668, 30.023888888888887, 30.451944444444443, 29.666944444444443, 31.373888888888885, 31.314444444444444, 30.07527777777777, 29.86527777777778, 29.250833333333333, 28.494444444444436, 29.265833333333333, 29.631944444444443, 29.573055555555552, 30.630555555555564, 29.43999999999999, 30.471111111111114, 30.050833333333337, 29.561666666666667, 28.922222222222224, 29.48444444444444], "Right_Temps": [31.160833333333326, 29.603055555555557, 29.54611111111112, 29.822222222222226, 30.376944444444437, 31.386944444444435, 31.02944444444445, 30.425277777777776, 30.183333333333344, 30.293611111111115, 30.92361111111111, 30.217222222222226, 32.2175, 32.717777777777776, 32.95111111111111, 31.966666666666672, 32.4075, 32.84861111111111, 32.38805555555556, 32.075277777777785, 31.83750000000001, 31.241666666666667, 31.912222222222212, 32.46611111111112, 32.43194444444445, 32.74805555555556, 32.52638888888888, 31.94833333333333, 30.816666666666663, 30.697222222222226, 30.80583333333334, 29.169722222222227, 29.017777777777773, 29.702222222222222, 30.358333333333334, 31.235833333333332, 30.818611111111107, 30.416388888888882, 30.113055555555547, 30.814444444444455, 30.78805555555555, 33.56111111111112, 33.4575, 33.27555555555556, 33.48055555555555, 33.28194444444446, 32.95194444444445, 32.80722222222222, 32.52722222222222, 32.48333333333334, 32.871111111111105, 33.013333333333335, 32.67583333333334, 32.13194444444443, 30.924722222222215, 30.154722222222226, 30.452222222222222, 29.9611111111111, 30.448055555555566, 31.073055555555552, 31.30833333333333, 30.335000000000004, 30.328055555555554, 31.787499999999998, 33.67583333333334, 33.535, 33.535, 32.898611111111094, 32.830833333333345, 32.85611111111112, 33.23777777777779, 33.32833333333333, 32.98138888888888, 31.80944444444445, 30.66972222222222, 30.784444444444432, 30.173611111111118, 30.606111111111108, 30.954166666666666, 31.441944444444445, 30.789444444444445, 33.84472222222221, 32.963888888888896, 32.20277777777778, 33.61888888888888, 31.74777777777778, 30.974166666666665, 31.109999999999996, 30.092777777777783, 30.242222222222217, 30.306666666666658, 31.120277777777783, 30.012499999999996, 31.116666666666674, 31.303611111111106, 30.328333333333337]}