{"ID": 257, "Surgery": 0, "Body_Temp": 35.5, "Cancer": 1, "Left_Temps": [32.62861111111111, 31.462777777777774, 30.75805555555556, 30.696111111111108, 30.76944444444444, 31.271111111111118, 31.60694444444444, 31.915277777777774, 31.071666666666673, 30.85361111111111, 30.60833333333333, 31.009722222222226, 31.03527777777778, 30.50555555555555, 30.616388888888892, 31.767500000000002, 31.4825, 30.836388888888887, 31.331111111111106, 30.839166666666667, 30.284722222222214, 31.420555555555552, 31.210833333333337, 31.17500000000001, 31.205833333333334, 30.941944444444445, 30.74055555555557, 30.43416666666667, 30.747222222222238, 32.18888888888889, 32.315000000000005, 31.146111111111118, 30.170555555555552, 29.803888888888878, 29.95527777777778, 30.390000000000004, 31.511666666666663, 31.25722222222223, 30.763055555555567, 30.823888888888884, 30.61722222222221, 30.569166666666675, 30.675555555555565, 30.71694444444446, 30.54388888888888, 30.282777777777785, 29.94777777777778, 29.895555555555568, 30.081666666666656, 29.974166666666672, 30.108611111111113, 30.066388888888884, 30.20083333333334, 31.00083333333334, 30.51027777777778, 30.780833333333344, 30.42416666666668, 29.95888888888889, 29.77416666666667, 30.942777777777774, 32.13444444444445, 31.624444444444446, 31.456944444444446, 30.829166666666666, 30.965555555555554, 30.684444444444434, 30.56194444444444, 30.30972222222222, 30.17361111111111, 30.64277777777778, 30.11, 29.888888888888882, 30.39027777777777, 30.73638888888889, 30.110277777777778, 30.20472222222222, 30.273888888888887, 30.817222222222224, 31.794444444444448, 31.394166666666674, 31.40694444444444, 30.78805555555555, 30.682777777777776, 31.66083333333334, 31.026944444444453, 31.173055555555557, 30.69916666666667, 30.802777777777766, 31.342777777777787, 31.179722222222225, 31.201666666666668, 30.741111111111113, 31.688333333333325, 31.477777777777774, 31.303888888888892, 32.212777777777774], "Right_Temps": [31.870833333333344, 30.682222222222208, 30.526666666666667, 30.926388888888887, 30.95027777777777, 31.110000000000007, 31.151111111111106, 30.95500000000001, 31.501944444444447, 31.238888888888894, 31.33694444444444, 30.5936111111111, 30.669166666666666, 31.113333333333326, 31.946666666666673, 32.075, 31.83555555555556, 30.64111111111111, 29.85055555555556, 29.55222222222222, 29.553055555555545, 29.880555555555556, 30.29055555555555, 30.12166666666667, 30.034444444444446, 30.71805555555556, 31.283333333333342, 32.29611111111112, 32.84472222222223, 31.741388888888892, 31.80194444444444, 30.674999999999997, 30.466666666666672, 31.955277777777766, 30.503611111111113, 30.463055555555556, 31.093611111111116, 31.538333333333338, 30.777777777777786, 31.68777777777778, 31.150277777777767, 30.78805555555556, 30.901944444444446, 31.748611111111114, 30.334166666666665, 29.93138888888889, 29.79166666666667, 30.551666666666662, 30.07194444444444, 31.352777777777778, 31.813611111111104, 31.57361111111112, 30.73638888888889, 31.237777777777783, 32.30083333333332, 31.024999999999995, 31.064722222222215, 31.89, 30.572777777777787, 30.231666666666676, 31.535000000000007, 30.471111111111114, 30.369166666666665, 31.11250000000001, 30.59444444444445, 30.427777777777788, 30.589999999999993, 30.45888888888889, 30.307222222222226, 30.04888888888889, 30.067500000000003, 30.826944444444443, 31.879722222222224, 31.320277777777775, 32.493611111111115, 31.86055555555555, 31.092222222222215, 30.61861111111111, 30.61416666666667, 30.730833333333337, 31.30555555555555, 30.814999999999998, 31.437500000000014, 30.147777777777783, 30.654999999999998, 30.785833333333333, 31.441944444444452, 32.178333333333335, 31.226666666666656, 30.50249999999999, 30.267500000000002, 30.84694444444445, 29.97222222222223, 30.733611111111113, 31.062499999999993, 30.64611111111111]}