{"ID": 259, "Surgery": 1, "Body_Temp": 36.7, "Cancer": 1, "Left_Temps": [35.740277777777784, 34.08555555555555, 32.83166666666666, 32.05694444444444, 32.468611111111116, 34.30305555555556, 35.10722222222222, 34.980555555555554, 34.77388888888889, 34.79027777777777, 34.231388888888894, 34.201388888888886, 34.53, 34.50555555555555, 34.895277777777785, 35.49333333333333, 34.89944444444446, 34.32805555555555, 33.3025, 33.23500000000001, 33.04999999999998, 33.55333333333334, 33.65361111111111, 34.35694444444445, 34.24777777777778, 34.22861111111112, 34.81666666666667, 34.798333333333346, 36.54555555555555, 36.35722222222223, 36.19583333333333, 34.70083333333333, 33.62555555555556, 32.813611111111115, 32.04750000000001, 33.14472222222223, 33.53888888888888, 35.24833333333333, 34.72444444444445, 34.2975, 34.14555555555555, 34.57249999999999, 34.909444444444446, 35.06000000000001, 34.40888888888888, 33.35722222222222, 34.25, 34.32861111111111, 33.988888888888894, 33.9775, 33.92, 33.835555555555544, 34.386111111111106, 34.308055555555555, 35.52805555555555, 35.36833333333334, 34.445277777777775, 33.626666666666665, 32.68583333333333, 32.43166666666666, 33.871388888888895, 34.721111111111114, 34.529722222222205, 34.41361111111111, 34.56138888888889, 35.153333333333336, 33.84499999999999, 34.66944444444445, 33.888333333333335, 33.913888888888884, 33.84527777777779, 33.344722222222245, 33.88861111111112, 35.10166666666667, 34.706111111111106, 34.17416666666667, 33.50749999999999, 33.46583333333334, 33.732499999999995, 34.12805555555554, 34.64111111111111, 34.3425, 34.56611111111111, 33.76444444444444, 33.56055555555557, 33.17055555555555, 34.35222222222222, 34.63305555555556, 33.93722222222223, 33.05805555555555, 33.02388888888889, 33.69777777777778, 32.836388888888884, 33.107777777777784, 34.112222222222215, 33.50972222222222], "Right_Temps": [36.02527777777778, 35.1236111111111, 34.50666666666666, 34.01555555555555, 33.86305555555556, 33.88972222222221, 33.3325, 33.368611111111115, 33.37638888888889, 33.57527777777778, 33.39583333333334, 33.832499999999996, 34.281111111111095, 34.24472222222222, 33.3663888888889, 33.66916666666666, 33.65638888888889, 34.62388888888888, 33.83694444444444, 33.90444444444445, 33.97166666666667, 33.69416666666666, 34.72222222222222, 33.1911111111111, 33.29249999999999, 33.9, 34.49805555555556, 35.08833333333333, 35.40833333333333, 35.70944444444444, 35.871944444444445, 34.71083333333334, 33.70638888888889, 33.694722222222225, 33.8936111111111, 33.73444444444445, 34.016944444444455, 33.40166666666667, 33.2363888888889, 33.42666666666666, 33.49055555555556, 34.08888888888889, 34.47666666666666, 34.045833333333334, 34.26111111111113, 33.661666666666655, 33.320833333333326, 33.45722222222222, 33.91388888888889, 32.97805555555557, 33.43333333333332, 33.667500000000004, 34.19083333333333, 34.08888888888889, 34.911388888888894, 34.540277777777774, 33.65694444444445, 32.45249999999999, 32.93222222222222, 33.19861111111111, 33.50916666666667, 33.79277777777778, 34.38666666666666, 33.10916666666669, 33.971666666666664, 34.61166666666665, 33.39027777777778, 33.79888888888889, 33.31722222222223, 32.89833333333333, 32.75027777777777, 33.435277777777785, 33.51777777777777, 33.79555555555556, 34.2175, 32.42333333333334, 31.514166666666654, 31.89583333333334, 31.78138888888889, 33.76472222222223, 33.24694444444443, 33.71388888888888, 33.406666666666666, 33.748611111111124, 33.36527777777778, 33.74777777777777, 32.825277777777764, 33.29, 31.663333333333338, 31.009166666666665, 31.335000000000004, 33.49250000000001, 31.85472222222222, 31.84861111111111, 33.021666666666675, 31.561666666666675]}