{"ID": 26, "Surgery": 0, "Body_Temp": 35.6, "Cancer": 0, "Left_Temps": [32.7875, 31.049722222222222, 30.023888888888887, 29.470833333333335, 29.654166666666665, 29.89638888888889, 30.108333333333334, 30.571111111111108, 30.445277777777775, 30.38916666666666, 30.600833333333338, 30.562777777777764, 30.769722222222224, 31.344166666666677, 32.486666666666665, 32.25194444444445, 31.310555555555556, 30.74361111111111, 30.05555555555556, 29.457500000000007, 29.33694444444444, 29.021944444444443, 29.296666666666663, 29.04833333333333, 29.13888888888889, 29.186111111111106, 28.812499999999993, 29.77944444444445, 31.791666666666654, 31.778611111111104, 32.24, 30.48194444444444, 29.546111111111113, 29.145000000000007, 29.328055555555554, 29.708055555555557, 30.10638888888888, 30.09861111111111, 30.263055555555557, 30.415000000000003, 30.55777777777777, 30.457777777777785, 31.237222222222215, 31.131111111111107, 30.89444444444444, 30.75333333333333, 29.581944444444453, 29.277499999999993, 29.331388888888892, 29.244166666666665, 29.348055555555554, 29.256666666666675, 29.09722222222222, 31.173055555555557, 30.75611111111111, 30.432499999999997, 29.519166666666663, 29.346666666666668, 29.651388888888885, 30.00083333333334, 29.853333333333335, 29.815555555555548, 30.248055555555556, 30.39972222222222, 30.3825, 30.73555555555555, 30.192777777777778, 29.60472222222222, 29.703333333333333, 29.89333333333333, 29.908888888888896, 29.419444444444448, 29.61, 30.29111111111111, 29.929444444444446, 29.77277777777779, 30.07861111111111, 29.96861111111111, 29.661111111111104, 29.758333333333326, 30.15555555555555, 29.87888888888889, 29.682499999999997, 29.98916666666666, 28.181944444444447, 29.730833333333333, 29.20833333333333, 29.69055555555555, 29.88916666666667, 29.662222222222226, 29.60111111111111, 29.724444444444455, 29.893611111111106, 29.737222222222215, 29.39194444444444, 29.51555555555556], "Right_Temps": [30.678333333333335, 29.501388888888894, 29.138611111111118, 29.327500000000004, 29.84777777777779, 30.098055555555568, 29.364722222222227, 29.78722222222222, 30.205555555555552, 29.801388888888894, 31.374166666666667, 31.987222222222222, 32.38972222222222, 32.25777777777778, 31.50444444444444, 30.501944444444447, 31.15416666666668, 30.829722222222227, 30.102777777777785, 29.7425, 29.004722222222224, 28.639166666666668, 28.229722222222218, 28.08749999999999, 28.115833333333327, 28.381388888888885, 29.27361111111111, 28.090277777777768, 29.563611111111115, 29.911388888888887, 30.26472222222223, 28.974166666666672, 28.92944444444444, 29.276388888888885, 29.278611111111104, 29.325833333333335, 28.992222222222217, 29.67583333333333, 29.82861111111111, 30.369722222222222, 31.771944444444443, 31.39194444444444, 31.965833333333332, 31.761666666666674, 30.793611111111115, 30.436111111111114, 29.67722222222222, 29.166944444444443, 28.772222222222222, 28.23388888888889, 27.959444444444443, 27.94194444444445, 27.759722222222212, 27.852222222222224, 28.31, 28.713888888888885, 28.10416666666667, 28.887499999999996, 29.03472222222222, 29.066111111111102, 29.13583333333334, 29.48055555555557, 29.856666666666666, 30.67194444444444, 30.859722222222217, 30.718611111111116, 30.446666666666665, 29.519722222222224, 29.08777777777778, 28.619999999999997, 28.546666666666663, 28.81972222222222, 28.358611111111117, 28.047777777777778, 27.891388888888894, 28.171944444444446, 28.521111111111125, 28.74694444444444, 29.03833333333334, 29.71083333333333, 30.102222222222217, 30.254444444444445, 29.62944444444444, 29.18777777777777, 28.775833333333335, 28.892777777777773, 26.41527777777778, 28.32055555555556, 28.73, 28.833888888888893, 28.932499999999997, 29.74972222222222, 29.278333333333332, 29.10138888888889, 28.883888888888876, 29.166388888888875]}