{"ID": 260, "Surgery": 0, "Body_Temp": 36.1, "Cancer": 1, "Left_Temps": [31.046944444444435, 30.887222222222224, 30.809166666666663, 31.042500000000004, 31.813888888888894, 32.38055555555556, 32.33444444444445, 32.441666666666656, 32.6961111111111, 33.085, 32.2225, 33.45138888888889, 33.354166666666664, 33.23833333333332, 32.63111111111111, 32.19027777777777, 32.28472222222221, 32.95111111111111, 33.07888888888888, 32.62527777777778, 32.28722222222223, 31.936388888888903, 31.79305555555554, 31.67083333333334, 32.01833333333333, 32.086111111111116, 32.461944444444455, 32.26916666666666, 32.26694444444445, 31.211388888888887, 31.17638888888888, 31.366388888888885, 30.88888888888889, 31.14638888888889, 31.800555555555555, 32.4763888888889, 32.41694444444444, 32.391666666666666, 32.985, 32.85305555555555, 32.28833333333333, 32.44972222222223, 32.398611111111116, 32.323333333333345, 32.8425, 33.53944444444445, 32.49277777777777, 32.20277777777778, 31.921111111111113, 31.713055555555563, 31.938888888888894, 32.070277777777775, 32.415000000000006, 31.994722222222222, 31.449722222222206, 31.200555555555557, 31.086388888888887, 31.401666666666674, 31.98055555555556, 32.308055555555555, 32.66972222222223, 32.624166666666675, 32.97888888888888, 32.74500000000002, 32.57722222222222, 32.687222222222225, 33.592222222222226, 32.55027777777777, 32.217777777777776, 31.98777777777779, 31.928888888888892, 32.137499999999996, 31.85361111111111, 31.975555555555566, 31.481944444444437, 31.606111111111108, 31.84972222222222, 32.334444444444436, 32.72416666666666, 32.7786111111111, 32.95750000000001, 33.094166666666666, 32.73361111111111, 32.251388888888876, 32.02555555555555, 32.46361111111112, 32.19305555555556, 31.94166666666667, 31.837222222222213, 31.946111111111122, 32.42527777777778, 33.06444444444445, 32.273055555555544, 31.901388888888896, 32.09861111111111, 31.87111111111111], "Right_Temps": [34.13194444444444, 32.31027777777777, 32.12166666666667, 32.061111111111124, 32.67055555555556, 32.43222222222223, 32.957777777777785, 32.6888888888889, 32.695277777777775, 32.81861111111111, 32.38361111111111, 32.63611111111111, 32.876388888888876, 32.81722222222222, 32.43611111111111, 32.46444444444443, 32.563055555555565, 32.929722222222225, 32.57194444444444, 32.34944444444445, 32.22111111111112, 32.128611111111105, 32.80527777777778, 32.37722222222223, 33.058611111111105, 32.75527777777777, 34.37527777777777, 33.612500000000004, 33.358333333333334, 33.29888888888889, 33.481666666666676, 32.14805555555555, 31.63833333333334, 31.708055555555568, 32.44833333333334, 32.4588888888889, 32.83277777777779, 32.693055555555574, 32.55444444444444, 32.283611111111114, 32.35861111111112, 32.57666666666667, 32.57555555555555, 33.273055555555544, 32.888333333333335, 32.44694444444444, 32.56111111111111, 32.45722222222223, 32.59611111111111, 31.886666666666663, 31.586944444444434, 31.920555555555545, 32.398888888888884, 31.91027777777778, 32.167222222222215, 32.02666666666667, 31.35805555555556, 31.56694444444446, 32.74472222222222, 32.25805555555556, 32.985, 32.044722222222234, 31.945833333333344, 32.268888888888895, 32.88972222222222, 32.718611111111116, 32.631944444444436, 32.405833333333334, 32.286944444444444, 34.057500000000005, 31.857777777777773, 31.085833333333326, 31.194722222222214, 31.071666666666665, 31.73472222222223, 31.77972222222222, 32.539444444444435, 32.08472222222221, 32.70638888888888, 31.829722222222227, 32.22027777777779, 32.639166666666675, 32.37638888888889, 31.495277777777783, 32.57666666666667, 31.828333333333333, 30.851666666666656, 31.162500000000005, 32.719166666666666, 31.93777777777778, 32.51916666666668, 32.149166666666666, 31.853055555555564, 32.28083333333334, 32.287222222222226, 32.159166666666664]}