{"ID": 261, "Surgery": 1, "Body_Temp": 35.9, "Cancer": 1, "Left_Temps": [34.165833333333325, 33.09833333333333, 31.95805555555556, 31.610833333333332, 31.581944444444446, 31.49000000000001, 31.838055555555556, 31.952777777777776, 32.25666666666666, 32.20166666666668, 32.19277777777778, 31.819722222222214, 33.652222222222214, 33.70277777777777, 33.72027777777779, 33.604166666666664, 31.891388888888898, 32.55777777777778, 31.62833333333333, 32.70416666666667, 31.59416666666667, 31.126111111111115, 30.96083333333333, 31.106111111111108, 31.664444444444445, 32.56666666666666, 34.770833333333336, 34.85222222222223, 34.6725, 34.614999999999995, 34.39555555555556, 33.153888888888886, 31.868888888888893, 31.71222222222223, 31.32416666666667, 31.158611111111114, 31.888055555555557, 31.879166666666663, 32.058611111111105, 32.18194444444444, 32.11499999999999, 31.74694444444444, 31.997222222222224, 31.981666666666666, 32.46472222222221, 31.86055555555555, 32.60583333333333, 32.395833333333336, 31.013055555555557, 31.33305555555555, 31.115277777777774, 31.536666666666665, 33.648055555555544, 33.555555555555564, 33.80361111111111, 33.472777777777786, 31.99277777777779, 31.837777777777774, 31.498611111111106, 30.966944444444454, 31.59194444444445, 31.430555555555557, 31.888611111111118, 32.076666666666675, 32.49138888888889, 32.391666666666666, 32.052499999999995, 32.35361111111112, 31.67555555555556, 31.51472222222223, 31.715833333333325, 31.164722222222224, 32.68472222222222, 32.25944444444445, 32.071666666666665, 31.68777777777778, 32.10277777777779, 31.302777777777774, 31.18, 31.247777777777767, 32.35916666666667, 31.857222222222227, 32.29027777777777, 31.697499999999998, 31.622499999999995, 31.576388888888896, 32.57194444444445, 31.438888888888886, 32.218333333333334, 31.338611111111106, 31.31333333333334, 31.780277777777776, 32.378611111111105, 32.10305555555554, 32.05, 31.577777777777776], "Right_Temps": [33.85083333333333, 33.04472222222223, 31.93388888888889, 31.252777777777776, 31.28111111111111, 31.653055555555543, 30.907500000000002, 31.365555555555552, 31.44583333333334, 31.54166666666667, 32.0463888888889, 31.87888888888889, 32.02027777777777, 31.74638888888889, 32.13805555555555, 32.671111111111095, 32.646388888888886, 31.973888888888894, 31.206111111111113, 31.571944444444437, 31.285555555555547, 31.04166666666666, 31.33416666666666, 31.695, 31.029999999999998, 31.760000000000016, 32.86472222222222, 34.28833333333333, 34.152222222222214, 33.637777777777785, 33.66666666666667, 32.702777777777776, 31.381666666666668, 30.757499999999993, 31.078055555555547, 30.84083333333334, 30.919444444444437, 31.525833333333335, 31.519166666666667, 31.545833333333317, 31.79722222222223, 31.59555555555555, 31.56138888888889, 32.47361111111112, 31.955555555555563, 31.52138888888889, 32.569444444444436, 30.67805555555556, 30.75555555555555, 31.358055555555552, 30.707222222222217, 31.104166666666668, 33.26638888888889, 32.998055555555545, 32.92416666666666, 32.50305555555555, 31.515, 31.12833333333333, 30.894166666666656, 31.210277777777783, 31.83388888888889, 31.67472222222223, 31.482777777777788, 31.352222222222217, 31.34833333333334, 31.43694444444444, 31.604444444444443, 32.14222222222222, 30.713333333333342, 30.792499999999986, 31.064166666666658, 30.871388888888898, 32.21055555555556, 31.84111111111112, 31.73972222222223, 31.07138888888888, 31.303055555555552, 31.76333333333333, 32.46805555555555, 31.88222222222222, 31.373333333333328, 31.495555555555555, 31.561111111111106, 30.75972222222222, 30.413611111111102, 30.27472222222222, 31.109999999999996, 31.157777777777774, 31.18777777777778, 31.370277777777776, 32.58083333333333, 31.918888888888887, 31.740000000000002, 30.498333333333342, 30.83361111111111, 31.08638888888888]}