{"ID": 264, "Surgery": 0, "Body_Temp": 35.3, "Cancer": 1, "Left_Temps": [35.31444444444445, 33.776666666666664, 32.798055555555564, 32.37861111111111, 32.45972222222222, 32.408333333333324, 32.09333333333333, 33.07361111111112, 32.80611111111111, 32.94416666666667, 32.97888888888889, 33.1311111111111, 34.922777777777775, 35.595, 34.42555555555557, 34.18611111111112, 34.391111111111115, 33.35666666666667, 33.29305555555555, 33.328055555555544, 33.13861111111111, 32.26472222222222, 32.22611111111112, 31.75166666666665, 32.00083333333334, 32.240277777777784, 33.24861111111111, 33.61611111111111, 36.11722222222223, 35.72361111111111, 35.53833333333333, 33.77444444444444, 32.27861111111112, 32.007777777777775, 31.83611111111111, 31.882499999999993, 32.38305555555555, 33.19583333333333, 33.46638888888888, 33.12305555555555, 33.18305555555556, 33.05861111111111, 33.778888888888886, 34.42027777777778, 33.31944444444444, 33.43500000000001, 33.20666666666667, 32.5186111111111, 31.82972222222222, 31.384444444444448, 31.236111111111118, 31.34888888888888, 32.03305555555556, 34.1575, 34.084166666666675, 34.271944444444436, 32.4525, 31.659444444444446, 31.7675, 31.851944444444445, 32.50916666666667, 33.524444444444434, 33.54388888888889, 33.385555555555555, 32.51138888888889, 32.964444444444446, 33.585277777777776, 33.08694444444443, 32.62833333333333, 31.584722222222215, 31.11166666666667, 31.02805555555556, 31.54083333333334, 32.70277777777778, 32.64777777777778, 32.26611111111111, 32.26083333333333, 32.64583333333334, 33.051388888888894, 32.92527777777778, 33.66111111111111, 33.15277777777777, 32.94944444444445, 32.949444444444445, 31.786388888888887, 32.00888888888889, 32.5775, 32.316111111111105, 31.966666666666672, 32.63055555555555, 34.262777777777785, 33.25972222222222, 32.903888888888886, 31.703055555555565, 31.84444444444444, 32.04666666666666], "Right_Temps": [35.35611111111112, 33.25666666666666, 32.143888888888895, 31.716388888888886, 31.93305555555556, 32.12055555555555, 32.3125, 31.946111111111122, 32.468333333333334, 32.39027777777778, 32.34861111111112, 32.783055555555556, 33.5536111111111, 33.53972222222222, 33.38888888888889, 33.71027777777778, 33.767222222222216, 33.27916666666666, 32.37833333333332, 32.11888888888888, 31.899444444444434, 31.974722222222233, 31.658611111111114, 31.513055555555557, 31.622777777777767, 31.770000000000007, 33.00194444444445, 32.8125, 34.98500000000001, 34.24805555555557, 35.05444444444445, 32.91972222222222, 32.30222222222223, 31.43388888888888, 31.313055555555554, 32.06916666666667, 31.58361111111111, 31.685833333333335, 32.21277777777778, 32.54444444444443, 32.76833333333334, 33.78694444444444, 33.775555555555556, 33.71388888888889, 33.27166666666667, 32.36500000000001, 31.636111111111106, 31.404999999999998, 31.463055555555563, 31.20500000000001, 31.14333333333333, 31.372777777777785, 31.950555555555557, 31.799999999999994, 32.84805555555556, 32.34777777777778, 31.565277777777776, 31.13694444444444, 31.182500000000005, 31.342500000000005, 31.230833333333337, 31.483611111111106, 32.215833333333336, 32.70888888888889, 33.281944444444434, 33.185277777777785, 32.330555555555556, 31.494166666666672, 31.241944444444453, 31.049722222222222, 31.1263888888889, 31.19111111111112, 31.4886111111111, 31.54833333333333, 31.53527777777779, 30.947222222222234, 30.998333333333335, 31.126944444444447, 30.967222222222226, 31.38194444444445, 32.19388888888889, 32.47472222222223, 31.49277777777778, 32.08861111111112, 31.682777777777776, 31.868055555555557, 31.380833333333328, 30.941388888888884, 30.820277777777775, 30.853611111111107, 30.880833333333342, 31.344999999999995, 31.346388888888878, 31.571111111111108, 30.80944444444445, 30.849444444444448]}