{"ID": 266, "Surgery": 0, "Body_Temp": 36.2, "Cancer": 1, "Left_Temps": [34.43277777777777, 31.719999999999995, 30.02722222222223, 29.766944444444448, 30.303611111111106, 32.01277777777778, 31.4011111111111, 31.59861111111111, 32.134166666666665, 31.606111111111105, 32.39611111111112, 32.57, 31.866944444444446, 31.41222222222222, 31.022500000000004, 30.714444444444446, 31.703888888888894, 31.607222222222212, 32.14444444444444, 30.99333333333334, 30.341666666666658, 30.078055555555554, 30.57, 30.78527777777777, 30.525555555555552, 29.807222222222222, 29.692500000000003, 29.636666666666663, 30.630277777777778, 31.316666666666677, 32.467777777777776, 31.533611111111107, 29.878055555555548, 29.640555555555547, 29.959722222222222, 31.39888888888889, 31.534166666666675, 33.13999999999999, 31.426666666666677, 33.21472222222222, 32.33111111111111, 32.228333333333325, 31.954444444444448, 31.826111111111118, 32.00194444444445, 32.63583333333334, 30.815277777777787, 30.635000000000005, 30.54083333333334, 30.935555555555553, 30.57583333333333, 29.769999999999996, 29.49611111111111, 29.654999999999998, 30.15833333333332, 29.9175, 29.916944444444443, 29.960833333333337, 30.016388888888894, 30.882222222222214, 31.98666666666666, 31.543611111111108, 32.198611111111106, 33.455555555555556, 33.138888888888886, 32.580555555555556, 32.56055555555556, 30.923888888888897, 30.775555555555552, 30.950277777777767, 31.268333333333324, 30.39555555555556, 29.78111111111111, 31.573611111111106, 29.95111111111111, 29.78111111111111, 30.42583333333333, 30.830555555555552, 31.02388888888889, 31.589166666666674, 32.371388888888895, 32.406944444444434, 31.259444444444448, 30.788611111111102, 31.28138888888889, 31.312500000000007, 29.352777777777774, 30.70555555555556, 30.92638888888888, 30.56361111111111, 31.0013888888889, 31.80611111111111, 30.84861111111111, 31.34444444444445, 32.085833333333326, 31.58333333333332], "Right_Temps": [34.546666666666674, 32.83611111111113, 32.05305555555555, 32.03527777777778, 32.351111111111116, 32.9875, 33.00111111111112, 33.03194444444444, 32.264722222222225, 32.30666666666666, 32.31388888888888, 33.7463888888889, 33.970000000000006, 34.15416666666666, 33.70944444444446, 33.3813888888889, 33.626666666666665, 34.01166666666666, 33.29833333333333, 32.73749999999999, 31.88722222222223, 31.96805555555555, 31.710833333333337, 31.624999999999993, 31.79805555555555, 32.36027777777778, 33.65555555555556, 33.773611111111116, 34.13833333333333, 33.86833333333333, 33.95666666666668, 32.6011111111111, 32.28361111111111, 32.74138888888889, 32.173333333333325, 32.955000000000005, 32.58388888888889, 32.964166666666664, 32.20944444444445, 32.54805555555555, 33.00611111111112, 33.48222222222223, 34.111666666666665, 34.01472222222222, 33.71416666666667, 32.21472222222221, 32.56055555555555, 31.841666666666672, 31.73777777777779, 31.620000000000005, 31.798888888888882, 32.39000000000001, 33.398611111111116, 33.46972222222222, 33.26916666666667, 32.82944444444445, 32.809444444444445, 32.985, 32.494166666666665, 33.151944444444446, 32.48777777777778, 32.34972222222221, 32.0563888888889, 32.537499999999994, 34.393888888888895, 34.09527777777778, 32.46000000000001, 32.566111111111105, 31.698055555555552, 31.67333333333334, 31.919444444444455, 32.39166666666667, 32.94361111111111, 33.04694444444444, 33.16, 32.87777777777778, 32.92722222222223, 32.81361111111111, 31.937500000000007, 31.766666666666676, 33.172777777777775, 33.835555555555544, 32.51305555555555, 32.48305555555556, 32.089722222222235, 32.37694444444445, 32.9325, 33.02527777777776, 33.04861111111111, 32.54888888888889, 31.788055555555545, 32.099999999999994, 32.104444444444454, 32.320277777777775, 32.75305555555556, 32.011666666666684]}