{"ID": 267, "Surgery": 0, "Body_Temp": 35.8, "Cancer": 1, "Left_Temps": [34.06805555555555, 31.860555555555557, 31.258611111111115, 31.908055555555563, 32.186666666666675, 32.43361111111111, 31.968055555555566, 32.697500000000005, 32.49222222222223, 32.05055555555557, 31.640555555555554, 31.387222222222224, 31.50722222222223, 31.296666666666667, 31.14333333333333, 30.73277777777778, 32.325277777777785, 33.273611111111094, 32.78277777777778, 31.293611111111115, 30.87194444444445, 31.02111111111111, 30.846111111111107, 30.740000000000002, 31.008611111111108, 30.938611111111104, 31.44555555555556, 31.164722222222224, 32.958333333333336, 33.36694444444444, 33.76638888888888, 31.646944444444436, 31.042499999999993, 31.43638888888889, 31.790000000000006, 32.620555555555555, 32.19583333333334, 32.530555555555544, 32.252500000000005, 31.783333333333335, 31.585277777777776, 31.789722222222224, 31.886666666666663, 32.105, 33.142500000000005, 33.85416666666666, 33.09194444444445, 31.10638888888888, 30.517777777777773, 30.897777777777776, 32.13694444444444, 32.145555555555546, 31.491111111111113, 30.83861111111112, 31.455833333333334, 31.608333333333334, 30.658055555555556, 30.5275, 31.128611111111113, 33.04944444444445, 33.69055555555556, 33.0488888888889, 32.403333333333336, 32.25472222222223, 32.27222222222222, 32.593333333333334, 32.06444444444444, 32.10194444444445, 31.2686111111111, 31.629444444444445, 33.149166666666666, 33.42749999999998, 31.723055555555554, 31.61027777777777, 30.75916666666666, 30.60055555555555, 31.273333333333337, 31.589444444444457, 31.962777777777774, 32.54944444444444, 32.42138888888889, 32.26027777777779, 31.641111111111115, 31.74500000000001, 32.69194444444444, 33.11444444444445, 32.63305555555556, 31.459722222222226, 31.915277777777785, 31.766388888888894, 31.48, 32.45388888888888, 31.81583333333333, 32.410555555555554, 32.43527777777777, 31.885555555555566], "Right_Temps": [33.320277777777775, 31.77111111111111, 31.248888888888885, 31.45416666666666, 31.11694444444443, 31.517222222222227, 31.31555555555555, 32.62805555555556, 31.815000000000005, 31.41083333333334, 31.36555555555556, 32.348333333333336, 33.226944444444456, 34.04666666666666, 33.94777777777778, 33.86555555555555, 33.44, 32.10277777777778, 32.772777777777776, 32.13777777777777, 31.10388888888889, 31.188055555555554, 31.388333333333335, 32.37027777777777, 31.876388888888894, 31.469722222222224, 31.964444444444446, 32.22749999999999, 32.257777777777775, 33.01694444444445, 33.27305555555556, 31.462777777777774, 30.899999999999995, 30.789166666666656, 31.036944444444437, 31.056666666666658, 32.13388888888889, 32.77722222222221, 32.51972222222222, 31.74277777777777, 32.060277777777785, 32.85916666666669, 33.150000000000006, 33.42194444444445, 32.09861111111111, 32.617222222222225, 32.83305555555555, 31.039444444444452, 31.072222222222234, 31.426944444444455, 32.205277777777766, 32.44388888888889, 31.824166666666674, 32.456944444444446, 32.286944444444444, 32.470555555555556, 30.951944444444443, 30.753055555555548, 30.924166666666665, 31.29777777777777, 31.911944444444455, 32.034166666666664, 32.67583333333333, 32.25027777777779, 33.182500000000005, 32.157777777777774, 32.65944444444444, 33.47305555555556, 31.37166666666667, 31.44972222222221, 32.30638888888888, 32.7, 33.165000000000006, 32.62166666666668, 31.863055555555555, 31.004444444444452, 31.210277777777776, 31.349722222222212, 32.458611111111104, 31.882777777777783, 32.28277777777778, 32.821944444444455, 33.13416666666666, 32.498333333333335, 32.204722222222216, 32.813611111111115, 32.98777777777778, 32.61777777777777, 32.422222222222224, 31.84361111111111, 31.641666666666676, 32.15694444444445, 32.544444444444444, 32.48638888888888, 32.37444444444444, 32.028888888888886]}