{"ID": 269, "Surgery": 0, "Body_Temp": 36.6, "Cancer": 1, "Left_Temps": [34.31388888888889, 32.89833333333334, 32.51055555555556, 32.217222222222205, 33.162499999999994, 32.6875, 32.97416666666666, 32.46666666666667, 32.49972222222223, 32.161944444444444, 32.18138888888889, 32.680277777777775, 32.14138888888889, 32.51194444444443, 33.40416666666666, 34.47722222222221, 33.66833333333332, 33.521666666666654, 32.54361111111112, 32.161111111111104, 31.337500000000002, 31.54555555555556, 31.355, 31.74277777777778, 32.16916666666667, 31.26999999999999, 33.898888888888884, 34.195, 33.99916666666666, 34.10999999999999, 34.18472222222223, 32.562222222222225, 32.04055555555556, 31.40666666666667, 31.635555555555566, 33.11833333333333, 32.83194444444444, 32.65722222222222, 32.381388888888885, 31.896666666666665, 31.967499999999998, 31.832499999999996, 32.23305555555555, 33.111111111111114, 32.529444444444444, 32.89277777777778, 32.82888888888888, 31.697500000000005, 31.702500000000004, 31.819166666666675, 31.566666666666656, 31.588333333333328, 31.08722222222223, 32.032222222222224, 31.790833333333335, 31.984166666666667, 31.551388888888887, 31.303055555555545, 31.17, 32.125833333333325, 33.007222222222225, 32.90833333333334, 32.43750000000001, 31.812222222222218, 31.80027777777777, 32.00249999999999, 32.60277777777778, 32.63805555555555, 31.401111111111106, 31.85833333333333, 31.746666666666652, 31.407222222222224, 31.084722222222222, 31.147222222222226, 31.211666666666662, 31.171944444444446, 31.474444444444448, 31.53111111111111, 32.55777777777777, 32.10083333333333, 32.82666666666667, 32.204444444444455, 32.492777777777775, 31.439444444444444, 31.168333333333333, 31.2925, 30.845833333333328, 30.79055555555555, 30.96694444444445, 31.817500000000013, 32.159166666666664, 32.00083333333333, 31.780833333333337, 31.940277777777776, 31.305555555555557, 32.18555555555557], "Right_Temps": [34.24194444444445, 33.57388888888889, 33.64611111111112, 33.78666666666666, 34.00888888888889, 33.68999999999999, 34.05722222222224, 33.45944444444443, 33.35138888888887, 33.62416666666667, 32.57527777777778, 32.62611111111109, 33.8825, 34.78111111111112, 35.50666666666669, 35.51777777777777, 34.92694444444444, 33.63972222222222, 33.39694444444445, 33.40166666666668, 33.54527777777778, 33.40388888888887, 33.30694444444444, 33.43166666666668, 33.61611111111112, 33.938055555555565, 34.712500000000006, 34.70777777777778, 34.46888888888889, 34.347222222222214, 34.13888888888889, 33.51249999999999, 33.44055555555556, 33.80583333333333, 34.055277777777775, 34.31416666666667, 33.49472222222222, 33.39, 33.25166666666666, 33.944166666666675, 33.16416666666666, 33.95416666666668, 33.90388888888887, 34.47027777777779, 33.93944444444445, 33.7313888888889, 33.83166666666667, 34.19416666666667, 33.49027777777778, 34.19166666666668, 33.93361111111111, 34.11694444444445, 34.02027777777778, 33.80472222222222, 33.83055555555555, 33.64083333333334, 33.535, 33.407222222222224, 33.53583333333333, 34.088611111111106, 34.22583333333333, 34.01305555555556, 33.099999999999994, 34.15, 34.30722222222223, 34.516666666666666, 34.1625, 34.624166666666675, 34.95166666666666, 34.91388888888888, 34.4213888888889, 34.32, 34.00194444444445, 34.034444444444446, 33.97722222222223, 33.51638888888888, 33.758333333333326, 34.290000000000006, 34.46444444444446, 34.03, 33.656944444444434, 34.19472222222222, 34.62611111111111, 34.92555555555556, 34.77250000000001, 34.23361111111112, 33.89888888888889, 34.093333333333334, 34.097777777777786, 34.38805555555555, 34.432500000000005, 34.36138888888889, 34.98555555555555, 34.48916666666667, 34.107499999999995, 34.42027777777777]}