{"ID": 270, "Surgery": 0, "Body_Temp": 35.7, "Cancer": 1, "Left_Temps": [34.85833333333333, 33.55749999999999, 32.3886111111111, 31.41111111111111, 31.488888888888894, 32.102222222222224, 32.87027777777777, 33.59916666666666, 33.56, 32.850277777777784, 32.92472222222223, 33.02277777777779, 32.765, 33.04638888888888, 33.426944444444445, 33.75194444444444, 33.53333333333333, 33.24499999999999, 33.05416666666666, 32.69138888888888, 32.44166666666668, 32.10055555555556, 31.826388888888896, 31.60777777777778, 31.424722222222233, 31.801388888888894, 32.684444444444445, 33.12861111111111, 33.713888888888896, 33.76777777777777, 34.2577777777778, 33.62777777777779, 32.5925, 32.16111111111112, 31.71055555555556, 32.07027777777777, 33.001111111111115, 33.9675, 32.6361111111111, 32.6088888888889, 33.17972222222223, 32.958888888888886, 32.89916666666667, 33.199444444444445, 33.016944444444434, 32.70277777777778, 32.570833333333326, 32.146666666666654, 31.944444444444464, 31.747500000000002, 31.437222222222236, 31.65888888888889, 32.48666666666667, 32.51111111111111, 32.89611111111111, 33.17166666666666, 32.41611111111111, 32.413888888888884, 32.26888888888889, 32.281944444444434, 33.06805555555555, 33.104166666666664, 32.89694444444445, 32.876111111111115, 32.882777777777775, 32.69222222222223, 32.63888888888887, 32.47111111111112, 31.930000000000007, 31.948611111111113, 31.519166666666656, 31.70472222222222, 32.49833333333335, 32.48472222222222, 32.40861111111111, 31.971666666666668, 31.91750000000001, 32.40083333333334, 32.318888888888885, 32.55888888888888, 32.69888888888889, 32.60361111111111, 32.66222222222223, 31.978888888888896, 31.715555555555568, 31.638055555555557, 32.31944444444444, 32.34777777777779, 32.523333333333326, 32.37638888888888, 32.382222222222225, 32.78972222222221, 32.43416666666667, 31.76138888888889, 32.108333333333334, 32.068333333333335], "Right_Temps": [34.973888888888894, 33.542500000000004, 32.63333333333333, 32.71361111111111, 32.82277777777777, 32.769444444444446, 32.58333333333333, 32.62833333333334, 32.594166666666666, 32.16, 32.916666666666664, 32.90416666666667, 32.87027777777778, 33.01472222222222, 33.12250000000001, 32.826111111111096, 33.0475, 32.766111111111115, 32.36833333333333, 32.102222222222224, 32.05805555555555, 32.314166666666665, 32.03111111111111, 31.723888888888908, 31.63111111111111, 31.904999999999998, 32.5488888888889, 32.776944444444446, 33.54194444444444, 33.91055555555555, 34.386388888888895, 33.49527777777777, 32.79388888888888, 31.758333333333326, 31.581944444444453, 31.91277777777778, 32.41916666666667, 32.28666666666666, 31.95805555555556, 32.53027777777778, 33.1125, 32.97777777777778, 32.873333333333335, 32.889166666666675, 32.73055555555557, 32.39611111111112, 32.19944444444445, 32.10555555555556, 32.30444444444444, 32.02027777777777, 31.615555555555552, 31.692777777777785, 32.16222222222222, 32.19222222222222, 32.29, 32.63083333333334, 31.537500000000005, 31.078333333333337, 31.42944444444443, 31.714444444444457, 31.766111111111115, 32.08222222222223, 31.946666666666673, 32.689166666666665, 32.77277777777777, 32.72638888888889, 32.523888888888884, 32.41555555555555, 32.11805555555555, 31.957777777777785, 32.07861111111111, 31.41, 31.63611111111112, 31.688611111111104, 31.27499999999999, 31.17333333333333, 31.55527777777778, 31.581388888888895, 31.94222222222223, 31.99555555555556, 32.115555555555545, 32.396666666666654, 32.886944444444445, 32.18138888888888, 31.817222222222213, 31.828888888888887, 31.265833333333333, 31.176111111111116, 31.196944444444437, 31.253333333333337, 31.904722222222215, 32.29777777777778, 31.914999999999996, 31.67861111111112, 31.452499999999993, 31.680000000000014]}