{"ID": 271, "Surgery": 0, "Body_Temp": 35.2, "Cancer": 1, "Left_Temps": [34.02555555555554, 32.57888888888888, 31.883611111111108, 31.78194444444445, 31.696111111111115, 31.779166666666658, 32.1188888888889, 32.759722222222216, 32.810833333333335, 33.25861111111111, 32.86694444444444, 32.59444444444445, 32.416666666666664, 32.60083333333333, 32.49527777777778, 32.51416666666667, 32.11972222222223, 31.93861111111111, 31.571666666666665, 31.291944444444443, 31.317777777777767, 31.16305555555555, 31.428333333333335, 31.23833333333333, 30.846111111111114, 31.304166666666667, 35.170277777777784, 35.06777777777777, 33.19527777777778, 33.80055555555556, 34.251666666666665, 32.807500000000005, 31.87111111111112, 31.434722222222238, 31.51055555555556, 31.65055555555557, 32.253888888888895, 32.881944444444436, 32.912222222222226, 33.190555555555555, 32.402499999999996, 32.38722222222222, 32.24833333333334, 32.24916666666667, 32.14583333333333, 31.838055555555556, 31.455000000000002, 31.744166666666672, 31.919999999999998, 31.901666666666667, 31.18444444444445, 30.650277777777767, 31.498055555555556, 31.840000000000007, 33.142777777777795, 32.64055555555556, 31.779444444444437, 31.661666666666672, 31.751388888888894, 31.728333333333328, 33.293888888888894, 32.52333333333334, 33.614444444444445, 33.43861111111111, 32.6025, 32.4238888888889, 32.944722222222225, 31.78138888888889, 31.83277777777778, 32.102777777777774, 32.06944444444444, 31.11888888888889, 30.876666666666658, 31.401388888888885, 31.52055555555556, 31.331388888888885, 31.584166666666665, 32.24333333333333, 32.34527777777779, 32.28388888888888, 33.31027777777777, 33.1575, 31.78472222222222, 31.790555555555557, 32.143888888888895, 31.81722222222223, 30.976111111111113, 31.437500000000014, 31.496666666666663, 31.97833333333334, 31.87861111111111, 31.918333333333333, 31.745555555555566, 31.41666666666666, 31.940000000000005, 32.29166666666666], "Right_Temps": [33.50472222222222, 31.933888888888887, 31.818055555555556, 32.774166666666666, 32.48416666666667, 32.81000000000001, 32.78833333333333, 32.57, 32.19916666666666, 31.889722222222233, 31.91027777777777, 31.75027777777777, 31.743055555555557, 31.88944444444445, 31.929722222222228, 31.973611111111122, 32.28833333333333, 32.5786111111111, 31.75305555555556, 31.483055555555552, 31.257777777777765, 32.01388888888889, 31.23277777777778, 31.282499999999988, 31.88138888888889, 33.08083333333334, 33.64777777777778, 32.369722222222215, 32.52027777777778, 32.87555555555556, 33.160277777777786, 31.631666666666668, 31.72305555555556, 31.836388888888887, 32.27, 32.55472222222222, 32.89694444444444, 32.48833333333334, 32.45611111111111, 32.457777777777785, 32.416666666666664, 32.886111111111106, 32.52138888888888, 32.44555555555556, 32.8475, 31.976944444444445, 31.974444444444448, 31.714444444444446, 31.508055555555547, 31.605277777777776, 32.124722222222225, 32.45222222222222, 32.096666666666664, 31.131111111111117, 31.502499999999984, 31.728055555555564, 32.46027777777777, 32.10055555555555, 32.07500000000001, 32.73055555555557, 32.523333333333326, 32.68055555555555, 33.957499999999996, 32.58222222222223, 32.675000000000004, 32.94555555555556, 32.411388888888894, 32.16111111111111, 32.611111111111114, 32.17055555555555, 32.87777777777777, 32.70527777777777, 31.416666666666668, 30.99499999999999, 31.713055555555545, 32.44416666666667, 32.328611111111115, 32.55444444444444, 33.17083333333334, 32.77333333333333, 33.771111111111125, 32.719722222222224, 32.91638888888888, 33.291388888888875, 33.38611111111112, 32.871666666666684, 32.11972222222222, 31.59055555555556, 32.150555555555556, 32.75916666666666, 33.389166666666675, 33.37305555555555, 33.55888888888889, 33.52722222222222, 32.604166666666664, 33.10277777777778]}