{"ID": 274, "Surgery": 0, "Body_Temp": 34.8, "Cancer": 1, "Left_Temps": [33.67638888888889, 32.415277777777774, 32.208888888888886, 31.59388888888889, 31.349999999999998, 31.305833333333332, 31.34027777777778, 32.384444444444455, 33.941944444444445, 34.102777777777774, 33.99305555555556, 33.88944444444445, 34.13166666666666, 34.114722222222206, 33.526111111111106, 33.323055555555555, 33.420833333333334, 33.61527777777778, 34.04472222222223, 35.159166666666664, 34.949444444444445, 33.208333333333336, 34.57444444444445, 32.728611111111114, 32.07138888888888, 32.715, 35.09777777777778, 35.15833333333333, 35.26027777777777, 34.593333333333334, 33.67777777777778, 31.81833333333332, 31.51750000000001, 31.578333333333326, 31.485, 31.196666666666673, 31.76777777777778, 33.04305555555555, 34.73083333333334, 34.27333333333333, 34.397222222222226, 35.42638888888889, 34.68944444444443, 33.83027777777779, 33.46277777777778, 34.26166666666666, 35.02805555555556, 35.55416666666665, 33.57694444444444, 32.958333333333336, 32.10249999999999, 32.08333333333334, 32.74472222222222, 32.93694444444444, 34.424166666666665, 32.49888888888889, 31.41416666666667, 31.342499999999998, 32.37722222222223, 32.17527777777777, 32.302222222222234, 33.03222222222222, 35.14444444444444, 34.848055555555554, 34.150555555555556, 33.65916666666666, 34.01444444444444, 35.49444444444444, 34.400000000000006, 34.413888888888884, 33.59222222222222, 32.79305555555556, 35.127777777777766, 33.805, 31.95777777777777, 31.40583333333333, 31.91666666666666, 33.15527777777777, 32.654722222222226, 34.514444444444436, 35.009722222222216, 33.88916666666666, 34.509722222222216, 33.67583333333332, 33.84722222222222, 32.941388888888895, 34.07250000000001, 32.404444444444444, 32.57166666666666, 32.50583333333333, 33.37944444444443, 34.15555555555556, 34.39361111111111, 33.265, 34.343333333333334, 34.77555555555555], "Right_Temps": [33.716111111111125, 32.30055555555555, 31.368611111111104, 30.857777777777773, 31.28222222222223, 32.405555555555544, 33.05777777777777, 32.9025, 32.00527777777778, 32.12666666666667, 32.12027777777778, 32.097222222222214, 33.07472222222223, 33.40638888888889, 33.37916666666668, 33.05916666666666, 32.29333333333332, 32.488611111111105, 33.92583333333334, 32.44777777777778, 32.191388888888895, 31.766388888888887, 31.714444444444453, 31.724444444444444, 31.742499999999993, 31.758333333333333, 31.830833333333317, 31.95166666666667, 31.793055555555554, 32.630833333333335, 31.650000000000002, 32.28472222222222, 31.46444444444444, 30.851944444444445, 30.818333333333335, 31.83777777777778, 32.588888888888896, 31.980277777777776, 32.21694444444445, 32.312222222222225, 31.80527777777777, 31.953888888888898, 32.47083333333333, 32.35861111111112, 32.63583333333334, 33.91361111111112, 32.2061111111111, 32.56277777777777, 32.255833333333335, 32.156111111111116, 32.03527777777777, 32.07416666666666, 32.025277777777774, 31.8011111111111, 32.80194444444444, 31.773333333333337, 31.389999999999986, 31.211388888888887, 31.182777777777783, 31.613888888888887, 32.50277777777777, 31.77555555555557, 32.26972222222222, 32.515277777777776, 32.08055555555555, 32.55777777777777, 33.64444444444445, 32.15277777777777, 32.38250000000001, 32.51888888888889, 32.275, 32.010833333333345, 31.895833333333332, 32.92555555555556, 32.003333333333345, 31.46916666666667, 31.64944444444444, 31.405833333333337, 31.87611111111111, 32.33027777777777, 32.82694444444444, 33.09083333333333, 32.09444444444445, 32.14305555555555, 32.63833333333333, 32.91916666666666, 33.014444444444464, 32.16972222222222, 31.462777777777774, 31.94138888888888, 31.887777777777785, 32.15527777777777, 32.114444444444445, 32.984166666666674, 31.72972222222223, 32.36416666666666]}