{"ID": 276, "Surgery": 0, "Body_Temp": 35.3, "Cancer": 0, "Left_Temps": [32.969166666666666, 32.51500000000001, 32.34138888888889, 30.85472222222222, 32.05361111111111, 31.946944444444448, 31.970277777777774, 32.70583333333334, 32.74944444444444, 32.60249999999999, 32.77805555555555, 33.10972222222222, 33.536944444444444, 33.96333333333334, 33.86749999999999, 33.75305555555555, 33.37944444444443, 33.4488888888889, 33.40194444444444, 32.73277777777778, 32.53055555555555, 32.825833333333335, 33.171388888888885, 32.62583333333335, 33.00861111111111, 33.34833333333334, 33.28944444444444, 34.19444444444444, 33.54972222222223, 33.415000000000006, 33.21166666666666, 32.27444444444444, 32.31111111111111, 32.28388888888889, 31.863888888888898, 31.741944444444453, 32.04583333333332, 32.34166666666667, 32.33027777777777, 32.54944444444445, 32.63777777777778, 33.154166666666654, 33.346666666666664, 33.38722222222222, 33.6425, 33.718888888888884, 33.099999999999994, 32.91972222222222, 32.898888888888884, 32.700833333333335, 32.4225, 31.92083333333333, 31.868888888888893, 32.24666666666666, 32.06638888888889, 32.04749999999999, 32.13527777777777, 32.17972222222221, 32.51472222222222, 31.76388888888889, 32.19638888888889, 32.04333333333333, 32.271388888888886, 32.44555555555556, 32.993611111111115, 33.727777777777774, 33.988333333333344, 33.09666666666668, 33.885000000000005, 33.32472222222222, 32.96666666666667, 32.08388888888889, 31.210833333333326, 31.261388888888884, 31.456388888888895, 31.814444444444437, 32.652499999999996, 32.277499999999996, 32.27944444444444, 32.50722222222222, 32.2513888888889, 33.68888888888888, 32.974999999999994, 33.468333333333334, 32.697222222222216, 32.026111111111106, 31.219722222222238, 31.813333333333325, 32.67333333333334, 32.28583333333333, 32.65944444444444, 32.23861111111111, 33.070277777777775, 33.39638888888889, 31.772777777777783, 32.59166666666667], "Right_Temps": [33.26916666666667, 32.025000000000006, 31.747222222222213, 31.44027777777778, 31.595277777777785, 32.19583333333333, 32.625, 32.76805555555555, 32.66722222222221, 33.01583333333334, 32.43027777777778, 32.24027777777777, 32.088611111111106, 32.219166666666666, 32.65083333333334, 32.961944444444434, 33.747222222222234, 32.81916666666667, 33.568888888888885, 33.220555555555556, 34.160000000000004, 33.230000000000004, 33.17666666666666, 32.54333333333333, 32.66722222222223, 32.4275, 32.60472222222222, 33.6525, 33.42111111111112, 33.37222222222223, 33.563611111111115, 31.83611111111111, 31.566111111111113, 31.411388888888887, 31.6211111111111, 32.13444444444445, 32.64305555555555, 32.73249999999999, 32.90361111111112, 33.40361111111111, 32.21722222222222, 32.1025, 33.13722222222221, 33.69499999999999, 32.752500000000005, 33.33111111111111, 32.80861111111111, 33.77055555555555, 33.869166666666665, 33.01777777777779, 32.94861111111111, 33.10583333333333, 33.44916666666666, 33.53138888888888, 32.49416666666667, 32.04027777777778, 31.559999999999988, 31.528888888888883, 31.74611111111111, 32.33722222222222, 33.16277777777777, 32.688055555555565, 33.23638888888889, 32.721111111111114, 32.11888888888888, 32.30333333333332, 32.97249999999999, 33.25972222222222, 34.19083333333333, 33.30944444444444, 34.40611111111112, 34.013333333333335, 33.81722222222223, 34.07694444444443, 32.227222222222224, 32.10055555555556, 32.30749999999999, 32.44055555555556, 33.1586111111111, 33.28583333333333, 33.045277777777784, 33.35027777777779, 33.41277777777778, 34.08500000000001, 34.11222222222222, 34.08611111111111, 33.83166666666667, 33.4363888888889, 33.48138888888888, 33.263611111111096, 33.76111111111112, 33.17444444444445, 33.874722222222225, 32.452777777777776, 34.523611111111116, 34.13805555555555]}