{"ID": 277, "Surgery": 0, "Body_Temp": 36.0, "Cancer": 1, "Left_Temps": [34.205833333333345, 34.16333333333333, 34.011111111111106, 34.19500000000001, 33.93138888888889, 33.63416666666669, 33.82583333333333, 33.66388888888888, 34.69027777777777, 34.592499999999994, 33.951388888888886, 33.57916666666666, 33.93444444444444, 33.863055555555555, 34.157500000000006, 33.99555555555555, 34.16444444444445, 34.25444444444445, 33.74361111111112, 33.71083333333334, 33.654444444444444, 33.58500000000002, 33.6175, 33.72944444444446, 33.70222222222222, 33.42555555555556, 34.403333333333336, 34.49916666666666, 33.90888888888888, 33.908611111111114, 33.93805555555557, 33.835833333333326, 33.90805555555555, 33.96972222222223, 34.25444444444444, 33.646666666666675, 33.95861111111112, 34.504999999999995, 34.66611111111112, 34.36916666666667, 34.173611111111114, 34.68416666666667, 34.832499999999996, 34.65111111111111, 34.89500000000001, 34.227222222222224, 34.51361111111112, 33.789166666666674, 34.27444444444445, 33.50222222222222, 33.5363888888889, 33.87944444444445, 34.34555555555555, 33.97027777777778, 33.99666666666668, 33.875, 33.72750000000001, 33.785000000000004, 33.518055555555556, 33.54888888888888, 33.892222222222216, 34.668888888888894, 34.64805555555556, 33.973333333333336, 33.90944444444445, 34.41194444444444, 34.315833333333345, 32.559722222222234, 34.99972222222223, 33.95499999999999, 34.34222222222222, 34.27416666666667, 34.23638888888889, 33.778333333333336, 33.739444444444445, 33.437500000000014, 33.319166666666675, 33.36444444444444, 33.61277777777779, 34.37916666666666, 34.58444444444446, 34.422777777777775, 34.54305555555555, 34.706944444444446, 34.67944444444444, 34.51333333333334, 34.02916666666667, 33.728611111111114, 33.48166666666666, 33.482499999999995, 33.73, 34.4125, 34.54777777777778, 34.703333333333326, 33.85611111111112, 33.67277777777778], "Right_Temps": [33.61527777777779, 33.341111111111125, 33.20944444444444, 33.094166666666666, 33.05138888888887, 33.00083333333334, 33.329166666666666, 34.706111111111106, 34.087500000000006, 33.96611111111112, 34.28666666666667, 33.39777777777778, 33.83, 33.77277777777777, 33.72333333333333, 33.83305555555555, 33.6263888888889, 33.78222222222221, 33.90416666666666, 33.69388888888889, 33.223611111111126, 33.538611111111116, 33.61361111111111, 33.919166666666655, 34.00166666666668, 34.23555555555557, 34.48472222222222, 33.62583333333334, 33.510000000000005, 33.39027777777778, 33.576111111111096, 33.25277777777777, 33.21805555555556, 33.32611111111111, 33.20916666666667, 33.17666666666665, 33.79555555555556, 34.703333333333326, 33.981666666666655, 33.75138888888889, 33.58055555555556, 33.7175, 34.66472222222222, 33.85249999999999, 33.55972222222222, 33.77750000000001, 34.78638888888888, 33.78111111111112, 33.29722222222222, 33.37805555555557, 33.49166666666667, 33.767500000000005, 33.73250000000001, 33.408055555555556, 33.13416666666667, 33.265, 33.21666666666666, 33.391944444444455, 33.76361111111111, 33.669722222222205, 34.092222222222226, 34.51277777777778, 34.37777777777777, 33.56361111111111, 33.60249999999999, 33.6725, 33.99527777777777, 34.65305555555555, 34.18222222222222, 33.52250000000001, 33.54805555555555, 33.41833333333333, 33.468333333333334, 33.187777777777775, 33.08666666666665, 33.18777777777779, 33.296944444444435, 33.58027777777777, 33.972777777777786, 34.49083333333333, 34.48583333333333, 34.56194444444444, 34.61555555555555, 34.25111111111113, 34.168055555555554, 33.7825, 33.00305555555556, 33.20972222222221, 33.52055555555557, 33.70638888888888, 34.19638888888889, 34.326666666666675, 33.72361111111112, 34.04222222222223, 33.711666666666666, 33.985833333333346]}