{"ID": 278, "Surgery": 0, "Body_Temp": 36.0, "Cancer": 1, "Left_Temps": [34.57333333333333, 33.191111111111105, 32.557222222222215, 32.47361111111112, 32.64416666666666, 32.61805555555556, 32.267777777777766, 32.286111111111104, 32.56666666666666, 32.56833333333332, 32.18555555555556, 33.32138888888888, 34.45166666666667, 34.399722222222216, 33.90166666666667, 33.47583333333333, 33.044166666666655, 32.674166666666665, 32.386944444444445, 32.904722222222226, 32.05055555555555, 31.556388888888883, 31.155833333333323, 30.88777777777777, 30.95861111111111, 30.92944444444444, 31.80083333333333, 33.60055555555556, 33.64611111111112, 33.94222222222223, 34.25555555555556, 33.120555555555555, 32.55666666666666, 32.30972222222222, 32.92361111111112, 32.600277777777784, 32.64138888888889, 32.53, 32.41888888888888, 32.26111111111112, 32.40138888888888, 32.650000000000006, 33.02805555555555, 33.02777777777777, 32.75666666666665, 32.45111111111112, 32.74222222222222, 31.768055555555538, 31.30444444444443, 31.564166666666665, 31.249444444444446, 30.772777777777783, 30.738055555555555, 31.949722222222217, 32.51777777777778, 32.882222222222225, 32.22916666666667, 32.12527777777778, 32.315555555555555, 32.72, 32.73166666666666, 32.68166666666667, 32.40444444444443, 32.29916666666666, 32.375000000000014, 32.5336111111111, 32.62277777777778, 32.64777777777778, 31.918611111111105, 31.491944444444453, 32.192499999999995, 31.670833333333324, 31.345277777777774, 31.573055555555552, 32.290555555555564, 32.022777777777776, 31.927499999999995, 32.39055555555556, 32.74805555555557, 32.52749999999999, 32.727500000000006, 32.65194444444444, 32.694722222222225, 32.24777777777777, 31.642777777777773, 32.24166666666667, 31.143888888888878, 31.368333333333332, 31.72583333333334, 32.52861111111111, 32.50861111111111, 32.85472222222222, 31.931666666666665, 32.226111111111116, 31.554166666666674, 32.4438888888889], "Right_Temps": [34.37277777777778, 33.333888888888886, 32.51833333333334, 32.581111111111106, 32.73861111111111, 32.537499999999994, 32.24472222222222, 32.52888888888889, 32.644722222222214, 32.908611111111114, 33.60611111111112, 32.844722222222224, 33.20361111111111, 33.241666666666674, 33.59277777777779, 33.67000000000001, 33.62722222222223, 33.43722222222222, 32.73361111111112, 31.840000000000007, 32.41500000000001, 31.64583333333333, 31.28611111111111, 31.31277777777777, 31.703888888888887, 32.14861111111112, 33.289722222222224, 33.46527777777778, 33.51638888888889, 34.32527777777777, 33.92166666666666, 32.654444444444444, 32.17555555555557, 32.3625, 32.538055555555545, 32.241388888888885, 32.28361111111111, 32.63916666666667, 32.95638888888889, 33.04000000000002, 34.027777777777786, 34.81916666666668, 34.64638888888888, 33.8925, 33.70277777777778, 32.946666666666665, 31.898055555555555, 31.80138888888888, 31.84777777777778, 31.70361111111111, 31.47861111111111, 31.303888888888885, 32.57194444444445, 32.26305555555555, 33.104722222222215, 32.92694444444444, 32.43083333333333, 31.89888888888889, 32.448333333333345, 32.18694444444445, 32.142500000000005, 32.690555555555555, 33.00166666666666, 33.258888888888904, 33.70944444444443, 33.93166666666667, 32.921666666666674, 31.73333333333334, 32.51972222222222, 32.19277777777778, 31.821666666666665, 31.26472222222223, 31.775555555555556, 32.41583333333334, 32.74444444444443, 31.62277777777778, 32.03888888888889, 32.074999999999996, 32.441111111111105, 32.46305555555555, 32.6425, 32.84361111111111, 31.661388888888887, 32.338055555555556, 33.32055555555556, 31.9525, 31.696666666666673, 31.82555555555555, 31.844722222222217, 32.086666666666666, 32.048333333333325, 31.852222222222217, 32.3722222222222, 33.59888888888888, 32.308611111111105, 32.23888888888889]}