{"ID": 28, "Surgery": 0, "Body_Temp": 35.5, "Cancer": 0, "Left_Temps": [31.268611111111106, 29.729444444444443, 29.79305555555557, 29.37833333333333, 29.610277777777778, 29.889444444444443, 30.59416666666667, 30.781666666666677, 31.006944444444443, 30.80750000000001, 30.781666666666663, 31.106944444444455, 30.91916666666667, 31.48305555555556, 31.961388888888905, 31.856666666666676, 31.234166666666663, 30.681388888888893, 30.628055555555566, 29.78166666666667, 28.80638888888889, 28.724444444444448, 29.03972222222223, 29.338055555555556, 29.266111111111115, 29.043055555555554, 29.015277777777783, 28.557777777777776, 29.182777777777783, 29.462777777777774, 30.167777777777783, 29.226388888888877, 29.034999999999993, 29.022500000000004, 29.231666666666666, 29.832222222222224, 30.862777777777776, 30.998055555555556, 31.54416666666666, 30.739722222222227, 30.978333333333328, 30.77638888888889, 31.03916666666667, 31.369166666666672, 30.43805555555556, 30.15944444444445, 29.7225, 29.144999999999996, 29.042222222222215, 28.368333333333332, 27.541666666666668, 29.125000000000007, 28.98555555555555, 28.64916666666667, 28.586388888888887, 28.817499999999995, 28.752500000000005, 28.88916666666666, 29.27638888888889, 30.02444444444445, 30.63138888888888, 30.692777777777774, 31.00416666666667, 30.4986111111111, 30.332777777777785, 30.476388888888884, 30.110555555555557, 30.026111111111113, 29.563611111111097, 29.28388888888889, 28.955, 28.895, 28.796666666666674, 28.713888888888896, 28.586666666666677, 28.862777777777783, 29.243055555555557, 29.816111111111113, 30.383611111111115, 30.444722222222236, 30.25083333333334, 29.928055555555552, 29.890555555555547, 29.590833333333332, 29.324166666666656, 29.106111111111105, 28.93055555555556, 28.880833333333335, 29.37527777777778, 29.894444444444453, 30.09444444444444, 30.071111111111122, 29.796388888888885, 29.535833333333333, 29.302500000000002, 29.78472222222222], "Right_Temps": [30.05833333333333, 29.173055555555568, 29.40194444444444, 29.516111111111123, 28.90138888888889, 28.7888888888889, 28.843888888888884, 29.451388888888896, 30.626944444444444, 30.220833333333342, 29.91027777777777, 30.000833333333333, 30.471111111111117, 31.107222222222227, 31.77722222222222, 31.330277777777773, 31.396388888888893, 30.87027777777777, 30.15694444444445, 28.975000000000005, 28.16916666666667, 28.13944444444445, 28.23638888888889, 28.463333333333342, 28.733611111111113, 28.647499999999997, 28.910555555555554, 29.103888888888896, 29.076388888888875, 29.054166666666674, 29.37611111111111, 28.731111111111108, 28.71861111111111, 29.398611111111116, 28.86777777777778, 28.66805555555556, 28.869999999999997, 29.433333333333337, 30.284166666666668, 30.2675, 29.734722222222217, 30.35666666666667, 30.27916666666668, 30.880277777777778, 30.841944444444444, 29.18444444444444, 28.479722222222215, 28.121111111111112, 28.076944444444443, 28.441388888888888, 28.1225, 28.709722222222233, 28.65277777777778, 28.73583333333333, 28.67277777777777, 28.545833333333324, 28.49388888888889, 28.647777777777776, 28.776111111111106, 28.737500000000004, 28.98833333333333, 29.491666666666667, 30.02111111111111, 29.6511111111111, 29.61027777777777, 29.866666666666674, 28.990000000000002, 28.737222222222222, 28.279444444444433, 28.25138888888889, 27.291111111111118, 28.552500000000002, 28.98583333333333, 28.664444444444445, 28.469999999999995, 28.487500000000004, 28.599999999999998, 28.752777777777776, 28.990555555555552, 29.58694444444444, 29.988333333333337, 29.2775, 29.635833333333338, 28.357499999999998, 28.251111111111108, 28.39083333333334, 28.626388888888883, 28.41166666666666, 28.418888888888883, 28.591666666666672, 28.833333333333332, 29.54638888888889, 28.713611111111106, 28.43805555555556, 28.411944444444444, 28.47305555555556]}