{"ID": 280, "Surgery": 0, "Body_Temp": NaN, "Cancer": 1, "Left_Temps": [34.8413888888889, 32.95777777777777, 32.33583333333335, 32.93083333333333, 32.83694444444445, 33.532222222222224, 32.00000000000001, 32.425000000000004, 32.68305555555556, 32.50944444444445, 32.42138888888889, 33.62388888888889, 33.601388888888884, 33.35583333333334, 33.01722222222223, 32.6336111111111, 33.072500000000005, 32.69666666666668, 32.09277777777778, 31.61444444444444, 31.140833333333326, 31.3925, 31.158611111111117, 31.079166666666666, 31.39583333333333, 32.57944444444444, 33.505833333333335, 33.18750000000001, 33.459999999999994, 33.64055555555555, 33.87777777777777, 31.995833333333337, 32.50944444444445, 32.77333333333334, 32.437777777777775, 33.655833333333334, 32.050833333333344, 32.08500000000001, 32.092777777777776, 32.6325, 32.70916666666667, 32.820277777777775, 32.710555555555565, 32.903333333333336, 32.69583333333333, 32.165, 31.781666666666663, 31.450277777777778, 31.894444444444446, 31.73972222222222, 32.38000000000001, 32.74861111111112, 32.86805555555556, 33.15444444444446, 32.69388888888889, 31.928611111111113, 31.790277777777778, 31.59444444444445, 31.673888888888897, 33.26500000000001, 31.477500000000003, 31.47638888888889, 32.22583333333334, 32.675000000000004, 32.75805555555555, 32.731944444444444, 32.35861111111112, 32.0875, 31.80916666666667, 32.74527777777777, 33.008333333333354, 34.680277777777775, 33.10916666666666, 33.20083333333334, 31.736666666666654, 31.361944444444458, 31.887777777777785, 33.32777777777779, 31.619444444444444, 31.570277777777772, 32.523055555555544, 32.50583333333333, 32.38666666666666, 32.870555555555555, 32.491388888888885, 33.5886111111111, 32.64944444444444, 33.22611111111111, 33.396111111111125, 32.225833333333334, 31.943333333333342, 32.71555555555556, 31.75388888888889, 32.40138888888889, 32.92388888888889, 32.54666666666665], "Right_Temps": [32.59138888888888, 31.10833333333333, 31.39444444444444, 31.44500000000001, 31.299444444444443, 31.922499999999996, 31.321388888888894, 31.352777777777785, 31.20138888888889, 31.33861111111112, 32.269444444444446, 33.46944444444444, 33.68611111111111, 33.46527777777778, 33.26638888888889, 32.86333333333332, 32.76388888888889, 32.3363888888889, 31.807222222222222, 31.866944444444457, 31.915833333333328, 31.46527777777779, 31.418611111111108, 32.07444444444444, 33.062777777777775, 32.14555555555555, 32.12222222222223, 32.13, 32.20750000000001, 31.90027777777778, 31.63138888888889, 30.665555555555557, 30.38888888888889, 30.557499999999997, 32.170555555555545, 32.16916666666666, 30.99944444444444, 30.866666666666667, 31.346111111111107, 32.31833333333333, 33.13416666666666, 33.224999999999994, 33.160555555555554, 32.95666666666668, 32.553055555555545, 32.082499999999996, 31.806111111111097, 31.685555555555563, 31.43138888888889, 31.678888888888885, 33.05666666666666, 31.828888888888887, 32.50666666666665, 31.66111111111111, 31.195277777777783, 30.530277777777776, 30.114166666666677, 30.04722222222221, 30.570277777777775, 32.11833333333333, 31.008055555555554, 31.105833333333326, 32.10249999999999, 32.84944444444445, 32.81166666666667, 32.67999999999999, 32.5275, 31.89916666666666, 31.778055555555554, 31.56666666666667, 32.42111111111111, 31.690833333333337, 32.15388888888887, 31.31805555555555, 30.612499999999997, 30.255833333333342, 30.625833333333325, 31.89194444444444, 31.206111111111106, 30.636388888888884, 33.110833333333325, 32.81111111111112, 31.67, 32.34305555555555, 31.505277777777778, 31.955277777777773, 31.437222222222236, 31.12777777777777, 31.02166666666666, 31.82194444444444, 31.276666666666667, 31.40361111111111, 31.264166666666668, 31.2338888888889, 31.05111111111111, 32.18666666666666]}