{"ID": 281, "Surgery": 0, "Body_Temp": 35.6, "Cancer": 1, "Left_Temps": [33.9075, 32.55555555555554, 31.923055555555557, 31.827499999999993, 31.765833333333337, 31.701666666666668, 31.59555555555555, 31.53861111111111, 31.999444444444446, 33.399166666666666, 34.2963888888889, 33.768888888888895, 33.057222222222215, 33.3713888888889, 34.27666666666667, 32.94694444444444, 33.193611111111096, 32.70777777777777, 33.32944444444445, 33.73805555555556, 33.13972222222222, 32.42083333333334, 32.73083333333335, 32.61277777777777, 32.5625, 33.15972222222222, 33.346111111111114, 32.8736111111111, 33.05361111111111, 33.211388888888884, 33.12666666666666, 32.18416666666667, 31.99055555555556, 31.916388888888882, 31.69416666666668, 31.52388888888888, 31.637777777777785, 31.636111111111106, 32.16999999999999, 33.5363888888889, 33.549166666666665, 33.26805555555555, 33.45111111111112, 33.932500000000005, 33.6636111111111, 33.32111111111111, 33.85583333333334, 34.15916666666666, 33.627777777777766, 34.15694444444445, 33.16138888888887, 33.028888888888886, 32.893055555555556, 32.71611111111111, 32.78222222222222, 32.618611111111115, 32.46861111111111, 32.3175, 31.94055555555556, 31.723333333333333, 31.838888888888903, 31.857222222222227, 32.41638888888889, 33.25222222222223, 33.76000000000001, 34.20472222222222, 33.54805555555556, 33.192499999999995, 33.041944444444454, 32.7438888888889, 32.42527777777778, 32.487222222222215, 32.57027777777777, 32.73333333333334, 33.19833333333334, 32.96333333333333, 32.380833333333335, 32.15972222222222, 31.956111111111113, 32.103333333333325, 32.66833333333334, 33.094722222222224, 32.85416666666666, 32.58138888888888, 32.2436111111111, 32.06444444444444, 32.195833333333354, 32.87833333333334, 33.198055555555555, 32.56527777777778, 32.33, 32.393333333333345, 32.7486111111111, 32.20083333333334, 32.24416666666668, 32.7575], "Right_Temps": [34.7713888888889, 33.51555555555555, 33.44666666666667, 33.05555555555555, 33.22722222222224, 32.881666666666675, 32.29194444444445, 32.605000000000004, 32.82666666666666, 34.02333333333333, 33.22083333333333, 33.037222222222226, 32.82694444444444, 32.99638888888889, 33.87472222222222, 31.566111111111113, 32.385555555555555, 33.11083333333333, 33.53027777777777, 33.646666666666675, 33.01166666666666, 33.39027777777778, 34.47277777777779, 34.86361111111111, 33.816111111111105, 32.89333333333334, 33.723333333333336, 33.35611111111111, 33.371388888888895, 33.951388888888886, 34.19249999999999, 33.62166666666666, 33.46111111111111, 32.69055555555556, 33.2675, 33.558333333333344, 32.74833333333333, 33.51666666666667, 33.18416666666668, 34.020277777777764, 33.026944444444446, 33.05972222222223, 33.37944444444444, 33.802499999999995, 33.03055555555555, 33.451666666666675, 33.06444444444443, 33.46611111111113, 34.48083333333332, 33.42111111111111, 33.74972222222222, 32.82138888888889, 32.42083333333333, 32.549166666666665, 32.84250000000001, 33.21166666666667, 33.29833333333333, 32.677499999999995, 32.98722222222222, 33.4361111111111, 33.05444444444444, 33.58416666666667, 33.938055555555565, 34.25944444444444, 33.70250000000001, 33.93777777777778, 33.08583333333333, 33.32222222222222, 34.26027777777778, 33.45638888888888, 32.91722222222222, 33.086666666666666, 32.21111111111112, 32.48444444444445, 32.84361111111111, 33.18722222222223, 33.068611111111096, 33.452222222222225, 33.42527777777778, 34.01583333333334, 33.665, 32.80361111111111, 33.155833333333334, 33.94888888888889, 33.15555555555556, 32.990833333333335, 32.760555555555555, 33.28888888888887, 33.39416666666666, 33.10805555555555, 34.041111111111114, 33.97444444444444, 33.573055555555555, 33.141666666666666, 33.32472222222223, 33.112222222222236]}