{"ID": 282, "Surgery": 0, "Body_Temp": 35.6, "Cancer": 1, "Left_Temps": [33.098611111111126, 31.778611111111104, 31.399444444444434, 31.37194444444444, 31.785, 32.28527777777777, 32.73638888888889, 33.37833333333332, 34.373888888888885, 34.60555555555555, 33.69138888888889, 33.699999999999996, 33.345833333333346, 34.12777777777777, 33.75916666666668, 33.348055555555554, 34.16833333333333, 34.7963888888889, 34.181111111111115, 34.05722222222224, 33.36944444444445, 32.33333333333333, 32.41388888888888, 32.41833333333334, 32.14583333333333, 32.14527777777778, 32.29166666666666, 32.30361111111112, 32.78444444444444, 32.83555555555556, 32.92583333333333, 31.609722222222224, 31.230000000000004, 31.8111111111111, 32.17722222222223, 32.645833333333336, 32.459166666666675, 33.1775, 34.1838888888889, 34.85166666666667, 33.40444444444444, 33.42805555555556, 33.503611111111105, 34.78861111111111, 35.10277777777778, 33.68916666666669, 33.77222222222223, 32.88555555555555, 33.05638888888889, 32.502500000000005, 32.50027777777777, 32.639166666666675, 32.35166666666666, 33.32388888888889, 32.138888888888886, 31.759166666666665, 31.44583333333334, 31.789166666666674, 32.97527777777776, 33.173333333333325, 33.32805555555556, 34.11555555555556, 33.72055555555555, 34.25361111111111, 33.62666666666667, 33.7611111111111, 33.78972222222222, 32.9686111111111, 33.35138888888889, 33.297777777777775, 33.15888888888889, 33.441666666666684, 33.41083333333333, 33.778333333333336, 31.96444444444444, 32.107777777777784, 33.215, 32.70416666666668, 33.77027777777777, 33.41499999999999, 33.319722222222225, 33.39444444444445, 33.04083333333333, 34.21833333333333, 32.56611111111112, 33.148611111111116, 34.03083333333333, 32.989166666666655, 33.287222222222226, 33.21083333333333, 33.45527777777779, 33.13166666666667, 34.00388888888889, 34.045555555555566, 33.96277777777778, 34.069999999999986], "Right_Temps": [33.06500000000001, 32.29305555555556, 32.25722222222221, 32.43805555555555, 33.37666666666665, 32.461944444444434, 32.20666666666667, 32.68527777777778, 33.64500000000001, 33.194722222222225, 32.64944444444445, 32.30833333333333, 32.26, 32.15722222222222, 32.549722222222215, 31.78722222222222, 32.05888888888889, 32.355000000000004, 33.3063888888889, 32.84722222222222, 32.85833333333332, 31.69027777777778, 32.345277777777774, 33.47861111111111, 34.5113888888889, 34.17611111111112, 33.57777777777778, 34.73694444444445, 33.737222222222215, 33.55861111111112, 33.209722222222226, 32.410000000000004, 31.991388888888896, 32.087222222222216, 32.781944444444456, 32.88916666666667, 32.43111111111111, 33.28972222222222, 32.71527777777778, 32.62055555555557, 32.353888888888896, 32.95805555555556, 32.89166666666665, 32.36527777777778, 33.2375, 33.260833333333345, 33.4536111111111, 33.217500000000015, 33.39277777777777, 33.041666666666686, 32.82944444444445, 32.30861111111111, 33.118333333333325, 32.32694444444444, 33.3675, 33.033055555555556, 32.336388888888884, 32.4775, 32.902222222222214, 33.034722222222214, 33.10833333333334, 33.49388888888889, 32.74972222222222, 33.029166666666676, 33.34555555555554, 33.73916666666667, 32.66277777777776, 33.311111111111096, 33.63166666666668, 34.26972222222223, 34.058333333333316, 33.63, 33.24333333333333, 32.327222222222225, 32.64305555555556, 32.19, 32.40861111111111, 33.35166666666666, 33.21333333333334, 33.31916666666667, 32.92111111111112, 32.58777777777778, 32.761111111111106, 33.56416666666667, 33.61111111111112, 33.331388888888895, 33.31972222222222, 32.6813888888889, 32.645833333333336, 32.979166666666664, 33.16611111111111, 33.072777777777766, 33.466388888888886, 33.56555555555556, 33.093611111111116, 33.05444444444444]}