{"ID": 283, "Surgery": 0, "Body_Temp": 34.3, "Cancer": 1, "Left_Temps": [33.04277777777777, 31.613888888888873, 31.46111111111111, 31.251944444444447, 30.756111111111117, 30.966388888888883, 30.913888888888884, 31.074444444444445, 32.48444444444444, 32.185277777777785, 32.013333333333335, 32.559999999999995, 32.051944444444445, 32.04388888888888, 33.36527777777778, 33.121944444444445, 32.269444444444446, 33.825, 34.287777777777784, 30.92055555555556, 30.79194444444444, 31.48694444444445, 31.34222222222222, 31.11888888888889, 30.61805555555556, 30.418333333333333, 31.641111111111115, 33.03111111111111, 31.62611111111111, 32.59, 33.104166666666664, 31.500555555555554, 30.81333333333332, 31.23805555555556, 30.63583333333333, 31.44305555555555, 31.15611111111111, 32.18416666666667, 32.94361111111112, 32.698888888888895, 32.4425, 31.926666666666662, 33.06916666666667, 32.32, 33.00805555555556, 33.084444444444436, 33.23444444444444, 31.985555555555557, 30.111111111111118, 29.83055555555556, 29.94166666666667, 30.30833333333333, 30.987222222222222, 31.307777777777776, 30.923333333333332, 31.65694444444445, 30.487499999999997, 30.65361111111111, 30.39000000000001, 30.743333333333332, 32.277777777777786, 32.283333333333324, 32.25750000000001, 32.59583333333333, 32.74277777777777, 33.83833333333333, 32.8361111111111, 31.713333333333324, 31.61527777777778, 30.849166666666665, 30.422777777777778, 31.411388888888887, 30.57194444444444, 30.08888888888889, 30.25083333333334, 30.040555555555542, 30.184166666666663, 30.704444444444434, 32.29861111111111, 32.14305555555555, 33.24027777777778, 33.202500000000015, 30.799444444444436, 32.873888888888885, 32.02388888888889, 31.20222222222223, 31.38055555555555, 30.006666666666668, 30.05833333333333, 30.49972222222222, 31.231944444444448, 31.75444444444444, 31.772222222222233, 31.44555555555556, 30.650833333333335, 30.693333333333335], "Right_Temps": [32.15944444444444, 31.211666666666677, 31.31527777777778, 31.529166666666658, 31.29416666666666, 30.943333333333335, 32.24083333333334, 31.757777777777783, 31.460555555555555, 30.93333333333333, 31.237777777777776, 31.045555555555552, 32.032500000000006, 32.01805555555555, 31.905277777777787, 32.50500000000001, 31.668611111111108, 33.787499999999994, 32.426388888888894, 31.792222222222236, 31.866388888888878, 31.586666666666662, 31.876111111111115, 32.02055555555555, 32.38138888888889, 32.42444444444445, 32.35472222222223, 31.86805555555555, 31.803333333333335, 31.92, 32.25222222222222, 30.96388888888889, 31.253888888888884, 31.18861111111111, 31.272777777777783, 32.36666666666667, 32.64527777777777, 32.21583333333333, 31.575555555555557, 31.068333333333328, 31.804166666666674, 31.897222222222222, 32.452222222222225, 32.34305555555556, 33.57833333333334, 31.618888888888893, 32.39083333333333, 32.8025, 32.766944444444434, 32.150000000000006, 31.876666666666672, 32.12527777777778, 32.10888888888888, 31.797777777777778, 30.848333333333326, 30.647222222222222, 30.494999999999997, 31.0425, 31.22888888888889, 31.593888888888884, 32.61472222222222, 32.13500000000001, 32.53777777777779, 31.501944444444437, 31.96944444444445, 32.3175, 32.059444444444445, 31.62611111111111, 32.29361111111112, 31.7313888888889, 31.338333333333328, 31.06638888888889, 31.269999999999996, 32.739444444444445, 30.747777777777774, 30.692222222222217, 31.001666666666672, 32.1275, 32.22361111111112, 31.527222222222218, 32.73055555555556, 31.739166666666662, 32.29222222222221, 31.93083333333334, 30.737777777777776, 31.74805555555557, 32.530833333333334, 32.59722222222223, 31.884722222222226, 31.82666666666667, 31.65638888888889, 31.51472222222223, 32.00388888888888, 31.123333333333328, 32.15472222222222, 32.20249999999999]}