{"ID": 285, "Surgery": 0, "Body_Temp": 33.4, "Cancer": 1, "Left_Temps": [32.27055555555556, 31.545555555555552, 31.63111111111111, 31.219444444444434, 31.33111111111112, 31.570833333333333, 31.808055555555555, 31.38777777777777, 31.860000000000007, 31.693611111111117, 31.67194444444444, 31.499999999999993, 32.46833333333332, 32.63472222222223, 33.18611111111111, 33.35416666666666, 33.56999999999999, 33.509722222222216, 32.80777777777778, 32.60138888888889, 32.816111111111105, 32.798888888888875, 32.56777777777778, 32.319444444444436, 32.215277777777786, 32.60444444444445, 32.56055555555555, 32.72, 32.33444444444445, 31.882500000000007, 31.765555555555547, 31.353333333333335, 31.18472222222222, 31.050277777777776, 31.08944444444444, 31.639999999999993, 31.18861111111111, 31.222222222222236, 31.817499999999995, 31.944166666666675, 32.278055555555554, 32.12805555555556, 32.33277777777779, 33.40555555555556, 33.139166666666675, 32.83555555555555, 32.25444444444444, 32.58916666666667, 32.45944444444444, 32.095000000000006, 32.23055555555557, 32.69694444444443, 32.31722222222223, 32.20611111111111, 31.592222222222233, 31.230833333333326, 31.035555555555547, 31.13194444444445, 31.73638888888889, 31.578888888888894, 30.90194444444444, 31.50444444444444, 31.95472222222223, 32.340833333333336, 31.97222222222223, 32.46944444444444, 32.61972222222222, 32.09333333333333, 32.22555555555556, 32.07749999999999, 32.253055555555555, 31.850277777777777, 32.13888888888889, 31.96166666666666, 31.37888888888889, 31.533333333333328, 32.24083333333333, 31.11138888888889, 30.996666666666677, 31.806388888888893, 32.31583333333334, 32.478888888888875, 32.02138888888889, 32.193888888888885, 32.176944444444445, 30.30444444444444, 31.110000000000014, 31.73972222222222, 31.863333333333326, 31.32888888888888, 31.314444444444437, 31.473611111111122, 31.90805555555555, 31.955555555555563, 31.85027777777778, 32.07472222222222], "Right_Temps": [33.56694444444445, 32.777777777777786, 32.12416666666667, 32.00916666666667, 32.20861111111111, 31.354999999999993, 31.333888888888882, 31.84805555555556, 32.39611111111111, 31.289999999999996, 30.945, 31.20555555555556, 31.374444444444446, 31.671111111111113, 31.76777777777778, 31.992222222222225, 31.52333333333333, 31.349999999999998, 31.557499999999997, 31.913055555555566, 31.8311111111111, 31.969444444444452, 32.04722222222222, 32.142222222222216, 32.308055555555555, 32.586944444444455, 33.70638888888889, 33.847222222222214, 33.40055555555554, 33.29055555555555, 33.3025, 32.75638888888889, 32.011944444444445, 31.785555555555547, 32.239444444444445, 31.793888888888894, 31.53833333333333, 31.64111111111111, 31.678055555555563, 31.231111111111122, 31.321388888888887, 31.210555555555555, 31.168333333333337, 31.28777777777777, 31.122222222222224, 31.609722222222217, 32.265, 31.717777777777787, 31.803055555555552, 32.000833333333325, 32.28138888888889, 32.49527777777777, 32.69222222222223, 32.51861111111111, 32.69555555555556, 32.69194444444444, 32.15166666666667, 31.81972222222222, 32.50833333333334, 32.055555555555564, 31.54111111111111, 31.474166666666672, 31.703055555555554, 31.23388888888889, 31.346388888888896, 31.220555555555563, 32.123888888888885, 32.7011111111111, 31.567222222222213, 31.719166666666677, 32.09750000000001, 32.603055555555564, 32.6261111111111, 32.862777777777765, 32.37527777777778, 31.89944444444445, 32.28611111111112, 32.19055555555556, 31.57249999999999, 31.51027777777778, 31.655555555555548, 32.24888888888889, 33.048055555555564, 31.563611111111104, 31.74694444444444, 32.45388888888889, 31.145, 32.347777777777786, 32.279444444444444, 32.609722222222224, 32.19083333333332, 32.11472222222224, 32.57694444444444, 31.829722222222227, 32.03444444444444, 32.32472222222222]}