{"ID": 286, "Surgery": 0, "Body_Temp": 36.5, "Cancer": 1, "Left_Temps": [34.41194444444445, 33.233055555555566, 32.85888888888889, 32.99722222222223, 34.04361111111112, 34.39472222222223, 34.849999999999994, 34.440277777777766, 34.46444444444445, 34.1813888888889, 33.78583333333333, 33.06666666666666, 32.74583333333332, 32.82111111111111, 31.727222222222224, 32.12583333333334, 32.57388888888889, 32.76194444444445, 32.962500000000006, 32.83138888888888, 32.49611111111111, 32.69944444444444, 31.99305555555556, 32.516944444444455, 32.82499999999999, 33.94361111111111, 34.51916666666667, 34.75888888888889, 34.86055555555556, 34.929722222222225, 34.67638888888889, 33.30833333333332, 33.14277777777777, 32.82055555555556, 33.51999999999999, 34.70555555555555, 33.982777777777784, 35.19888888888889, 35.208333333333336, 34.168055555555554, 33.492222222222225, 33.264999999999986, 33.97472222222222, 32.775, 33.35638888888889, 33.18611111111111, 33.01583333333333, 32.12749999999999, 31.94083333333333, 32.27583333333334, 33.33333333333334, 33.660833333333336, 33.81666666666667, 33.525277777777774, 33.775000000000006, 33.77, 33.047777777777775, 32.61222222222221, 33.11472222222223, 34.9725, 34.194166666666675, 35.376666666666665, 35.61361111111111, 34.21055555555556, 33.482777777777784, 34.07944444444445, 33.22583333333334, 33.201944444444436, 33.10055555555557, 32.40916666666668, 33.46916666666668, 33.55694444444444, 33.68222222222223, 33.09416666666666, 33.61888888888888, 32.71194444444444, 32.803333333333335, 34.62694444444445, 34.81027777777778, 35.194722222222225, 34.99055555555557, 33.708611111111104, 34.76083333333334, 34.649166666666666, 33.793055555555554, 34.04138888888889, 33.88388888888889, 33.17277777777778, 33.599722222222226, 34.86555555555557, 34.50444444444444, 35.318333333333335, 35.07638888888889, 34.44583333333334, 33.910277777777786, 34.438333333333354], "Right_Temps": [34.40694444444444, 32.97916666666666, 32.225833333333334, 32.06055555555555, 32.248333333333335, 32.42638888888889, 33.311388888888885, 32.76944444444443, 32.23500000000001, 32.760555555555555, 33.103333333333325, 32.621388888888895, 32.50805555555555, 32.370833333333344, 31.725277777777777, 30.176944444444448, 31.373055555555556, 32.126111111111115, 32.41583333333333, 31.946944444444448, 31.63944444444445, 31.58805555555554, 31.930555555555575, 33.092222222222226, 32.68277777777776, 32.958888888888886, 35.1636111111111, 34.539722222222224, 34.65555555555556, 34.45444444444444, 34.535000000000004, 32.95194444444445, 32.10694444444445, 31.867500000000007, 32.02666666666666, 32.498888888888885, 33.29166666666666, 32.95666666666666, 32.91222222222221, 33.00416666666667, 33.16833333333333, 33.083611111111104, 33.429722222222225, 32.64611111111112, 32.566944444444445, 32.48972222222223, 32.20027777777778, 31.835277777777776, 31.613333333333344, 32.802499999999995, 33.21083333333334, 32.724722222222226, 32.978055555555564, 32.96111111111111, 32.76027777777778, 32.849166666666676, 31.92611111111111, 31.598611111111115, 31.655833333333337, 32.68972222222222, 33.191944444444445, 33.69527777777779, 32.74611111111111, 33.13583333333334, 33.19555555555556, 32.870555555555555, 32.36083333333333, 32.68638888888889, 32.80666666666666, 31.883888888888887, 32.47888888888889, 32.70527777777777, 32.873333333333335, 32.3786111111111, 32.60833333333333, 32.08055555555555, 31.968055555555548, 32.745277777777765, 32.8936111111111, 33.84777777777778, 34.06222222222223, 33.81861111111112, 34.04638888888889, 34.36805555555557, 31.930833333333332, 30.968888888888884, 33.340277777777786, 32.847500000000004, 32.70388888888888, 33.31305555555556, 33.95305555555556, 33.846666666666664, 32.69083333333333, 32.356388888888894, 33.27138888888888, 33.39416666666667]}