{"ID": 287, "Surgery": 0, "Body_Temp": 36.3, "Cancer": 1, "Left_Temps": [34.94444444444445, 31.894722222222224, 30.50305555555555, 30.09500000000001, 30.494722222222222, 32.34083333333333, 32.55805555555556, 32.888888888888886, 32.75638888888888, 32.260555555555555, 32.04555555555556, 32.38444444444445, 33.36, 34.268055555555556, 34.29472222222222, 33.59249999999999, 33.570833333333354, 33.66472222222223, 33.600833333333334, 33.83, 32.712777777777795, 33.08027777777777, 31.766388888888894, 31.338055555555563, 31.884722222222226, 32.486666666666665, 34.3275, 35.01638888888888, 34.75027777777777, 34.79194444444444, 35.326388888888886, 32.13666666666667, 30.640833333333337, 29.912222222222212, 30.345277777777774, 31.87416666666666, 32.84777777777778, 32.80277777777778, 32.41749999999999, 32.29388888888888, 32.60749999999999, 32.72916666666666, 33.264166666666654, 33.76083333333332, 33.58472222222221, 34.13722222222222, 33.76166666666668, 32.712222222222216, 31.59083333333334, 30.765833333333333, 31.470833333333328, 32.162222222222226, 32.93472222222223, 32.53611111111112, 32.930000000000014, 33.07194444444445, 31.758888888888894, 30.34055555555556, 30.50111111111111, 32.601111111111116, 32.707222222222214, 32.17305555555556, 32.93944444444444, 32.2388888888889, 32.493333333333325, 33.277777777777786, 32.9725, 33.15777777777778, 31.780000000000005, 31.05944444444444, 31.454166666666666, 31.510833333333338, 31.811388888888878, 30.898888888888887, 31.10833333333333, 30.482777777777788, 30.529722222222226, 31.564722222222226, 32.284722222222214, 32.157222222222224, 32.283611111111114, 32.279722222222226, 31.992500000000007, 31.13416666666666, 30.716111111111104, 30.989166666666662, 31.251944444444444, 30.37583333333334, 30.503611111111102, 31.245555555555555, 31.92055555555556, 32.25083333333333, 31.70027777777777, 30.95361111111111, 30.710555555555572, 31.112499999999997], "Right_Temps": [35.134722222222216, 33.70194444444444, 32.72138888888889, 31.94249999999999, 31.796111111111106, 32.290833333333346, 32.25583333333332, 33.01694444444444, 32.46388888888888, 32.15166666666668, 31.59805555555556, 31.495000000000005, 33.93583333333335, 32.42222222222222, 31.82277777777778, 30.826666666666668, 30.913611111111113, 31.86055555555555, 32.10805555555556, 31.3361111111111, 30.40972222222222, 30.195833333333333, 30.745833333333337, 30.951944444444443, 31.48777777777779, 33.162222222222226, 34.37027777777777, 33.739444444444445, 33.6538888888889, 34.319722222222225, 34.434999999999995, 34.307500000000005, 32.61222222222222, 31.87805555555556, 31.939166666666672, 32.397777777777776, 32.59916666666667, 32.732777777777784, 33.18416666666666, 31.96472222222223, 31.86500000000001, 33.257777777777775, 32.389722222222225, 31.556666666666665, 32.15138888888889, 32.68111111111111, 32.94416666666667, 30.675555555555555, 30.964444444444446, 31.334166666666672, 31.51000000000001, 32.790833333333346, 32.538333333333334, 31.970833333333342, 32.89166666666665, 34.09972222222222, 32.673888888888875, 31.493333333333325, 32.80499999999999, 31.98388888888889, 32.752500000000005, 32.60388888888888, 32.19972222222222, 31.782499999999995, 32.473888888888894, 32.244722222222215, 33.10944444444445, 32.729166666666664, 31.120833333333337, 32.082777777777785, 31.58555555555556, 32.11138888888888, 31.823611111111113, 32.37666666666668, 33.17305555555556, 32.15416666666667, 31.60305555555555, 32.318333333333335, 32.22555555555555, 32.42666666666666, 31.933611111111116, 33.585, 32.71722222222222, 31.84194444444445, 32.26166666666668, 32.01611111111112, 32.321944444444426, 31.78805555555556, 32.21194444444445, 32.347777777777786, 32.3275, 32.06472222222223, 31.85722222222222, 31.90722222222223, 32.409444444444446, 32.32333333333334]}