{"ID": 30, "Surgery": 0, "Body_Temp": 35.4, "Cancer": 0, "Left_Temps": [33.05861111111111, 32.33583333333334, 31.224444444444448, 30.599722222222212, 30.688611111111104, 30.868055555555557, 30.584722222222222, 31.617222222222228, 31.68583333333335, 31.900277777777774, 31.82, 31.287222222222226, 31.145, 30.954444444444448, 31.314999999999998, 31.84027777777778, 31.352777777777774, 31.558888888888887, 31.629722222222213, 30.493611111111104, 29.196388888888887, 29.00694444444445, 29.256666666666668, 29.179166666666674, 29.19055555555556, 29.705555555555563, 30.39833333333333, 30.161388888888894, 30.573055555555545, 31.58277777777778, 32.99916666666667, 31.544722222222227, 31.445555555555554, 31.258888888888894, 30.375833333333333, 30.45611111111112, 30.620833333333337, 31.879166666666663, 31.46944444444446, 31.592222222222215, 31.637222222222224, 31.196388888888887, 31.22250000000001, 31.286944444444448, 31.37138888888888, 31.314166666666658, 30.79861111111111, 29.394166666666663, 29.107222222222227, 29.088333333333335, 29.55555555555556, 30.269444444444453, 30.040833333333335, 29.80222222222222, 29.744166666666672, 31.33777777777778, 30.02416666666666, 30.239722222222227, 30.057500000000005, 30.02694444444444, 30.665555555555557, 32.108333333333334, 31.680833333333325, 31.844444444444452, 31.57972222222222, 31.53611111111111, 31.322499999999998, 30.614166666666662, 29.698611111111113, 29.263611111111118, 29.52861111111111, 29.004722222222224, 28.94444444444444, 31.075277777777778, 30.58611111111111, 29.608333333333334, 29.716666666666665, 29.90305555555556, 30.355833333333333, 30.916111111111107, 31.280833333333337, 31.823611111111113, 30.580833333333334, 29.973333333333333, 29.48916666666667, 29.935277777777785, 30.40361111111112, 30.096944444444446, 29.743888888888883, 30.028055555555554, 30.028333333333325, 30.49027777777778, 30.21861111111111, 29.668055555555554, 29.981388888888887, 29.805555555555543], "Right_Temps": [33.50611111111111, 31.468888888888884, 30.507777777777775, 30.208333333333332, 30.636666666666663, 31.226111111111113, 32.0313888888889, 31.627777777777776, 31.3325, 31.476944444444435, 30.57277777777778, 31.36416666666666, 30.762777777777778, 31.453055555555547, 32.15277777777778, 32.30388888888889, 32.141111111111115, 32.14944444444445, 31.76722222222222, 31.00444444444444, 31.383333333333333, 30.505277777777778, 30.086666666666662, 29.478333333333335, 29.258888888888894, 29.60472222222223, 30.30833333333333, 30.18027777777777, 32.08472222222222, 32.3625, 32.64694444444445, 31.180833333333325, 30.44444444444445, 30.256666666666653, 30.28777777777778, 30.74222222222221, 30.91083333333334, 30.963055555555552, 31.37944444444444, 30.931111111111118, 30.595277777777774, 30.968333333333344, 31.42472222222223, 31.50722222222223, 31.980277777777783, 31.571388888888887, 31.721944444444446, 31.053888888888892, 30.45777777777777, 29.171666666666667, 29.542777777777772, 30.066111111111113, 30.16305555555555, 30.24305555555556, 30.322777777777773, 30.39805555555556, 29.92333333333333, 30.245555555555555, 30.616388888888896, 30.65166666666666, 30.51833333333333, 30.380555555555546, 31.14444444444444, 30.975277777777762, 31.49750000000001, 32.0725, 31.114166666666662, 30.444166666666675, 29.914444444444452, 29.046388888888885, 29.359722222222224, 28.40694444444444, 30.28944444444444, 30.102777777777774, 29.686388888888885, 29.799999999999997, 30.00666666666666, 30.224999999999998, 29.8636111111111, 30.34694444444445, 30.446388888888894, 30.61444444444444, 29.949166666666674, 29.734444444444446, 29.040277777777774, 29.886111111111113, 30.116111111111106, 29.50055555555555, 29.497222222222224, 29.62472222222222, 29.767222222222227, 30.45916666666666, 30.4463888888889, 29.60027777777778, 29.620277777777783, 29.465833333333347]}