{"ID": 32, "Surgery": 0, "Body_Temp": 34.7, "Cancer": 0, "Left_Temps": [33.912222222222226, 32.10305555555555, 31.018333333333334, 30.832499999999996, 31.201944444444432, 30.74277777777778, 32.01194444444444, 31.192222222222217, 30.85055555555555, 30.932500000000005, 31.15305555555556, 30.453055555555547, 31.90583333333333, 32.294999999999995, 32.00305555555555, 31.147222222222222, 30.772500000000004, 30.390833333333326, 30.48277777777778, 30.386944444444445, 29.7836111111111, 29.2188888888889, 30.22972222222222, 30.09388888888889, 31.184999999999988, 31.35666666666667, 34.53055555555555, 34.15138888888888, 34.13388888888889, 33.96111111111111, 33.96666666666667, 32.34388888888889, 30.800555555555555, 30.100833333333338, 30.85472222222222, 30.89527777777777, 31.423055555555557, 30.93638888888889, 30.569999999999993, 31.49055555555556, 31.445833333333344, 30.543333333333337, 30.669166666666676, 31.095555555555556, 30.541111111111107, 30.98611111111111, 29.831666666666674, 28.98277777777777, 29.458055555555557, 29.42361111111111, 31.29194444444445, 32.718333333333334, 33.259166666666665, 33.110277777777775, 32.73444444444445, 32.77833333333333, 31.59527777777778, 30.43, 30.66666666666667, 30.723611111111104, 31.358611111111106, 30.307222222222222, 30.54777777777777, 30.928611111111106, 31.382222222222214, 30.618888888888893, 30.04055555555555, 29.213888888888885, 29.33694444444445, 29.175555555555547, 29.30444444444444, 30.415555555555557, 32.49583333333333, 31.95444444444444, 31.3613888888889, 30.163333333333348, 30.33916666666666, 31.459999999999994, 31.310277777777774, 30.100833333333338, 30.61833333333334, 29.6875, 29.73166666666667, 30.207499999999996, 29.734722222222224, 28.987777777777783, 31.479722222222236, 31.155555555555573, 31.65638888888889, 30.27444444444445, 30.17138888888889, 30.993055555555557, 29.474444444444437, 29.753611111111102, 30.18999999999999, 30.634999999999998], "Right_Temps": [33.19444444444444, 32.24027777777777, 31.0488888888889, 29.578333333333333, 29.573055555555552, 29.903333333333332, 30.484722222222217, 31.141388888888898, 30.96555555555556, 31.022222222222222, 31.34694444444445, 30.52194444444445, 30.249722222222218, 31.511111111111113, 32.517222222222216, 32.22, 31.57305555555556, 30.994999999999997, 30.772500000000004, 30.29138888888889, 29.41722222222222, 28.8125, 29.404166666666672, 29.17194444444446, 30.3286111111111, 31.413333333333323, 32.05305555555555, 33.141111111111115, 33.15055555555556, 33.323055555555555, 33.31666666666666, 32.04805555555556, 30.651666666666667, 29.290555555555557, 29.049999999999994, 29.586388888888887, 30.398333333333337, 30.734722222222224, 30.782777777777774, 30.9038888888889, 30.55166666666667, 30.510555555555552, 30.755277777777774, 31.76444444444445, 30.705555555555552, 30.439999999999998, 30.42555555555556, 29.16999999999999, 29.296111111111106, 30.064444444444447, 30.901944444444446, 31.71805555555555, 31.994999999999997, 31.898888888888887, 32.011388888888895, 31.994166666666658, 30.89583333333334, 29.741388888888896, 28.964444444444446, 29.797500000000014, 30.32333333333333, 30.373888888888896, 31.211388888888898, 30.983055555555552, 30.8675, 30.993333333333325, 30.669166666666666, 30.19166666666667, 29.143888888888885, 29.353611111111107, 29.981388888888887, 31.677777777777774, 31.636111111111113, 30.681944444444444, 30.717777777777776, 29.350277777777777, 28.684166666666663, 29.642777777777773, 30.038333333333323, 30.73944444444444, 31.209999999999997, 30.33750000000001, 29.905277777777776, 28.965555555555554, 29.370555555555555, 30.378611111111113, 30.74888888888889, 29.392500000000002, 28.93361111111111, 30.102499999999996, 30.387777777777778, 30.646666666666665, 29.73472222222223, 29.39694444444445, 29.111111111111104, 29.34777777777777]}