{"ID": 35, "Surgery": 0, "Body_Temp": 35.4, "Cancer": 0, "Left_Temps": [32.86666666666668, 33.146666666666654, 33.474999999999994, 33.51888888888888, 33.46666666666667, 33.355555555555576, 33.16833333333334, 33.13666666666666, 34.201666666666675, 33.55361111111111, 33.395, 33.5975, 33.77055555555555, 33.301388888888894, 33.04083333333333, 33.073333333333316, 32.71555555555555, 32.67583333333334, 32.62666666666667, 32.47388888888889, 31.350833333333338, 31.98694444444445, 31.31638888888889, 31.338888888888878, 31.68722222222223, 31.77027777777778, 32.22416666666667, 31.99722222222223, 32.19416666666667, 32.47555555555556, 32.5413888888889, 32.90972222222223, 33.235, 33.26194444444445, 33.43083333333335, 33.37777777777778, 33.55277777777778, 33.758888888888876, 33.97194444444445, 33.11944444444443, 33.40666666666666, 33.602777777777774, 33.270833333333336, 32.93750000000001, 32.808611111111105, 32.22333333333333, 31.797222222222217, 31.879444444444445, 31.860277777777778, 31.916666666666668, 31.412222222222226, 31.165555555555557, 31.68277777777777, 30.521111111111118, 32.0763888888889, 32.46, 32.02388888888889, 33.48138888888889, 32.88111111111112, 32.824999999999996, 33.07444444444444, 34.20833333333334, 33.221666666666664, 32.98361111111112, 32.713333333333324, 33.34166666666667, 32.15833333333334, 32.1925, 32.20055555555555, 31.46944444444445, 31.632777777777775, 32.126666666666665, 31.153333333333347, 31.73916666666667, 31.169722222222234, 31.765000000000004, 32.00055555555556, 32.52694444444444, 33.22999999999999, 32.92805555555555, 32.66083333333333, 32.41583333333333, 32.388888888888886, 31.995277777777783, 31.863888888888887, 31.624999999999993, 31.364444444444448, 30.85555555555556, 31.121666666666663, 32.066111111111105, 32.36888888888889, 33.151666666666664, 32.50305555555556, 31.612499999999997, 30.99722222222222, 31.365833333333324], "Right_Temps": [32.53472222222222, 32.07027777777778, 31.854722222222236, 32.33416666666667, 32.932222222222215, 33.37000000000001, 33.22805555555556, 32.64611111111111, 32.81999999999999, 32.922777777777775, 33.40305555555554, 33.514166666666675, 33.69333333333333, 34.022222222222226, 32.92611111111111, 32.46777777777779, 32.52222222222223, 32.51861111111111, 31.920277777777788, 32.03333333333333, 31.960833333333344, 32.29027777777779, 32.153611111111125, 31.79444444444444, 31.48583333333334, 31.929444444444453, 32.480000000000004, 32.83444444444444, 31.88388888888888, 31.518888888888892, 31.939166666666672, 32.14444444444444, 31.602499999999996, 31.689722222222215, 32.49638888888889, 33.50416666666667, 32.836944444444455, 32.22138888888889, 32.30444444444444, 32.92666666666666, 33.42083333333334, 33.81388888888889, 34.01249999999999, 33.36583333333334, 33.02111111111111, 32.492777777777775, 32.33388888888888, 31.936944444444446, 31.747222222222224, 31.217777777777776, 31.06527777777778, 31.706388888888892, 31.736111111111118, 32.0236111111111, 30.88333333333334, 31.219999999999988, 31.689166666666665, 31.71805555555555, 32.41861111111112, 33.610277777777775, 32.3713888888889, 32.23, 32.3425, 33.059444444444445, 33.521388888888886, 34.034166666666664, 33.233055555555545, 32.483333333333334, 32.8425, 32.27972222222222, 31.826388888888896, 32.031666666666666, 31.078333333333337, 31.440277777777787, 31.191111111111102, 31.613333333333337, 32.32222222222222, 32.48444444444444, 32.07416666666666, 32.2125, 32.71055555555556, 32.31166666666667, 31.84666666666666, 31.769722222222217, 32.37916666666666, 31.671111111111113, 31.313888888888894, 31.346111111111114, 32.28055555555555, 32.07694444444444, 31.827222222222215, 32.27194444444444, 31.85722222222222, 31.593611111111116, 31.637500000000006, 31.44194444444444]}