{"ID": 37, "Surgery": 0, "Body_Temp": 35.9, "Cancer": 0, "Left_Temps": [34.876666666666665, 33.29583333333333, 31.616666666666667, 31.018055555555552, 31.968611111111116, 31.74277777777778, 31.31555555555556, 33.35805555555555, 32.47583333333333, 33.034166666666664, 31.39, 31.531666666666656, 31.386944444444445, 31.38527777777778, 31.46111111111111, 31.619444444444436, 32.012777777777785, 31.90499999999999, 31.878611111111113, 30.23305555555556, 29.141388888888887, 28.89333333333334, 29.49305555555556, 29.639722222222215, 29.929722222222228, 29.548055555555557, 29.321666666666665, 31.359166666666667, 31.292777777777776, 31.80305555555556, 33.16777777777778, 32.013888888888886, 32.13527777777778, 30.956111111111106, 31.65361111111111, 31.883888888888894, 31.573888888888884, 32.92222222222223, 31.862500000000004, 31.800000000000004, 31.443333333333335, 31.436666666666675, 31.81055555555554, 32.39027777777777, 31.504722222222224, 31.679722222222217, 30.64277777777778, 29.126666666666658, 28.759999999999998, 30.015, 27.926944444444445, 29.378888888888884, 29.26722222222222, 29.183611111111116, 29.445833333333326, 30.895555555555557, 31.938888888888894, 31.356111111111122, 31.083888888888882, 31.684166666666663, 33.12305555555556, 32.49305555555554, 31.359166666666674, 31.501388888888894, 32.804166666666674, 32.191388888888895, 31.427777777777774, 29.861944444444443, 28.90027777777778, 29.41944444444444, 31.088333333333342, 30.302499999999995, 29.236944444444443, 29.070277777777775, 29.58694444444444, 30.761388888888884, 31.505277777777785, 31.287499999999998, 33.105555555555554, 31.649722222222223, 31.558888888888887, 31.957222222222224, 30.609444444444446, 29.93666666666666, 30.32444444444444, 30.420833333333334, 29.484166666666656, 29.69250000000001, 31.075277777777785, 31.74583333333333, 31.1325, 30.835833333333326, 31.338888888888885, 31.745833333333337, 30.255277777777767, 31.51027777777778], "Right_Temps": [33.49194444444445, 31.122500000000002, 30.751944444444447, 31.120277777777776, 30.979722222222215, 31.105555555555554, 31.68055555555556, 32.12722222222221, 32.03722222222222, 32.725, 30.611111111111104, 32.77916666666667, 32.13138888888889, 31.393888888888895, 30.716666666666665, 30.33694444444445, 30.97305555555556, 31.07277777777778, 31.24722222222222, 31.321944444444448, 31.988055555555555, 30.261666666666674, 30.54416666666667, 29.25277777777778, 30.45805555555555, 30.76666666666667, 30.95722222222221, 33.50138888888889, 33.538333333333334, 33.3975, 33.57944444444444, 31.532500000000002, 31.078611111111123, 32.01861111111111, 31.456944444444453, 31.103888888888882, 31.695555555555554, 31.91694444444444, 32.43194444444444, 31.3325, 31.335833333333337, 31.428333333333327, 31.5013888888889, 30.928333333333327, 31.394444444444446, 31.63194444444444, 31.835277777777776, 31.55861111111112, 29.982222222222227, 29.277500000000014, 30.50305555555556, 31.303611111111113, 31.470000000000002, 30.645, 30.610555555555557, 31.050833333333337, 30.292500000000004, 30.484444444444446, 31.76083333333333, 31.710000000000004, 32.87500000000001, 31.854444444444443, 31.606944444444437, 31.44861111111112, 31.702499999999993, 31.21083333333332, 32.61833333333333, 31.796111111111113, 31.512500000000003, 30.438888888888886, 29.619722222222226, 30.532222222222217, 29.770555555555557, 29.656944444444452, 31.54305555555556, 30.580555555555552, 31.13833333333334, 31.76027777777778, 32.19388888888889, 32.08611111111112, 31.691944444444445, 32.250277777777775, 31.309722222222206, 31.181388888888883, 30.990833333333327, 31.490833333333335, 29.67249999999999, 30.12888888888889, 31.252500000000005, 31.694722222222214, 31.866111111111106, 31.248888888888896, 30.97388888888888, 32.35222222222223, 30.886111111111113, 32.31222222222222]}