{"ID": 38, "Surgery": 0, "Body_Temp": 36.2, "Cancer": 0, "Left_Temps": [34.10833333333334, 31.175000000000004, 30.218888888888884, 30.02444444444445, 30.004444444444445, 30.304722222222228, 31.030000000000005, 31.71250000000001, 32.75611111111112, 33.086944444444434, 32.44750000000001, 32.416388888888896, 32.75916666666666, 32.955555555555556, 32.9425, 32.815, 32.661666666666676, 32.955277777777766, 32.48250000000001, 31.15888888888888, 30.608055555555545, 30.2575, 30.017777777777766, 29.917777777777783, 29.973888888888887, 30.349999999999998, 30.659444444444446, 30.886666666666674, 29.415000000000003, 32.35444444444445, 33.24361111111111, 31.1325, 30.352222222222217, 30.021666666666672, 29.884166666666673, 30.154999999999998, 30.975277777777777, 31.673055555555564, 32.38638888888889, 32.99888888888889, 32.86972222222224, 33.19166666666667, 33.32805555555556, 33.212777777777774, 33.13527777777779, 32.139166666666675, 30.89055555555556, 30.769722222222224, 30.586666666666662, 30.318055555555556, 30.10027777777778, 30.095833333333328, 30.478611111111118, 29.425555555555547, 30.669444444444448, 30.640277777777783, 30.36, 30.220833333333335, 29.948055555555552, 30.49944444444445, 31.484999999999996, 31.406111111111116, 33.147777777777776, 33.794444444444444, 32.9025, 32.84916666666666, 31.996388888888887, 30.863888888888894, 30.439444444444444, 30.30222222222223, 30.220833333333328, 29.972499999999993, 29.74277777777778, 29.27472222222222, 30.966944444444444, 30.390277777777783, 30.245277777777776, 30.81861111111111, 31.674999999999997, 32.13722222222222, 33.158611111111114, 31.831111111111113, 30.96277777777778, 30.385555555555566, 30.313333333333325, 30.816388888888884, 29.567222222222217, 29.831944444444453, 30.60249999999999, 31.798055555555564, 30.60194444444444, 32.0975, 30.462222222222223, 30.121666666666663, 30.572777777777773, 30.391666666666666], "Right_Temps": [34.44638888888889, 32.65972222222223, 31.0961111111111, 30.95194444444445, 31.42805555555556, 31.496666666666677, 31.841666666666665, 31.70777777777778, 31.586944444444434, 31.655833333333337, 32.24444444444444, 32.65166666666667, 32.62583333333334, 32.606944444444444, 32.07111111111111, 31.395000000000007, 31.640555555555554, 31.05416666666666, 30.74777777777778, 30.28388888888889, 30.651944444444446, 30.27500000000001, 30.20416666666667, 30.397222222222222, 30.570277777777772, 30.09444444444444, 31.298333333333332, 30.565277777777776, 30.260555555555552, 32.270833333333336, 33.472500000000004, 31.393333333333334, 30.394999999999996, 30.203611111111115, 31.667500000000004, 31.704722222222212, 31.485555555555564, 31.230833333333333, 32.593055555555544, 31.67111111111112, 32.71972222222222, 32.515000000000015, 32.43611111111112, 32.055277777777775, 31.63916666666667, 31.006666666666668, 30.591388888888886, 30.925833333333337, 30.33888888888889, 30.3286111111111, 30.725277777777777, 30.86611111111112, 30.14805555555556, 30.35861111111112, 30.442222222222213, 31.120555555555548, 30.223333333333333, 30.044166666666666, 31.69250000000001, 31.10305555555555, 31.05583333333334, 32.090277777777786, 32.269722222222214, 32.10194444444445, 32.046388888888885, 31.921666666666667, 31.578888888888894, 30.863611111111116, 30.85361111111111, 30.395833333333332, 30.467222222222226, 31.133611111111115, 31.75944444444444, 31.445555555555554, 30.504999999999995, 30.382777777777765, 31.497777777777774, 32.03694444444444, 30.78138888888889, 31.635277777777773, 32.05833333333334, 31.986944444444443, 30.954166666666676, 30.89944444444444, 30.466388888888893, 30.577777777777776, 30.34638888888888, 31.3361111111111, 30.757222222222214, 31.079444444444448, 31.022777777777783, 31.28388888888889, 31.00416666666667, 30.58249999999999, 30.760555555555552, 30.668333333333337]}