{"ID": 4, "Surgery": 0, "Body_Temp": 35.7, "Cancer": 0, "Left_Temps": [30.91361111111112, 29.199722222222217, 28.75055555555556, 29.12527777777777, 29.364722222222227, 29.78055555555555, 29.613055555555555, 29.881944444444443, 30.01805555555556, 30.563888888888886, 30.86694444444444, 30.576666666666654, 30.356111111111108, 30.040277777777785, 30.084166666666672, 30.04166666666667, 31.036388888888887, 30.45888888888889, 30.095277777777774, 29.080000000000002, 28.25944444444445, 27.967499999999994, 27.706666666666667, 28.151944444444446, 27.787777777777762, 27.82333333333333, 28.603055555555564, 31.166944444444443, 31.516388888888887, 31.0861111111111, 31.043888888888887, 28.63000000000001, 27.967777777777783, 28.218611111111112, 28.698333333333338, 29.220833333333328, 29.292222222222208, 29.353055555555557, 29.923611111111104, 30.242222222222228, 30.960555555555555, 30.598333333333326, 30.72916666666667, 30.699166666666674, 30.16944444444444, 29.842500000000005, 29.352777777777778, 28.455555555555552, 27.927777777777777, 28.340833333333332, 28.546111111111106, 28.450277777777778, 28.03527777777778, 29.02805555555556, 29.416111111111107, 28.70083333333333, 27.891666666666662, 27.81222222222223, 28.309444444444434, 28.827777777777783, 29.096944444444446, 29.399722222222223, 29.838611111111113, 30.380555555555564, 30.30444444444444, 30.077777777777776, 29.597499999999993, 29.433333333333337, 28.483333333333334, 28.43472222222222, 29.629722222222224, 29.001388888888886, 28.36277777777778, 28.315277777777773, 28.2475, 27.82472222222222, 28.07138888888889, 28.702222222222222, 29.003888888888884, 29.323611111111113, 29.92138888888889, 29.920555555555566, 29.48277777777778, 28.99305555555555, 29.01027777777778, 28.86694444444444, 28.25027777777778, 28.054722222222225, 28.165000000000003, 28.532500000000002, 28.921666666666667, 29.38666666666667, 29.02361111111111, 28.969999999999988, 28.629444444444445, 28.633333333333326], "Right_Temps": [31.488888888888887, 30.041666666666668, 29.205555555555552, 29.90888888888889, 30.478333333333335, 30.60472222222223, 30.000833333333325, 29.875, 30.816388888888884, 31.06166666666666, 30.420555555555566, 30.429166666666674, 30.796944444444446, 30.538888888888884, 30.616111111111106, 29.94083333333333, 30.565555555555548, 29.887777777777785, 28.88000000000001, 28.346111111111114, 27.721666666666668, 28.28250000000001, 27.368333333333343, 27.143888888888878, 27.330833333333334, 27.787222222222216, 28.449722222222217, 28.75388888888889, 30.9838888888889, 31.271111111111104, 31.536111111111104, 29.494166666666672, 28.729722222222215, 28.827222222222222, 29.533611111111114, 29.985555555555543, 29.706944444444446, 29.67194444444444, 30.235555555555564, 30.264999999999993, 30.023055555555555, 29.962222222222223, 30.284722222222214, 30.210000000000004, 29.252500000000005, 28.804166666666667, 28.207222222222224, 27.725277777777773, 27.401666666666678, 27.35027777777779, 28.021111111111107, 28.126388888888883, 28.1825, 29.68138888888889, 29.33972222222222, 29.256666666666668, 28.304999999999996, 28.34583333333334, 28.810833333333328, 29.56527777777778, 29.561944444444446, 29.452222222222222, 30.062777777777782, 30.355555555555554, 30.26833333333333, 29.39361111111112, 28.581388888888892, 28.261388888888888, 28.140833333333333, 28.876944444444447, 29.285000000000007, 29.268611111111106, 28.75694444444445, 28.55861111111111, 28.242222222222225, 27.978055555555546, 28.441111111111113, 29.077500000000004, 28.986944444444443, 29.133611111111108, 29.516111111111115, 29.058055555555555, 28.443055555555546, 28.569444444444443, 26.69805555555556, 28.675277777777783, 28.139166666666668, 27.937777777777775, 27.988888888888884, 28.54444444444444, 28.58777777777778, 28.672777777777778, 28.584722222222233, 28.8788888888889, 28.373611111111114, 28.46805555555556]}