{"ID": 40, "Surgery": 0, "Body_Temp": 35.7, "Cancer": 0, "Left_Temps": [33.75138888888889, 31.630000000000003, 30.4686111111111, 30.438333333333333, 31.000833333333333, 31.644166666666663, 30.95861111111111, 31.79111111111111, 31.40611111111111, 31.025277777777774, 30.49777777777778, 30.22583333333334, 30.81972222222222, 31.825277777777778, 31.543611111111115, 30.710833333333337, 30.96888888888889, 31.97472222222222, 31.205833333333334, 30.664722222222217, 30.303888888888892, 29.445555555555554, 29.11527777777778, 30.178333333333335, 31.08722222222223, 31.605555555555554, 32.98222222222223, 32.992777777777775, 33.06472222222222, 33.077777777777776, 33.57388888888889, 30.778888888888883, 30.034166666666675, 30.429722222222228, 31.18333333333333, 31.5075, 31.44388888888889, 32.417222222222236, 31.30694444444443, 30.681666666666665, 30.633333333333344, 30.435833333333328, 31.506111111111107, 32.32472222222222, 31.33666666666666, 31.844722222222217, 30.885277777777773, 29.690555555555566, 29.506111111111107, 29.248611111111117, 31.031388888888905, 32.06444444444445, 30.834722222222222, 30.592499999999998, 31.146111111111118, 30.998333333333335, 29.882777777777772, 30.067777777777778, 31.51722222222223, 31.057222222222226, 31.83888888888889, 32.605000000000004, 31.276944444444446, 30.58444444444445, 30.396944444444436, 30.946666666666673, 30.73888888888888, 30.338333333333335, 29.422222222222217, 29.189999999999998, 29.38472222222222, 30.94527777777779, 29.89527777777778, 30.14972222222222, 30.650555555555556, 30.94194444444444, 31.637777777777785, 31.178611111111106, 32.079444444444434, 32.486111111111114, 31.09305555555556, 30.18055555555556, 30.293333333333326, 29.69749999999999, 29.32333333333333, 31.501388888888894, 30.590277777777786, 30.668611111111108, 31.63583333333334, 31.634444444444448, 31.276666666666674, 31.384444444444455, 31.209722222222226, 32.331111111111106, 31.86777777777777, 31.475833333333338], "Right_Temps": [34.017777777777766, 30.712222222222213, 29.882777777777775, 29.98833333333333, 30.66361111111111, 30.54499999999999, 30.821944444444448, 31.031388888888884, 30.855, 30.81555555555555, 30.77333333333333, 30.873055555555556, 30.82222222222222, 31.77833333333334, 31.131666666666653, 30.25444444444444, 31.09861111111111, 31.351666666666663, 31.26833333333333, 30.950000000000003, 29.50611111111111, 28.745000000000005, 28.62333333333332, 29.37805555555556, 30.39638888888889, 30.750555555555554, 32.84638888888889, 32.62333333333333, 32.74249999999999, 32.88138888888889, 33.35416666666668, 30.582222222222224, 29.491388888888892, 29.54555555555556, 30.267500000000002, 30.77138888888889, 31.168611111111115, 31.08777777777778, 31.18, 31.16805555555556, 31.316944444444445, 31.325833333333335, 31.65638888888888, 31.763055555555557, 31.575833333333335, 31.404166666666665, 29.975277777777777, 29.279999999999998, 29.007499999999993, 29.077777777777783, 29.126111111111104, 30.78444444444444, 30.31694444444444, 29.76194444444444, 30.269166666666663, 30.41222222222222, 29.299722222222215, 29.297499999999996, 30.059166666666663, 31.18194444444445, 31.161388888888894, 31.097777777777782, 31.07888888888888, 31.344444444444434, 31.32416666666667, 31.66, 30.98527777777777, 30.189444444444437, 29.764722222222215, 29.2225, 30.028333333333332, 29.64944444444444, 29.172777777777778, 28.904999999999998, 29.040833333333328, 29.49388888888889, 30.07638888888889, 30.49305555555555, 31.275833333333328, 30.935000000000002, 31.319166666666653, 31.12083333333333, 31.584444444444443, 30.321944444444448, 29.899999999999995, 29.606111111111115, 28.865000000000002, 28.831666666666674, 29.311111111111117, 30.18361111111111, 31.45777777777777, 30.910833333333343, 30.801944444444448, 30.290277777777785, 29.24777777777778, 30.45916666666666]}