{"ID": 41, "Surgery": 0, "Body_Temp": 36.4, "Cancer": 0, "Left_Temps": [30.77694444444444, 29.959722222222233, 29.47861111111111, 29.706111111111113, 30.174166666666665, 30.514722222222215, 30.883055555555554, 30.637777777777785, 30.69138888888889, 31.438888888888883, 31.424166666666665, 31.11361111111111, 30.852777777777778, 30.786111111111104, 32.42166666666668, 32.84194444444446, 32.74416666666666, 31.906944444444452, 31.33666666666667, 31.415000000000003, 31.108333333333334, 32.28861111111112, 31.726111111111113, 31.695555555555547, 31.238055555555555, 31.51777777777778, 32.25611111111111, 29.342777777777783, 29.753611111111113, 29.744444444444436, 30.015277777777776, 29.170277777777773, 29.096944444444446, 29.248333333333342, 29.529166666666658, 29.888055555555557, 30.038888888888877, 30.306111111111118, 31.140833333333333, 31.32416666666667, 31.28611111111111, 30.563055555555543, 30.470833333333328, 32.13138888888889, 31.484166666666667, 30.950000000000003, 30.277499999999993, 29.993333333333332, 30.543611111111108, 30.272222222222208, 30.51472222222223, 30.316666666666663, 29.8575, 28.62083333333333, 28.829722222222212, 28.830833333333334, 28.705833333333334, 28.81194444444444, 29.566666666666663, 29.55916666666667, 30.00611111111111, 30.683333333333337, 31.405277777777776, 30.670277777777773, 30.278611111111104, 30.943333333333328, 30.375833333333325, 30.150833333333335, 30.278055555555554, 30.549722222222222, 30.41305555555555, 30.148055555555555, 28.592500000000005, 28.976944444444445, 29.326388888888896, 28.936111111111117, 29.008055555555554, 29.50222222222222, 30.240833333333335, 30.596111111111114, 30.334444444444443, 29.897500000000004, 29.406111111111116, 29.554444444444446, 28.453888888888894, 29.630277777777774, 29.380277777777778, 29.27722222222223, 29.195833333333333, 29.656111111111116, 30.304722222222228, 29.840555555555554, 29.742222222222217, 29.970555555555563, 29.77111111111111, 30.064444444444444], "Right_Temps": [30.654444444444444, 29.882499999999993, 29.844166666666663, 30.481666666666676, 30.74638888888889, 30.681666666666672, 30.490555555555552, 30.28111111111111, 30.78722222222222, 31.732222222222212, 31.529166666666665, 31.475277777777762, 30.78166666666667, 32.97833333333334, 33.13722222222221, 33.31361111111111, 32.65055555555555, 31.629722222222224, 30.381944444444443, 29.89833333333333, 30.02499999999999, 30.15222222222222, 29.984444444444453, 29.980000000000004, 30.929722222222225, 32.093333333333334, 32.937222222222225, 32.72749999999999, 30.43361111111111, 29.63166666666666, 30.268888888888892, 30.02305555555556, 29.383055555555554, 29.22611111111112, 30.014444444444443, 30.491666666666667, 30.6388888888889, 30.747222222222213, 31.333055555555557, 30.741388888888885, 31.194999999999993, 30.549999999999997, 32.25527777777778, 32.45750000000001, 31.655277777777787, 30.455, 30.0938888888889, 30.288888888888877, 30.37194444444445, 30.36805555555555, 29.77805555555555, 29.70361111111111, 31.23194444444444, 30.024999999999995, 28.44527777777779, 29.515833333333344, 29.00111111111111, 28.75638888888889, 29.25305555555555, 30.01472222222223, 30.70805555555556, 30.828888888888894, 30.35833333333333, 30.70888888888889, 30.23277777777778, 31.394166666666667, 30.483055555555566, 30.342499999999998, 30.68527777777778, 30.625555555555554, 30.31972222222221, 29.92527777777777, 29.38499999999999, 28.524166666666662, 28.56027777777778, 28.779444444444444, 28.997499999999988, 29.75333333333333, 30.311111111111106, 30.09777777777778, 29.916666666666668, 29.831388888888885, 30.6875, 30.67305555555555, 29.36222222222223, 30.1875, 29.120555555555548, 28.824999999999996, 29.026111111111106, 29.44750000000001, 29.834999999999997, 29.53166666666667, 29.283611111111117, 29.18027777777777, 29.406111111111116, 29.50694444444445]}