{"ID": 42, "Surgery": 0, "Body_Temp": 36.0, "Cancer": 0, "Left_Temps": [30.96944444444445, 27.486111111111118, 27.40555555555555, 28.688888888888886, 28.682222222222222, 28.56694444444444, 27.886666666666663, 28.12805555555555, 29.98249999999999, 29.628888888888884, 30.052222222222227, 29.576388888888882, 29.928888888888896, 30.226111111111113, 30.664444444444445, 30.10694444444444, 29.602222222222224, 29.245277777777776, 28.956666666666663, 28.315277777777776, 27.922499999999996, 27.862222222222222, 27.612500000000004, 27.746111111111105, 27.735555555555557, 28.054722222222225, 28.21916666666667, 28.11, 27.454722222222216, 29.1175, 29.622222222222224, 27.40972222222222, 26.970000000000002, 27.371111111111116, 28.088888888888896, 27.705277777777766, 27.534444444444436, 28.404166666666654, 29.118888888888893, 29.192500000000003, 29.873055555555553, 29.751388888888883, 29.72888888888889, 29.68416666666667, 29.94083333333333, 29.001388888888886, 28.546944444444446, 27.87333333333334, 27.83861111111112, 27.983055555555552, 28.116666666666667, 28.40222222222222, 28.632500000000007, 27.28666666666667, 27.436388888888885, 28.48666666666667, 27.044444444444444, 26.942777777777778, 27.277499999999996, 27.562222222222225, 27.745000000000005, 28.809722222222224, 29.174722222222222, 29.288611111111102, 30.005833333333335, 30.616388888888885, 28.74277777777777, 28.230000000000004, 27.958333333333332, 28.09916666666666, 28.276944444444446, 28.343333333333334, 27.720833333333346, 27.476666666666674, 27.139999999999997, 26.899166666666666, 27.29027777777778, 27.28249999999999, 28.394999999999996, 29.20555555555556, 28.634166666666665, 28.724444444444448, 28.02027777777778, 28.188333333333343, 28.357222222222223, 27.847499999999993, 27.521388888888886, 27.254722222222224, 27.35416666666666, 27.464722222222225, 28.49499999999999, 28.138333333333332, 28.25611111111111, 27.828888888888883, 27.480000000000004, 27.657777777777778], "Right_Temps": [32.846666666666664, 29.103333333333335, 28.539999999999996, 27.909722222222214, 28.353055555555557, 29.793611111111108, 29.86833333333334, 28.803055555555563, 29.22555555555556, 29.238333333333326, 29.6661111111111, 31.714444444444453, 31.192500000000003, 30.94777777777778, 29.59750000000001, 28.90944444444445, 30.377499999999998, 28.930833333333332, 29.416388888888882, 28.72583333333333, 29.209166666666672, 28.67916666666666, 29.28527777777778, 29.490555555555545, 28.59722222222223, 28.075000000000006, 29.24277777777777, 28.373055555555553, 28.65166666666666, 29.147222222222215, 30.4611111111111, 28.42638888888889, 27.573333333333338, 27.345833333333328, 27.867499999999996, 28.90972222222222, 29.050833333333337, 28.855833333333333, 29.375833333333347, 29.476388888888884, 31.21833333333333, 30.687777777777782, 31.903333333333325, 31.45555555555556, 29.05777777777777, 29.94361111111111, 29.131111111111117, 29.123055555555556, 29.026944444444446, 29.89444444444443, 29.471666666666675, 28.88638888888889, 28.262222222222217, 27.16944444444444, 27.475277777777777, 27.691111111111105, 27.320000000000004, 27.09222222222222, 27.446111111111108, 27.741111111111106, 27.889444444444447, 29.195277777777783, 29.317777777777778, 30.091388888888893, 29.694999999999993, 29.40638888888889, 30.162777777777777, 29.283055555555563, 30.32666666666666, 30.059999999999995, 29.97555555555556, 28.146111111111107, 27.52277777777778, 27.08444444444445, 27.17833333333333, 26.798611111111114, 27.045833333333334, 27.41638888888889, 28.076944444444447, 29.06472222222222, 29.148333333333337, 30.32249999999999, 29.036666666666665, 29.800000000000004, 27.511111111111102, 27.870277777777783, 27.46972222222223, 27.033333333333328, 27.208611111111114, 27.371944444444445, 28.315277777777784, 28.807222222222233, 28.732222222222212, 28.13555555555555, 27.437222222222218, 27.545833333333334]}