{"ID": 43, "Surgery": 0, "Body_Temp": 34.9, "Cancer": 0, "Left_Temps": [31.3111111111111, 30.162222222222233, 28.623055555555553, 28.729444444444443, 28.646944444444443, 29.670277777777773, 31.228055555555557, 30.29805555555555, 30.064166666666672, 29.949722222222224, 30.86472222222223, 29.60777777777778, 29.836944444444455, 30.456666666666667, 30.988888888888887, 29.591111111111097, 30.48555555555555, 29.114166666666662, 28.26944444444444, 28.512222222222224, 28.733333333333334, 27.345277777777778, 28.255000000000006, 28.85555555555556, 28.378055555555555, 28.705277777777788, 28.63583333333333, 29.87138888888889, 30.53277777777778, 29.819166666666668, 30.188888888888886, 28.056388888888886, 27.10777777777777, 27.162499999999994, 27.684166666666655, 29.418333333333333, 30.603888888888896, 29.20361111111111, 30.976666666666656, 29.77194444444445, 30.418333333333337, 30.648055555555555, 30.983611111111106, 30.72944444444444, 29.35027777777778, 29.401666666666667, 28.673611111111104, 28.244444444444447, 27.852500000000006, 28.683888888888898, 27.810555555555553, 27.73027777777778, 28.96944444444444, 30.068055555555564, 28.68416666666667, 27.699166666666663, 27.303888888888892, 27.83861111111111, 28.31666666666667, 29.61583333333334, 31.15555555555555, 29.199722222222224, 31.018333333333334, 29.94888888888889, 29.496388888888887, 29.339444444444446, 29.597777777777782, 29.223888888888887, 29.122500000000002, 29.139722222222222, 30.378888888888884, 27.79888888888889, 30.61333333333333, 29.244722222222215, 28.59333333333333, 28.520555555555557, 28.73194444444444, 29.155277777777776, 31.02638888888889, 29.782222222222224, 29.94805555555556, 29.93111111111111, 29.720277777777767, 29.04444444444444, 29.81611111111111, 29.046944444444428, 30.240833333333335, 29.39027777777777, 29.0625, 30.983055555555552, 30.391944444444448, 30.64888888888889, 30.105555555555554, 30.51027777777778, 30.35111111111111, 31.438888888888883], "Right_Temps": [33.529444444444444, 29.469166666666656, 28.123055555555563, 28.09444444444445, 29.665277777777778, 28.236111111111107, 27.924166666666665, 28.89944444444445, 30.064166666666665, 29.48333333333333, 29.323333333333323, 30.686666666666675, 30.001666666666665, 29.782222222222224, 29.44027777777778, 28.8163888888889, 28.635277777777773, 28.286666666666665, 28.296666666666667, 27.44361111111111, 27.17527777777778, 26.931944444444447, 26.66111111111111, 26.828888888888894, 27.46638888888889, 27.3475, 28.365277777777774, 31.383611111111108, 32.83027777777778, 32.01500000000001, 32.562222222222225, 30.136111111111113, 28.201388888888886, 27.359166666666667, 30.051944444444448, 28.6563888888889, 28.353333333333328, 29.38388888888888, 30.79277777777779, 29.062222222222218, 30.01305555555555, 29.514722222222222, 29.412499999999998, 29.60472222222222, 28.87083333333333, 29.377777777777794, 28.22805555555555, 27.738055555555555, 26.958611111111114, 27.736944444444436, 29.029722222222215, 27.582500000000003, 28.169444444444444, 30.477777777777774, 29.413333333333323, 31.696111111111122, 31.126666666666672, 28.140833333333337, 28.50305555555556, 28.81305555555556, 28.616944444444446, 30.327222222222215, 31.714444444444432, 29.28805555555556, 29.57666666666667, 29.513333333333335, 30.703055555555554, 28.20111111111111, 27.665555555555553, 26.88027777777778, 28.614444444444448, 28.385555555555555, 28.50361111111111, 28.523888888888887, 28.20638888888889, 27.643611111111113, 27.29722222222223, 28.056666666666676, 28.55527777777778, 30.190555555555566, 30.35138888888889, 30.651388888888896, 28.227500000000003, 27.817499999999992, 27.846944444444446, 27.52722222222222, 28.03583333333334, 27.57555555555556, 27.23722222222223, 28.008611111111115, 27.721111111111117, 29.930555555555557, 27.909166666666668, 27.55, 28.09055555555556, 27.794166666666662]}