{"ID": 44, "Surgery": 0, "Body_Temp": 35.3, "Cancer": 0, "Left_Temps": [30.35388888888889, 30.45305555555556, 30.948055555555552, 31.34305555555556, 31.455833333333334, 31.765277777777776, 31.22166666666668, 30.837777777777774, 30.987777777777783, 32.06305555555556, 31.092777777777783, 30.846666666666668, 30.96527777777778, 31.091388888888893, 31.369722222222208, 31.343888888888884, 30.896944444444443, 30.918333333333333, 30.590833333333332, 30.166111111111118, 30.05527777777777, 30.04527777777778, 30.23833333333333, 30.33333333333334, 29.66361111111111, 29.952222222222215, 29.567499999999995, 29.621666666666663, 29.678333333333335, 30.228333333333335, 30.501388888888883, 30.370833333333337, 30.658055555555556, 30.659166666666675, 31.17805555555556, 31.17694444444444, 30.903888888888893, 30.840000000000007, 31.578888888888887, 31.985, 31.42805555555556, 31.37111111111112, 30.98250000000001, 30.92472222222223, 30.480555555555554, 30.151666666666667, 30.087500000000002, 30.056944444444444, 30.071944444444448, 30.149999999999995, 29.704444444444434, 29.534166666666668, 29.307777777777776, 29.54333333333331, 29.563888888888894, 29.884722222222226, 30.34305555555555, 30.791111111111107, 30.60722222222222, 31.02861111111112, 30.935833333333328, 31.702222222222222, 31.731666666666666, 32.01222222222223, 31.10361111111111, 30.429722222222225, 30.320833333333333, 30.602500000000003, 30.779999999999998, 30.317500000000003, 30.28166666666667, 29.998055555555553, 30.11777777777778, 30.089166666666667, 30.051388888888898, 30.956944444444446, 30.568333333333342, 30.892222222222205, 31.22694444444444, 31.513611111111118, 31.185277777777785, 30.841388888888893, 30.447222222222226, 27.174166666666665, 30.783611111111114, 30.39916666666666, 30.61055555555555, 30.659166666666668, 30.834722222222233, 30.741111111111106, 31.43722222222222, 31.0425, 30.887777777777778, 30.68666666666666, 30.703611111111115, 30.77083333333334], "Right_Temps": [29.839444444444446, 30.01361111111111, 30.195833333333333, 30.66249999999999, 30.9825, 30.980555555555554, 30.209444444444443, 30.05694444444445, 30.065277777777762, 30.174722222222222, 30.181666666666672, 30.11, 29.93250000000001, 29.7325, 31.01444444444445, 31.577777777777783, 31.12888888888889, 30.667500000000004, 31.525833333333335, 30.924444444444443, 31.034166666666668, 29.215555555555568, 30.488888888888887, 30.715000000000007, 30.02861111111112, 30.046388888888885, 30.244444444444444, 30.734166666666667, 29.850833333333323, 30.707777777777785, 29.880833333333328, 29.876666666666658, 29.783611111111114, 29.94250000000001, 30.40638888888888, 30.50111111111111, 30.370277777777776, 30.253611111111113, 30.31972222222223, 30.21166666666667, 29.923333333333332, 29.77277777777777, 29.53277777777778, 30.695277777777775, 30.401944444444446, 30.460833333333344, 30.334722222222222, 31.007777777777775, 31.228055555555542, 30.239444444444448, 30.276666666666667, 30.146666666666665, 30.355, 30.018888888888892, 30.37472222222223, 30.21027777777779, 30.036111111111115, 29.92361111111111, 30.588888888888896, 30.97972222222222, 31.061111111111106, 31.0161111111111, 30.62805555555555, 30.063333333333333, 29.876111111111115, 27.338333333333328, 30.325000000000003, 30.141666666666666, 29.881111111111117, 30.513055555555557, 29.99694444444444, 30.20777777777778, 30.168888888888887, 29.813333333333325, 30.734166666666667, 30.610555555555557, 30.938333333333325, 31.38138888888889, 31.786111111111104, 31.002499999999998, 30.50944444444444, 29.84833333333334, 30.772777777777776, 30.115833333333327, 30.122777777777774, 29.878611111111113, 29.864444444444448, 30.070000000000007, 30.875277777777782, 30.689444444444455, 30.85833333333334, 30.279444444444444, 29.689444444444447, 30.27111111111111, 29.772500000000004, 30.004166666666663]}