{"ID": 45, "Surgery": 0, "Body_Temp": 35.0, "Cancer": 0, "Left_Temps": [31.093333333333337, 29.869722222222215, 28.84027777777778, 28.68472222222222, 29.447222222222226, 29.729722222222215, 29.445277777777783, 30.044722222222227, 30.806666666666665, 30.460277777777783, 30.138055555555557, 29.549999999999997, 30.86472222222223, 30.837222222222223, 31.35055555555555, 31.217777777777783, 30.905277777777776, 30.472777777777782, 31.002777777777787, 30.101388888888877, 30.425277777777783, 32.05444444444444, 32.68527777777778, 33.1861111111111, 33.57833333333334, 33.81333333333333, 34.05638888888889, 30.158055555555556, 28.03055555555555, 28.597222222222214, 29.353055555555557, 28.738333333333337, 28.92583333333333, 28.60694444444444, 28.98722222222223, 29.366111111111106, 29.775555555555552, 30.806666666666665, 30.54749999999999, 30.281111111111095, 30.766388888888887, 29.98194444444444, 30.477500000000003, 30.700833333333335, 30.107777777777773, 29.824444444444445, 29.755000000000003, 29.658333333333335, 32.34138888888888, 30.67416666666667, 29.26388888888889, 28.734722222222217, 29.072499999999998, 28.20861111111111, 28.251944444444444, 29.08083333333333, 29.14055555555556, 28.50055555555555, 29.163333333333338, 29.805555555555557, 30.526111111111113, 31.384999999999998, 30.24833333333335, 30.095833333333328, 29.90444444444445, 31.40277777777778, 30.732499999999998, 30.417777777777783, 31.026388888888903, 30.417222222222215, 30.403888888888883, 29.59083333333334, 28.868611111111104, 29.008055555555554, 29.390555555555554, 29.11555555555556, 29.341944444444444, 30.986666666666665, 30.153611111111104, 30.537500000000005, 30.24722222222222, 30.325277777777785, 30.643888888888892, 30.137500000000003, 29.031111111111116, 28.959444444444436, 29.07277777777778, 29.021666666666665, 29.22611111111111, 29.90194444444444, 29.863888888888894, 30.180555555555557, 30.39638888888889, 29.602222222222217, 29.33694444444444, 29.37861111111111], "Right_Temps": [30.250555555555554, 28.916944444444443, 29.388611111111103, 29.179444444444446, 29.976111111111102, 29.63666666666667, 29.275277777777774, 29.464444444444446, 29.913333333333338, 29.784722222222214, 29.778888888888886, 29.689444444444447, 29.33944444444444, 30.40888888888889, 32.53388888888889, 30.259722222222234, 30.042777777777765, 30.210000000000004, 29.631666666666668, 29.87944444444444, 28.739444444444448, 31.599722222222226, 28.448055555555552, 28.909166666666668, 28.881666666666675, 29.136944444444445, 30.01611111111111, 28.31777777777777, 28.498611111111114, 29.110833333333332, 29.998055555555563, 28.891666666666666, 28.436388888888885, 28.34861111111111, 29.093333333333323, 29.570833333333326, 29.240555555555552, 30.261388888888884, 30.050277777777783, 29.629166666666663, 30.010833333333323, 29.7263888888889, 30.67277777777777, 31.968888888888884, 30.983611111111102, 29.881111111111107, 30.33055555555556, 31.134166666666665, 29.70583333333333, 30.38583333333334, 30.227777777777778, 29.010000000000005, 28.496388888888887, 27.333333333333332, 27.592222222222222, 27.990555555555556, 27.84944444444444, 28.30777777777778, 28.692777777777774, 28.929722222222225, 29.87166666666667, 30.152499999999993, 29.635833333333338, 29.380833333333328, 29.517777777777773, 29.651666666666657, 29.669722222222212, 29.97138888888889, 29.845277777777774, 29.010833333333338, 28.76472222222223, 27.59250000000001, 27.04388888888889, 27.64305555555556, 27.63861111111111, 28.178888888888896, 28.863888888888887, 28.943333333333328, 29.396666666666665, 29.99194444444444, 29.181111111111104, 29.26444444444445, 29.42666666666667, 30.04305555555554, 29.271388888888875, 28.37722222222222, 27.98472222222222, 28.221388888888885, 28.96222222222222, 29.192777777777774, 29.247499999999995, 29.35972222222223, 29.730555555555554, 28.846944444444446, 30.013055555555542, 29.537777777777777]}