{"ID": 48, "Surgery": 0, "Body_Temp": 35.3, "Cancer": 0, "Left_Temps": [32.92638888888889, 30.774444444444434, 30.79305555555556, 31.605555555555547, 31.136111111111106, 30.837222222222213, 31.40222222222222, 31.89666666666666, 31.783333333333335, 33.03527777777778, 31.829444444444448, 32.15916666666668, 32.08250000000001, 32.39833333333334, 32.356388888888894, 32.22083333333333, 32.20527777777779, 32.10722222222222, 31.843888888888884, 31.401666666666674, 31.324444444444435, 31.40972222222223, 31.171666666666667, 31.331666666666663, 31.538611111111102, 31.646111111111118, 31.681944444444444, 29.933611111111116, 31.236666666666665, 31.555833333333332, 32.49861111111112, 29.982499999999998, 30.148055555555555, 31.611944444444443, 31.685000000000002, 30.803888888888885, 31.088611111111106, 31.952500000000004, 31.939722222222226, 32.605555555555554, 32.44500000000001, 31.750000000000007, 32.32777777777777, 32.30972222222223, 32.58722222222221, 32.738888888888894, 31.49111111111112, 31.15750000000001, 31.60111111111111, 31.922777777777778, 31.18472222222223, 30.83722222222223, 30.41111111111111, 29.38972222222223, 29.52472222222222, 29.801388888888887, 30.225833333333338, 30.64527777777777, 30.765833333333333, 31.188611111111115, 31.488333333333344, 31.968611111111116, 32.029722222222226, 32.5236111111111, 31.453055555555565, 32.079166666666666, 31.99194444444443, 32.78305555555556, 31.02388888888888, 31.073611111111113, 30.29222222222222, 29.99499999999999, 29.62861111111112, 29.411666666666672, 29.401111111111113, 29.771388888888875, 30.21222222222222, 30.86611111111112, 32.93666666666667, 32.13027777777778, 31.506388888888882, 30.7925, 31.063888888888883, 31.85999999999999, 30.650833333333335, 30.151666666666667, 29.999444444444432, 29.737222222222215, 30.338611111111106, 31.31944444444445, 31.349444444444444, 31.030000000000005, 31.27638888888889, 30.84527777777778, 30.332500000000007, 31.09055555555555], "Right_Temps": [33.41055555555556, 32.11833333333333, 31.365833333333335, 31.623611111111106, 31.5625, 31.37222222222222, 32.257222222222225, 32.32916666666668, 32.3725, 31.645277777777785, 31.88138888888889, 31.77722222222222, 32.013333333333335, 32.11055555555555, 31.61861111111111, 31.494444444444444, 31.643611111111113, 31.977222222222224, 31.838611111111106, 31.83027777777778, 31.214166666666674, 30.137777777777778, 30.703055555555554, 31.124166666666667, 31.269166666666667, 31.362222222222208, 31.23666666666667, 33.83777777777778, 33.707499999999996, 33.803333333333335, 33.83472222222221, 31.82305555555556, 30.755000000000003, 30.61944444444445, 30.859166666666667, 31.18722222222221, 32.080277777777795, 32.19305555555556, 32.187777777777775, 31.819999999999993, 31.820277777777775, 32.48638888888889, 32.634166666666665, 31.98666666666667, 31.958055555555557, 32.475277777777784, 32.970000000000006, 33.214166666666664, 30.89611111111111, 30.676111111111123, 31.121388888888898, 30.75277777777778, 31.690555555555548, 30.490833333333327, 31.077222222222222, 31.709999999999997, 30.611388888888882, 30.034722222222214, 30.347222222222214, 30.78972222222223, 31.610833333333332, 32.245000000000005, 32.174722222222215, 32.559444444444445, 32.36444444444444, 33.51499999999999, 32.99944444444444, 32.75861111111111, 32.162777777777784, 31.836666666666662, 31.692222222222217, 31.19888888888889, 29.542499999999993, 29.736944444444436, 30.032777777777785, 29.72527777777778, 30.004722222222217, 30.442222222222224, 31.97555555555555, 32.634444444444455, 32.40638888888888, 32.266111111111094, 32.4538888888889, 31.916944444444443, 31.313888888888886, 31.2425, 29.726666666666674, 29.676388888888894, 30.00027777777778, 31.11777777777777, 31.731111111111115, 32.6461111111111, 31.866388888888892, 31.486111111111118, 30.577777777777776, 31.618333333333332]}