{"ID": 49, "Surgery": 0, "Body_Temp": 34.3, "Cancer": 0, "Left_Temps": [33.951944444444436, 32.6286111111111, 31.611388888888882, 30.882222222222236, 31.193611111111117, 32.701388888888886, 31.97888888888889, 31.675277777777783, 32.06055555555555, 31.614722222222227, 31.88833333333334, 31.057499999999997, 30.97583333333334, 31.030555555555566, 31.188611111111115, 31.313333333333333, 31.015833333333333, 31.224444444444448, 30.37111111111111, 29.52305555555556, 29.40694444444444, 29.901944444444446, 29.629166666666663, 28.9813888888889, 28.838611111111106, 28.713055555555556, 29.731944444444455, 31.043333333333337, 30.575000000000003, 31.23694444444445, 32.51305555555555, 30.612777777777776, 30.37388888888889, 30.429999999999993, 30.811388888888885, 31.573333333333338, 31.281388888888884, 31.47527777777778, 31.818333333333335, 32.33555555555556, 31.767777777777788, 31.038333333333323, 31.120277777777776, 30.83777777777778, 30.870833333333337, 30.525000000000002, 29.908611111111107, 29.561944444444446, 29.436388888888878, 29.199166666666674, 29.103611111111107, 28.858055555555552, 28.93027777777778, 29.60444444444445, 29.595833333333335, 30.090000000000007, 30.50305555555556, 30.21416666666666, 30.85444444444444, 31.280277777777776, 31.136944444444445, 31.303333333333335, 31.43027777777778, 32.24305555555555, 32.533055555555556, 31.370555555555555, 31.05944444444445, 30.223333333333333, 29.76138888888889, 29.416111111111118, 29.6738888888889, 29.57388888888889, 29.07, 29.514722222222222, 29.531388888888884, 30.144444444444446, 30.1963888888889, 31.162499999999998, 30.86499999999999, 31.008888888888887, 31.573611111111106, 31.458333333333332, 30.833888888888893, 30.383333333333333, 30.654166666666672, 30.472777777777782, 29.615000000000002, 30.02722222222222, 29.868333333333332, 30.65888888888889, 30.91416666666667, 31.126388888888886, 30.778055555555554, 30.986666666666665, 30.77833333333334, 30.431111111111118], "Right_Temps": [33.341944444444444, 31.72555555555556, 31.51611111111113, 30.37277777777778, 30.613333333333326, 31.20888888888889, 31.52527777777776, 31.421111111111106, 31.620833333333323, 31.750277777777782, 32.576388888888886, 31.14000000000001, 30.66416666666667, 31.70305555555556, 31.745555555555566, 31.76611111111111, 31.10472222222222, 30.313888888888886, 29.851666666666663, 29.490555555555552, 29.005277777777785, 28.871111111111116, 29.726944444444435, 29.48444444444444, 29.239166666666662, 29.36027777777777, 30.118611111111118, 32.31138888888889, 31.663055555555545, 31.60388888888889, 32.471666666666664, 30.31861111111111, 29.94888888888889, 29.616111111111113, 30.00638888888889, 31.445277777777772, 31.182777777777776, 30.87805555555555, 31.10388888888889, 31.334999999999997, 31.2225, 30.52805555555556, 30.74000000000001, 30.949444444444453, 30.549166666666665, 30.777777777777786, 30.956666666666663, 29.335277777777776, 29.178333333333327, 29.589444444444446, 29.407222222222224, 29.027222222222218, 29.219722222222217, 29.566666666666663, 29.491666666666667, 29.584444444444443, 29.00611111111111, 29.22166666666666, 30.076944444444443, 30.837500000000002, 30.731111111111115, 30.945555555555554, 30.685000000000002, 30.75555555555557, 30.932222222222226, 30.80277777777778, 31.991388888888896, 30.637222222222224, 29.632777777777772, 29.585555555555555, 29.610277777777785, 29.108611111111106, 28.97583333333333, 28.896666666666665, 28.856944444444455, 28.874166666666667, 29.758611111111108, 30.170833333333324, 30.419999999999998, 30.34222222222222, 30.25083333333332, 31.867222222222217, 30.432777777777783, 30.2025, 30.200833333333335, 30.020555555555557, 28.819166666666653, 28.927777777777774, 29.31972222222222, 29.911666666666672, 30.066944444444445, 30.10888888888889, 30.463333333333335, 30.48194444444444, 29.351111111111113, 30.163333333333338]}