{"ID": 50, "Surgery": 0, "Body_Temp": 35.5, "Cancer": 0, "Left_Temps": [33.71111111111112, 30.886388888888902, 30.21944444444445, 29.82333333333333, 29.806111111111104, 29.990277777777788, 30.037222222222212, 30.138055555555557, 30.39972222222222, 30.407777777777792, 30.185555555555553, 30.28916666666667, 29.887777777777778, 29.849166666666676, 29.984444444444446, 30.205555555555552, 29.78055555555555, 29.388888888888882, 28.97861111111111, 28.58277777777778, 28.11999999999999, 28.073888888888884, 28.46194444444444, 28.931944444444444, 28.842499999999998, 28.571111111111122, 28.60388888888889, 29.967222222222215, 30.507500000000007, 31.091666666666672, 32.20166666666667, 30.78138888888889, 30.428611111111113, 30.12805555555556, 29.945833333333333, 29.99027777777778, 29.90805555555555, 30.04833333333334, 30.440000000000005, 30.18444444444444, 29.898333333333337, 29.61138888888889, 29.56361111111111, 29.512222222222217, 29.264722222222222, 28.989166666666662, 28.92722222222222, 28.307500000000005, 28.35694444444444, 29.286944444444444, 29.216111111111104, 28.835555555555555, 28.518055555555563, 28.891388888888894, 29.4525, 29.609444444444446, 29.285277777777782, 29.47555555555555, 29.67027777777777, 29.783611111111114, 30.03749999999999, 30.1563888888889, 30.380833333333342, 29.870555555555566, 29.68055555555556, 29.411388888888887, 29.188333333333333, 29.238888888888894, 29.27611111111112, 29.2888888888889, 28.89916666666667, 28.467500000000005, 28.95888888888889, 28.878055555555548, 29.079166666666666, 29.07555555555555, 29.328333333333337, 29.756944444444443, 29.976944444444452, 30.04638888888889, 29.916111111111118, 29.54138888888889, 29.65305555555556, 29.887222222222224, 29.900555555555556, 29.91305555555555, 29.379444444444445, 29.029166666666658, 29.17583333333333, 29.526388888888885, 30.190000000000012, 30.041111111111118, 30.08999999999999, 30.244999999999997, 29.72888888888889, 29.958611111111104], "Right_Temps": [32.88361111111111, 30.24361111111111, 29.836666666666677, 29.65888888888889, 29.80888888888889, 30.060833333333328, 30.156388888888884, 30.345000000000002, 30.763055555555542, 31.12861111111111, 30.80083333333333, 30.701666666666668, 31.413888888888884, 31.414166666666663, 32.44222222222223, 31.25611111111111, 31.723611111111115, 31.12166666666667, 30.285277777777782, 29.58361111111111, 29.244166666666665, 29.431388888888893, 28.574444444444435, 28.601111111111113, 29.32972222222222, 29.099444444444444, 28.5425, 29.92666666666667, 31.58638888888889, 31.4575, 31.950555555555564, 29.72027777777778, 29.321388888888887, 29.64111111111111, 29.745555555555555, 30.094722222222224, 30.59722222222222, 30.425000000000004, 30.452777777777783, 30.618055555555557, 30.956111111111106, 31.608055555555566, 31.593888888888884, 32.154722222222226, 30.764722222222222, 30.13194444444444, 29.464444444444453, 29.070555555555554, 29.03416666666666, 29.01027777777777, 29.349166666666665, 29.058333333333344, 28.61222222222223, 29.496111111111116, 29.41305555555556, 29.375555555555543, 28.980833333333326, 29.17722222222222, 29.61277777777777, 30.252222222222215, 30.133333333333333, 30.090833333333325, 30.15944444444445, 30.486388888888897, 30.51777777777778, 30.496944444444452, 30.054444444444453, 29.76194444444444, 29.368055555555557, 29.394444444444446, 29.55166666666666, 28.11777777777778, 28.93444444444444, 28.970000000000002, 28.81749999999999, 28.845277777777774, 29.102777777777774, 29.655000000000005, 29.792777777777783, 29.81277777777778, 30.12527777777777, 30.08444444444445, 29.60444444444445, 29.66277777777778, 29.60111111111111, 28.124722222222225, 29.255000000000003, 28.997500000000002, 29.007777777777783, 29.406666666666663, 29.664444444444435, 29.65000000000001, 29.82166666666665, 29.76805555555556, 29.314999999999998, 29.364166666666677]}