{"ID": 51, "Surgery": 0, "Body_Temp": 34.5, "Cancer": 0, "Left_Temps": [31.319444444444443, 27.89833333333333, 27.41361111111111, 27.72416666666667, 28.94027777777778, 29.473055555555547, 29.168611111111108, 29.82416666666667, 29.63388888888888, 28.929722222222225, 30.055, 29.653333333333332, 29.614999999999995, 29.89666666666668, 30.005833333333335, 29.902222222222218, 29.93444444444445, 28.94194444444444, 28.393055555555563, 27.85861111111111, 27.6125, 28.053333333333327, 28.052222222222223, 28.419722222222223, 28.92277777777777, 32.919444444444444, 33.4286111111111, 27.536666666666665, 26.899166666666673, 27.408055555555553, 28.61805555555555, 27.02138888888889, 27.265833333333333, 27.855000000000004, 28.923611111111118, 29.795277777777773, 29.032222222222217, 28.907222222222217, 28.86194444444445, 28.846666666666668, 30.078333333333333, 30.01638888888888, 29.550833333333337, 29.642222222222212, 28.82222222222222, 28.34305555555555, 28.156111111111116, 28.17694444444445, 27.457500000000003, 27.278888888888886, 27.21944444444445, 27.292499999999997, 27.69444444444444, 26.83027777777778, 26.191388888888895, 26.560833333333328, 26.74805555555556, 27.856666666666666, 29.29166666666667, 30.39527777777778, 28.533333333333342, 28.420277777777773, 28.319722222222225, 29.285000000000007, 29.656388888888884, 29.079444444444448, 29.073611111111102, 28.371111111111116, 28.351666666666674, 27.306944444444444, 27.14666666666666, 26.942499999999992, 26.871944444444445, 26.397499999999994, 26.39666666666666, 26.995277777777776, 27.944722222222218, 29.740000000000002, 28.00722222222222, 27.669722222222223, 28.76416666666666, 29.09361111111111, 28.374444444444446, 27.92916666666666, 26.99611111111111, 26.716666666666665, 26.563611111111115, 27.042499999999997, 27.522500000000004, 28.42361111111111, 27.824166666666663, 28.138055555555564, 27.4925, 27.170555555555563, 27.432777777777776, 27.719722222222227], "Right_Temps": [31.722500000000007, 28.873055555555545, 28.532499999999995, 28.27166666666666, 27.809166666666666, 28.182499999999997, 28.793611111111108, 28.399166666666666, 27.8675, 27.825000000000003, 28.77777777777778, 29.784166666666675, 29.856666666666666, 29.44055555555556, 29.593888888888884, 29.78111111111111, 29.472222222222214, 28.180555555555557, 27.55361111111111, 27.5925, 27.634999999999998, 27.902777777777782, 28.04138888888889, 27.52527777777777, 27.56527777777778, 27.694444444444443, 27.554444444444442, 27.569166666666664, 27.910555555555558, 28.49305555555555, 29.68083333333334, 27.746666666666663, 27.262777777777774, 27.277500000000003, 27.50805555555555, 27.97277777777777, 28.887222222222217, 28.231666666666666, 27.927499999999995, 28.318333333333335, 29.300277777777776, 29.07944444444444, 29.252222222222226, 29.35305555555555, 28.522777777777776, 27.73722222222222, 27.628055555555555, 27.420833333333338, 27.491666666666664, 27.32333333333334, 27.41999999999999, 27.43472222222222, 27.60055555555555, 27.300833333333333, 27.18888888888888, 27.28361111111111, 27.002499999999998, 27.09388888888889, 27.483611111111117, 28.182500000000008, 28.720555555555556, 28.15666666666667, 27.95027777777778, 29.281944444444434, 29.027222222222218, 28.665277777777778, 27.986666666666668, 27.58666666666667, 27.207500000000003, 27.214166666666667, 27.453888888888894, 27.431944444444447, 27.480277777777776, 27.723055555555558, 27.363888888888887, 27.493611111111115, 27.85722222222222, 28.422222222222224, 28.210277777777772, 28.00083333333332, 28.163888888888902, 28.12166666666667, 27.513333333333335, 27.08972222222222, 27.59194444444445, 27.198055555555555, 27.887500000000003, 28.124999999999996, 28.17722222222222, 29.17388888888889, 27.71388888888889, 27.51666666666666, 27.321666666666665, 27.91388888888889, 28.077500000000008, 28.673055555555557]}