{"ID": 52, "Surgery": 0, "Body_Temp": 35.5, "Cancer": 0, "Left_Temps": [33.23027777777777, 31.20416666666667, 31.29638888888889, 31.15694444444445, 31.603333333333346, 32.033055555555556, 33.455833333333324, 33.85999999999999, 31.855277777777783, 31.38111111111111, 31.050277777777783, 30.10805555555556, 30.411111111111115, 31.378055555555566, 32.12250000000001, 32.12499999999999, 32.47416666666666, 31.22944444444445, 31.18055555555555, 30.031388888888884, 28.675277777777776, 28.223055555555565, 28.474444444444444, 28.67388888888889, 28.590833333333332, 28.867222222222228, 29.869166666666658, 29.65944444444444, 32.938333333333325, 33.01111111111111, 33.31583333333333, 30.599166666666672, 30.41638888888889, 31.331388888888885, 31.932499999999997, 32.441388888888895, 32.75861111111111, 33.22638888888889, 31.34888888888888, 31.063333333333333, 30.44944444444444, 30.245000000000005, 31.393055555555552, 32.098611111111104, 30.664166666666656, 30.567777777777785, 29.953888888888887, 29.313611111111115, 28.984722222222224, 29.785555555555543, 29.712777777777774, 29.414166666666663, 29.28027777777777, 29.853055555555557, 29.71388888888889, 30.367500000000007, 30.25027777777778, 30.56972222222222, 31.734722222222217, 31.826111111111103, 32.15972222222223, 31.940833333333337, 31.685833333333328, 30.717222222222226, 30.508611111111122, 30.115833333333335, 29.872499999999988, 29.731111111111115, 29.931944444444454, 28.577777777777776, 28.278333333333336, 30.071388888888894, 29.74972222222222, 29.243055555555557, 29.44222222222223, 29.8111111111111, 30.7661111111111, 31.337500000000002, 32.01305555555555, 31.810000000000002, 31.576111111111103, 30.380277777777785, 30.071111111111115, 30.37916666666667, 28.095000000000006, 30.523333333333337, 30.084444444444443, 29.243333333333332, 30.121388888888887, 31.80055555555556, 32.19888888888889, 30.469166666666663, 30.55611111111111, 30.631666666666653, 30.079166666666666, 31.727500000000006], "Right_Temps": [32.749444444444435, 31.617499999999993, 31.285, 30.86888888888889, 30.572777777777773, 31.47694444444444, 31.50666666666666, 31.449444444444453, 31.956388888888885, 31.313333333333333, 30.943333333333328, 30.43388888888888, 30.741111111111113, 31.22499999999999, 32.39777777777777, 32.07611111111111, 31.694166666666668, 31.37111111111111, 31.246388888888898, 30.96944444444444, 30.107499999999998, 29.479166666666668, 29.433055555555555, 29.38416666666666, 29.355, 30.083888888888882, 33.91083333333333, 33.809999999999995, 32.163333333333334, 31.50805555555556, 32.604444444444454, 30.99444444444445, 29.894999999999996, 30.435833333333335, 30.405277777777776, 30.929166666666667, 31.397499999999997, 31.803888888888885, 31.449722222222217, 31.195000000000007, 30.79444444444444, 30.86694444444444, 31.60027777777778, 31.786666666666665, 31.699722222222224, 31.66944444444444, 30.988333333333337, 29.89333333333333, 29.651111111111113, 29.809166666666663, 29.21388888888889, 29.211666666666662, 29.428333333333335, 29.379166666666663, 29.471111111111114, 30.10333333333332, 29.46555555555556, 29.221666666666675, 30.051111111111116, 30.503611111111113, 31.688888888888876, 31.484444444444435, 31.449444444444445, 31.075000000000006, 30.96611111111111, 31.694999999999986, 32.08, 31.026111111111113, 30.296666666666674, 30.231111111111108, 30.001666666666672, 29.855555555555554, 29.14361111111112, 29.296666666666667, 29.27083333333333, 29.450000000000003, 29.64638888888889, 30.247777777777774, 31.71527777777778, 31.51249999999999, 31.32999999999999, 31.955833333333334, 31.28861111111112, 30.88250000000001, 29.862777777777783, 28.775555555555545, 29.608611111111113, 30.044722222222227, 30.405277777777776, 30.446111111111108, 31.234722222222224, 31.889722222222222, 31.415833333333346, 27.96527777777778, 28.481111111111108, 30.574166666666663]}