{"ID": 55, "Surgery": 0, "Body_Temp": 34.0, "Cancer": 0, "Left_Temps": [30.767500000000002, 29.144166666666667, 28.469722222222217, 28.02527777777777, 28.26111111111111, 29.573333333333338, 28.95861111111111, 28.676111111111123, 28.23694444444444, 28.015555555555554, 28.172222222222228, 28.281666666666663, 28.286388888888883, 28.510833333333323, 28.891944444444434, 29.428611111111106, 28.973333333333333, 28.43583333333334, 28.107777777777777, 27.7811111111111, 27.61333333333333, 27.752499999999994, 27.33027777777778, 27.07222222222222, 26.96111111111111, 26.780833333333334, 26.953333333333333, 27.208611111111118, 30.265833333333337, 30.509722222222226, 30.599166666666665, 28.601111111111113, 27.948888888888888, 27.817777777777774, 27.8938888888889, 28.766388888888887, 28.458611111111118, 28.044999999999998, 27.954722222222227, 27.9138888888889, 27.985555555555557, 27.909444444444446, 28.25583333333333, 28.55222222222223, 28.22694444444444, 27.9075, 27.596111111111107, 27.29083333333333, 27.27694444444445, 26.913888888888888, 26.859722222222224, 26.78777777777777, 26.567500000000006, 27.69694444444444, 28.11444444444444, 28.48333333333333, 27.683055555555555, 28.111666666666654, 28.012222222222224, 27.947499999999998, 27.548055555555553, 27.77916666666667, 27.896111111111107, 27.976388888888884, 27.906666666666666, 28.088888888888896, 27.815277777777773, 27.421111111111113, 26.930277777777782, 26.74111111111111, 26.913611111111106, 26.69138888888889, 26.65416666666667, 26.891666666666666, 27.21305555555555, 27.301111111111116, 27.634722222222226, 27.41472222222222, 27.30500000000001, 27.626666666666665, 27.675833333333333, 27.58416666666667, 27.033888888888896, 26.768611111111102, 27.143611111111106, 26.798055555555553, 26.487777777777783, 26.652499999999996, 26.84388888888889, 27.062222222222225, 27.047777777777785, 27.26444444444445, 26.927499999999995, 26.960833333333326, 26.55361111111111, 26.819999999999997], "Right_Temps": [31.44944444444444, 29.498888888888896, 28.736944444444443, 28.21055555555556, 28.25388888888889, 28.648611111111116, 28.86555555555556, 29.032222222222217, 28.387500000000003, 28.386944444444442, 28.51749999999999, 28.52833333333334, 28.662777777777787, 30.443333333333335, 29.482222222222234, 29.174444444444443, 28.36305555555556, 27.52416666666667, 27.365833333333335, 26.53611111111111, 26.36138888888889, 26.35416666666667, 26.110833333333336, 26.11444444444444, 26.40638888888889, 27.310277777777777, 33.49111111111111, 31.153055555555554, 30.95416666666667, 31.05916666666667, 31.301111111111116, 29.161111111111115, 28.15111111111111, 27.846388888888885, 27.933333333333334, 28.423611111111114, 28.639166666666668, 28.16833333333334, 27.98138888888888, 28.152500000000003, 28.31861111111111, 28.191111111111113, 28.505555555555556, 28.505555555555546, 27.635555555555555, 27.117777777777782, 26.537222222222233, 26.426111111111112, 26.43722222222223, 26.31083333333334, 26.31638888888888, 26.62222222222222, 29.084722222222222, 28.40833333333332, 28.670277777777773, 28.939166666666665, 27.860833333333332, 27.43194444444444, 27.707222222222217, 28.03722222222222, 27.91638888888889, 27.682222222222226, 27.66694444444444, 27.83388888888889, 27.806111111111107, 27.896944444444447, 27.297222222222217, 26.69694444444444, 26.77027777777777, 26.788055555555555, 26.867500000000007, 26.386111111111113, 27.0536111111111, 27.42333333333333, 27.680833333333332, 27.212777777777774, 27.30722222222222, 27.558055555555555, 27.433611111111112, 27.388055555555557, 27.356666666666666, 27.261944444444445, 26.925555555555558, 27.325277777777778, 27.543055555555565, 26.430555555555546, 26.561388888888885, 27.07222222222222, 26.880555555555556, 27.037777777777777, 27.003055555555566, 26.956666666666667, 26.75805555555555, 26.83166666666668, 26.570277777777783, 26.732499999999998]}