{"ID": 57, "Surgery": 0, "Body_Temp": 34.7, "Cancer": 0, "Left_Temps": [30.74583333333333, 28.97138888888889, 28.779166666666672, 28.978333333333335, 29.427500000000002, 29.631111111111107, 29.600277777777777, 29.639166666666654, 30.563333333333333, 30.117499999999993, 30.165277777777774, 30.093888888888884, 30.116666666666667, 30.439444444444455, 30.371388888888887, 30.576944444444443, 31.10833333333334, 30.137500000000003, 29.0775, 28.81222222222222, 28.532500000000002, 28.206388888888878, 27.758611111111108, 27.432777777777773, 27.330277777777788, 27.52361111111111, 28.75361111111111, 28.62611111111111, 29.307777777777783, 29.502222222222226, 30.01444444444445, 28.695, 28.268888888888885, 28.533055555555556, 28.83194444444444, 29.34222222222222, 29.349999999999984, 29.73444444444444, 30.183055555555555, 30.132777777777772, 30.1725, 30.31444444444446, 30.323055555555552, 30.13833333333333, 29.713333333333335, 29.150555555555556, 28.731111111111115, 28.42583333333334, 28.03055555555555, 27.596944444444446, 27.433611111111105, 27.45916666666666, 27.926666666666662, 27.096111111111107, 27.74916666666666, 28.31138888888889, 27.94416666666667, 28.179722222222225, 28.75944444444444, 29.244722222222222, 29.497499999999995, 30.04472222222222, 29.871111111111116, 30.131944444444443, 29.86305555555556, 29.883888888888887, 29.68138888888889, 29.620277777777787, 28.87861111111111, 28.174722222222222, 28.208611111111107, 27.939722222222215, 27.5075, 26.88722222222222, 27.57222222222223, 28.136944444444442, 28.613888888888894, 29.391666666666666, 29.525833333333342, 29.670277777777773, 29.493611111111104, 29.174999999999994, 30.228333333333335, 28.401388888888892, 29.330555555555552, 29.126666666666665, 27.15638888888889, 27.65694444444445, 28.929444444444446, 29.592500000000012, 29.725277777777777, 29.577499999999993, 28.620000000000005, 28.546111111111113, 28.504999999999995, 29.91583333333334], "Right_Temps": [29.796666666666663, 29.405277777777776, 29.40277777777777, 29.135277777777773, 29.18833333333334, 29.12000000000001, 29.037222222222226, 29.572222222222226, 30.278888888888883, 29.855, 29.841944444444437, 30.25833333333334, 29.75305555555556, 30.14861111111111, 30.166666666666668, 30.783055555555556, 30.618611111111118, 30.606388888888894, 29.95805555555555, 28.767222222222227, 28.535555555555554, 28.42861111111111, 27.885833333333338, 27.909444444444446, 27.904166666666665, 28.281388888888884, 28.481111111111108, 28.808333333333337, 28.783611111111107, 28.911388888888894, 29.29861111111111, 28.381666666666664, 28.353611111111107, 28.496666666666663, 28.51861111111112, 28.68194444444445, 29.1175, 29.502500000000005, 29.988888888888894, 29.65638888888889, 29.90555555555555, 29.598611111111115, 30.45749999999999, 30.011111111111106, 29.974166666666676, 29.758888888888887, 29.41444444444444, 28.981388888888873, 28.452500000000004, 28.26111111111111, 28.15916666666668, 28.251944444444437, 28.089999999999996, 27.794722222222227, 27.371388888888887, 27.855833333333322, 27.753888888888884, 27.93361111111111, 28.190555555555562, 28.458055555555557, 28.91555555555555, 29.870555555555548, 29.881388888888896, 29.775833333333328, 29.918333333333337, 30.603055555555564, 30.10361111111111, 30.564444444444444, 29.549999999999997, 28.68416666666667, 28.71944444444444, 28.730833333333333, 28.332777777777775, 26.895555555555553, 27.200000000000014, 27.609444444444442, 28.33666666666666, 28.5586111111111, 29.389999999999993, 29.943611111111107, 29.60944444444444, 30.627500000000005, 30.64583333333333, 29.685833333333342, 29.660833333333333, 29.404999999999998, 28.365277777777784, 27.32027777777779, 27.918888888888894, 28.695277777777775, 29.415555555555564, 29.52361111111111, 28.189444444444444, 28.683611111111116, 28.209444444444447, 28.80638888888889]}