{"ID": 58, "Surgery": 0, "Body_Temp": 34.5, "Cancer": 0, "Left_Temps": [30.87805555555555, 30.407499999999995, 31.460277777777776, 31.208611111111104, 32.87972222222223, 32.74805555555556, 32.78499999999999, 32.64500000000001, 32.27638888888889, 30.4375, 30.027222222222218, 30.114999999999995, 30.97222222222222, 31.521111111111097, 31.75555555555555, 31.587500000000002, 31.74444444444445, 31.785833333333333, 31.94083333333333, 32.22666666666667, 31.01694444444444, 30.33444444444445, 30.275833333333335, 30.657222222222224, 31.155833333333337, 30.787222222222226, 30.917777777777776, 29.831666666666663, 30.608888888888885, 30.73833333333333, 30.44972222222223, 29.886111111111113, 30.98305555555556, 31.201388888888875, 32.34638888888889, 32.93777777777777, 32.87277777777778, 32.76972222222222, 32.136944444444445, 30.878333333333337, 30.591666666666658, 31.04694444444444, 31.61250000000001, 31.675277777777783, 31.955833333333334, 32.055, 32.798611111111114, 31.27055555555555, 31.08694444444445, 31.24277777777778, 32.33055555555555, 32.14027777777776, 31.740000000000002, 30.067777777777792, 30.207222222222228, 30.0975, 30.39944444444444, 31.92861111111112, 32.35083333333333, 33.26555555555555, 32.792222222222215, 32.55722222222223, 31.79861111111111, 30.897222222222215, 31.543333333333337, 31.917222222222215, 32.091944444444444, 32.03972222222223, 31.697500000000005, 32.046944444444435, 32.384166666666665, 32.16972222222223, 31.639444444444436, 30.949999999999996, 30.990833333333335, 31.984722222222235, 31.086111111111123, 32.512499999999996, 32.24583333333334, 33.35722222222223, 31.998888888888885, 32.03972222222223, 31.93027777777778, 32.52444444444445, 32.72, 32.23555555555556, 30.849444444444444, 30.882777777777775, 30.60055555555555, 31.044999999999998, 32.3138888888889, 31.793333333333326, 32.01305555555555, 32.20111111111111, 31.26055555555556, 32.17249999999999], "Right_Temps": [31.27055555555556, 30.098611111111115, 29.757777777777772, 29.947222222222226, 30.75722222222223, 30.907222222222217, 31.74000000000001, 31.778055555555543, 31.295, 30.553055555555552, 29.952222222222222, 29.98972222222222, 30.171944444444446, 30.665000000000006, 30.761388888888884, 30.43388888888889, 30.741388888888878, 31.276388888888896, 30.963333333333335, 31.043333333333337, 31.519722222222217, 30.628333333333337, 30.351388888888884, 29.97166666666666, 29.646944444444443, 29.62138888888889, 29.64638888888889, 30.505833333333335, 30.669444444444448, 30.807222222222215, 31.023888888888887, 29.998611111111114, 29.565833333333337, 29.884166666666665, 30.599722222222226, 31.122499999999995, 32.48194444444444, 31.54194444444445, 31.124722222222218, 31.109444444444446, 30.630555555555556, 30.727500000000003, 30.88694444444444, 30.958333333333332, 31.06861111111111, 31.186111111111106, 32.10305555555556, 32.712500000000006, 30.485555555555557, 30.057222222222222, 30.092222222222226, 30.26305555555555, 30.39611111111111, 31.74611111111112, 29.77361111111111, 29.720555555555556, 29.348333333333326, 30.029166666666665, 30.5261111111111, 31.05166666666667, 32.68583333333334, 32.53694444444445, 31.535833333333333, 31.264444444444436, 31.583888888888893, 31.100833333333338, 31.59472222222223, 33.546666666666674, 31.539999999999996, 31.61361111111111, 31.50055555555556, 31.93111111111111, 32.447500000000005, 29.54833333333334, 29.258333333333333, 29.637500000000003, 30.507777777777775, 31.171666666666667, 32.18166666666667, 32.05305555555556, 32.153611111111104, 32.10222222222222, 32.22638888888888, 32.46583333333332, 32.260555555555555, 31.890277777777776, 30.500555555555554, 30.209166666666672, 30.855833333333337, 31.110277777777778, 32.0025, 31.666388888888882, 31.980555555555547, 31.795, 31.518611111111106, 32.1825]}