{"ID": 6, "Surgery": 0, "Body_Temp": 35.4, "Cancer": 0, "Left_Temps": [32.37555555555556, 31.605833333333344, 31.348055555555554, 31.119999999999997, 31.201944444444457, 31.337777777777774, 31.428055555555563, 31.876666666666672, 32.94222222222223, 32.485833333333325, 32.591388888888886, 33.029722222222205, 32.976388888888906, 32.402777777777764, 33.301666666666655, 34.59138888888888, 33.278333333333336, 32.3375, 32.12333333333334, 31.685555555555563, 31.60166666666667, 32.676944444444445, 31.35055555555556, 31.233611111111106, 31.715, 31.238611111111116, 31.342222222222215, 31.053333333333335, 30.889722222222222, 31.389166666666668, 31.656944444444452, 30.95194444444445, 30.977777777777792, 30.83333333333334, 30.886944444444445, 31.140000000000004, 31.540833333333314, 32.05944444444445, 32.68888888888888, 32.44277777777778, 32.79805555555556, 32.823333333333345, 32.95694444444445, 32.92777777777778, 32.9075, 32.22777777777779, 32.11138888888889, 31.494999999999997, 31.323888888888884, 31.505277777777778, 31.39805555555556, 31.406388888888884, 30.883055555555547, 30.262777777777778, 30.42805555555556, 30.84861111111111, 30.671388888888877, 30.96055555555556, 30.77972222222222, 31.03277777777778, 31.385277777777773, 32.3675, 32.344166666666666, 32.56944444444444, 33.010000000000005, 32.905833333333334, 32.646388888888886, 30.846111111111114, 32.17277777777778, 31.814444444444437, 31.72472222222222, 31.513055555555557, 30.466388888888893, 30.36277777777777, 30.45166666666667, 30.64583333333332, 30.74027777777778, 30.8475, 32.08444444444444, 32.27277777777778, 32.5563888888889, 32.78333333333333, 30.869166666666658, 29.648333333333344, 31.250833333333333, 31.390833333333337, 31.060555555555553, 30.715833333333332, 30.88333333333334, 31.248055555555545, 31.88638888888889, 32.691111111111105, 31.870555555555555, 31.564166666666658, 31.421666666666667, 31.616944444444446], "Right_Temps": [33.045833333333334, 32.6075, 32.48694444444443, 32.49388888888888, 32.59222222222222, 32.6225, 32.84277777777777, 32.71388888888888, 32.45833333333334, 32.23027777777778, 31.52749999999999, 31.255277777777767, 31.730833333333344, 32.923611111111114, 32.48583333333333, 32.43888888888888, 32.531388888888884, 32.96527777777778, 31.957222222222224, 31.103333333333335, 30.76833333333333, 30.624444444444446, 30.62194444444445, 30.835555555555548, 31.374166666666675, 31.692500000000003, 31.638333333333335, 31.205833333333334, 31.504722222222217, 31.970833333333328, 32.65166666666667, 32.506388888888885, 32.09916666666667, 32.07361111111113, 32.33611111111111, 32.60055555555555, 32.78222222222221, 32.651666666666664, 32.6925, 32.40527777777778, 31.60194444444444, 31.695833333333326, 32.21722222222223, 32.38444444444443, 32.81361111111112, 32.71027777777778, 31.621388888888887, 31.485277777777785, 30.864999999999995, 31.609722222222217, 32.163333333333334, 32.22194444444445, 31.878888888888874, 31.206666666666667, 31.463611111111106, 32.23, 31.784444444444446, 31.692222222222238, 31.95694444444446, 32.610277777777775, 32.52666666666667, 32.23027777777777, 32.331111111111106, 32.49194444444445, 32.63861111111111, 32.67888888888889, 32.57888888888888, 31.968333333333344, 32.22277777777777, 32.13472222222222, 32.32833333333334, 32.369722222222215, 31.755277777777778, 31.317500000000003, 31.951666666666668, 31.454166666666666, 31.962500000000002, 32.409166666666664, 32.46055555555556, 32.3525, 32.29611111111112, 32.54555555555554, 32.54249999999999, 32.10138888888889, 31.99666666666667, 31.35166666666667, 31.511666666666663, 31.998333333333342, 31.981111111111108, 32.456666666666656, 32.81444444444445, 32.31361111111111, 32.028333333333336, 28.912222222222226, 32.30638888888888, 32.52444444444444]}