{"ID": 60, "Surgery": 0, "Body_Temp": 36.4, "Cancer": 0, "Left_Temps": [30.54194444444445, 27.879444444444438, 28.47083333333332, 29.8163888888889, 28.479444444444443, 28.54111111111111, 29.330277777777773, 29.926944444444448, 29.371944444444452, 28.572222222222226, 28.544166666666666, 28.639722222222215, 28.973888888888887, 30.607222222222227, 32.15305555555556, 32.16805555555555, 32.285833333333336, 30.404999999999998, 29.170555555555552, 28.441944444444445, 28.286944444444444, 28.35805555555556, 27.82333333333333, 27.947777777777773, 29.233333333333334, 29.26249999999999, 28.66472222222223, 28.668333333333333, 28.576944444444436, 28.574722222222224, 29.539444444444445, 27.500277777777786, 27.121944444444445, 27.552500000000002, 28.059166666666663, 28.078333333333333, 29.33777777777778, 29.851666666666656, 28.872777777777774, 28.27777777777778, 28.826388888888896, 28.696944444444448, 29.822222222222226, 31.13166666666666, 29.754444444444445, 29.183055555555566, 28.97277777777777, 28.24444444444444, 28.21333333333333, 28.963611111111113, 28.769444444444446, 29.051666666666662, 27.75555555555555, 28.570833333333333, 27.150833333333335, 27.268611111111113, 26.9125, 27.10194444444444, 27.454166666666666, 27.863055555555555, 29.294722222222212, 29.0586111111111, 28.165833333333328, 28.298611111111114, 28.706944444444446, 29.341666666666665, 29.658055555555556, 28.986944444444436, 28.72000000000001, 29.251111111111115, 25.445277777777775, 27.457222222222228, 27.73638888888889, 27.47222222222222, 26.983888888888888, 27.53555555555555, 27.87277777777778, 28.01888888888889, 28.8163888888889, 28.612499999999997, 28.590555555555554, 28.976111111111113, 28.38555555555555, 28.47361111111111, 27.740555555555556, 27.793333333333337, 27.656388888888884, 27.537777777777773, 28.370555555555555, 28.878333333333337, 28.447222222222226, 28.306944444444436, 28.17583333333334, 28.193888888888893, 28.928611111111106, 29.31666666666667], "Right_Temps": [31.21166666666667, 28.38555555555556, 27.36250000000001, 26.9763888888889, 27.842500000000005, 28.296111111111113, 27.16972222222223, 26.79138888888888, 27.275277777777777, 29.24361111111111, 28.41444444444444, 30.06027777777778, 30.9213888888889, 32.77472222222221, 32.104444444444454, 30.97333333333334, 30.664722222222224, 30.023888888888887, 28.748333333333342, 28.087777777777784, 27.64555555555556, 27.664444444444452, 27.164722222222217, 27.189444444444433, 27.649444444444452, 28.434722222222227, 28.91250000000001, 29.404444444444437, 29.554166666666667, 29.39527777777778, 29.79305555555556, 28.33527777777778, 27.118055555555554, 26.656388888888884, 27.280833333333337, 27.798611111111114, 26.738888888888894, 26.591944444444447, 27.145277777777785, 28.913333333333338, 28.609166666666667, 29.504722222222217, 30.242499999999993, 31.18833333333334, 29.570277777777783, 28.863055555555555, 28.554166666666674, 28.233055555555552, 27.829444444444444, 27.517222222222223, 25.102222222222224, 27.66888888888888, 27.95222222222222, 27.7325, 27.542500000000004, 27.686944444444443, 26.929444444444446, 26.472222222222214, 26.622499999999995, 27.252777777777776, 26.408333333333335, 26.539722222222213, 27.261388888888888, 27.653055555555557, 28.858055555555545, 29.221111111111117, 28.77027777777777, 28.42555555555555, 27.861666666666668, 27.3525, 26.79027777777777, 26.849444444444444, 27.097222222222214, 26.813611111111108, 26.73, 26.38138888888889, 26.312777777777768, 26.43055555555555, 26.442222222222213, 26.70472222222222, 27.182777777777776, 28.433055555555562, 27.845555555555553, 27.36027777777778, 27.346111111111114, 26.29416666666667, 26.534722222222218, 26.435555555555553, 26.223888888888894, 26.276666666666664, 26.708888888888893, 26.71583333333333, 26.405833333333337, 26.339166666666667, 26.30527777777777, 26.32194444444444]}