{"ID": 61, "Surgery": 0, "Body_Temp": 35.0, "Cancer": 0, "Left_Temps": [31.337500000000002, 29.987222222222222, 29.697500000000005, 29.725277777777777, 30.421388888888885, 30.700277777777785, 30.27027777777778, 30.508611111111104, 31.275277777777767, 30.761111111111106, 30.324722222222217, 29.765833333333326, 30.12611111111111, 30.608055555555545, 30.564722222222226, 30.761111111111113, 30.70472222222223, 30.518888888888892, 29.887777777777767, 29.559999999999995, 29.9375, 30.68111111111112, 30.210277777777776, 30.119722222222222, 30.61305555555556, 30.94361111111111, 34.509722222222216, 32.39805555555555, 31.555833333333332, 31.157500000000002, 31.436111111111106, 30.338333333333328, 29.471666666666668, 29.307222222222215, 29.884166666666676, 30.98527777777777, 31.289444444444445, 31.032500000000002, 31.7425, 30.74888888888889, 30.189722222222226, 30.34972222222222, 30.21277777777778, 30.56611111111111, 30.241666666666667, 30.34777777777778, 29.61111111111111, 29.60555555555557, 29.93777777777778, 29.223333333333333, 29.497777777777774, 29.351666666666663, 30.470833333333342, 29.942500000000003, 29.497499999999995, 30.029999999999998, 29.96861111111111, 29.18416666666667, 29.40277777777778, 30.48694444444445, 31.295277777777773, 31.127777777777776, 31.395000000000007, 30.32861111111111, 30.265833333333326, 30.37472222222222, 30.521388888888882, 31.285555555555554, 30.878611111111113, 29.553333333333327, 30.08277777777777, 29.97972222222222, 30.4838888888889, 29.05194444444444, 28.95472222222222, 29.011666666666663, 29.096944444444446, 29.85888888888889, 30.44999999999999, 30.40583333333333, 30.901666666666667, 30.984722222222224, 31.095555555555563, 28.28111111111111, 29.921944444444446, 31.061944444444446, 30.780833333333348, 28.80166666666667, 29.10777777777777, 31.408611111111117, 30.601388888888884, 30.557499999999997, 31.263333333333335, 30.330555555555552, 30.298333333333332, 30.924999999999997], "Right_Temps": [31.66611111111111, 29.794999999999998, 29.053888888888892, 29.33583333333333, 30.391111111111123, 29.509166666666665, 29.944444444444457, 30.278055555555554, 31.51777777777778, 30.16888888888888, 29.74611111111111, 29.38916666666667, 30.98666666666666, 30.65222222222222, 31.053333333333335, 31.133611111111115, 30.63138888888889, 30.09527777777778, 30.423611111111118, 29.289722222222217, 28.77055555555555, 29.134444444444437, 28.896388888888893, 29.14055555555556, 29.007500000000007, 28.967777777777783, 31.845555555555563, 31.417777777777776, 31.53277777777778, 31.16444444444444, 31.23611111111111, 29.541944444444443, 28.808888888888898, 28.716388888888893, 29.261111111111106, 30.11833333333334, 30.01694444444444, 30.246944444444434, 30.193333333333335, 30.00305555555556, 29.58611111111111, 29.654444444444444, 30.278888888888886, 30.210833333333344, 30.481388888888887, 29.62805555555556, 29.143611111111113, 29.396944444444443, 29.496111111111116, 29.90694444444445, 29.40138888888889, 28.62083333333333, 29.58972222222222, 29.38583333333333, 29.602777777777785, 29.741388888888885, 29.205000000000002, 28.71805555555556, 29.44194444444444, 29.62444444444445, 30.008055555555554, 29.90222222222222, 29.878888888888884, 30.352777777777778, 30.093333333333337, 31.093055555555566, 29.55944444444444, 29.82055555555556, 30.899999999999995, 30.86333333333333, 30.299444444444436, 28.90611111111111, 28.993333333333332, 28.875833333333325, 28.907222222222217, 28.707222222222224, 29.191944444444445, 29.457499999999996, 30.140833333333326, 29.59833333333334, 29.80444444444444, 29.713611111111106, 29.977777777777785, 30.568611111111107, 29.060000000000002, 29.64555555555555, 29.514722222222233, 28.994166666666665, 29.05916666666667, 29.678333333333327, 30.199722222222224, 30.05527777777777, 29.761388888888884, 29.666666666666668, 29.100833333333338, 29.674444444444443]}