{"ID": 62, "Surgery": 0, "Body_Temp": 35.9, "Cancer": 0, "Left_Temps": [30.834722222222226, 29.138888888888896, 29.33333333333333, 28.841944444444444, 29.030277777777783, 29.505000000000003, 30.216666666666672, 29.71083333333333, 29.678055555555563, 29.781388888888884, 30.66472222222223, 30.055, 30.14361111111112, 31.816666666666677, 30.92666666666667, 30.981388888888894, 30.871388888888887, 30.58638888888889, 30.03083333333333, 29.856388888888894, 29.092499999999998, 29.414166666666663, 30.096666666666668, 29.643333333333334, 29.074444444444445, 29.218888888888884, 29.620000000000005, 28.44166666666667, 28.313888888888886, 29.385277777777787, 29.64166666666666, 28.566388888888884, 29.028888888888886, 28.508055555555554, 28.86194444444445, 29.552499999999995, 30.216666666666665, 29.695277777777775, 29.445277777777783, 29.940833333333323, 30.588888888888885, 30.158333333333335, 30.360277777777778, 30.508888888888894, 30.022222222222222, 30.008055555555554, 29.495555555555555, 29.271388888888893, 29.111666666666665, 28.911666666666665, 28.52194444444445, 28.1575, 28.15555555555555, 27.99138888888888, 28.01222222222222, 28.101944444444445, 28.095833333333328, 28.30777777777778, 28.75611111111111, 29.401388888888885, 30.073888888888884, 29.56805555555555, 29.51166666666667, 29.985833333333332, 29.584444444444443, 29.82277777777778, 30.18194444444445, 29.637777777777785, 31.214166666666667, 29.143055555555552, 28.893333333333334, 28.546666666666667, 28.296666666666667, 27.692500000000006, 27.67444444444444, 28.00166666666668, 28.867499999999993, 30.00638888888889, 29.900555555555552, 29.88333333333334, 29.931388888888893, 29.300555555555547, 29.585277777777783, 29.488055555555555, 28.908611111111107, 28.695833333333333, 28.184166666666663, 27.929444444444446, 28.405000000000005, 29.567777777777774, 30.551388888888905, 30.11861111111111, 30.801388888888887, 28.89138888888888, 28.43833333333333, 29.056388888888883], "Right_Temps": [29.60555555555556, 28.716666666666672, 28.78861111111111, 29.17388888888889, 29.452222222222222, 29.64583333333333, 30.623055555555556, 29.809166666666663, 29.495277777777776, 29.45555555555556, 28.897777777777783, 28.736111111111104, 28.682222222222215, 28.56472222222222, 29.8475, 30.012777777777778, 29.873055555555556, 29.743055555555557, 29.668333333333333, 29.269166666666674, 28.494166666666665, 28.24972222222223, 28.06166666666667, 27.95583333333334, 28.180277777777782, 28.176111111111105, 28.347500000000004, 29.150000000000002, 28.98472222222223, 29.02111111111111, 29.05805555555556, 28.143611111111102, 28.25222222222223, 29.175277777777776, 29.334444444444443, 29.512777777777778, 30.60666666666667, 29.709999999999997, 29.369166666666665, 29.120555555555566, 28.67527777777779, 28.634166666666673, 29.345277777777774, 29.538333333333338, 29.68333333333333, 30.09166666666668, 29.297777777777778, 28.913611111111102, 28.347499999999997, 28.06416666666667, 28.167222222222225, 28.769444444444446, 28.965, 29.281111111111116, 27.953611111111112, 27.851666666666663, 27.696388888888887, 28.323611111111106, 28.893888888888895, 29.37611111111111, 29.81611111111112, 29.18305555555556, 29.014444444444436, 28.816388888888884, 28.712222222222223, 29.621111111111116, 30.89555555555556, 31.248611111111117, 29.74944444444444, 28.681666666666658, 28.728611111111118, 29.185277777777774, 29.096111111111117, 28.431944444444436, 27.70722222222222, 28.168888888888883, 29.091666666666665, 29.387777777777785, 29.725833333333338, 28.71583333333334, 28.68694444444444, 29.332499999999996, 28.97027777777778, 29.50333333333333, 28.465, 28.756944444444443, 28.691111111111102, 28.211666666666662, 29.29833333333333, 29.396111111111104, 29.13638888888889, 28.37916666666667, 28.37722222222222, 28.613333333333337, 28.97305555555556, 29.23638888888889]}