{"ID": 63, "Surgery": 0, "Body_Temp": 35.9, "Cancer": 0, "Left_Temps": [29.129444444444445, 28.077499999999997, 28.400833333333335, 29.469999999999995, 30.65416666666668, 32.62083333333334, 32.24750000000001, 31.366388888888896, 31.01388888888889, 31.398888888888887, 31.630000000000003, 30.923055555555564, 31.934722222222224, 31.976944444444445, 31.955833333333356, 31.910555555555554, 31.78111111111111, 31.552500000000002, 31.217222222222215, 31.182777777777787, 31.270833333333332, 30.643611111111113, 30.958055555555557, 30.39027777777777, 30.138055555555557, 29.632500000000007, 29.5, 29.313611111111115, 28.989166666666662, 27.66416666666667, 28.126944444444444, 27.778888888888886, 28.48388888888889, 30.227777777777778, 32.031944444444456, 33.332222222222214, 32.23138888888889, 30.97472222222222, 31.34555555555555, 31.948055555555552, 32.10166666666667, 33.02888888888887, 33.033055555555556, 32.203333333333326, 31.93138888888889, 31.509722222222226, 31.285833333333333, 31.5411111111111, 30.54749999999999, 30.55694444444445, 30.268055555555563, 29.9086111111111, 29.28805555555555, 29.011388888888884, 27.796944444444435, 27.899722222222223, 28.905000000000005, 31.100277777777777, 32.390277777777776, 32.07361111111111, 31.230277777777776, 31.21194444444444, 31.574722222222217, 32.55833333333334, 32.9525, 32.44833333333332, 31.85444444444445, 31.505277777777792, 31.64166666666666, 30.721111111111114, 30.441111111111102, 29.825000000000003, 29.33638888888889, 28.478333333333335, 28.97555555555556, 30.157222222222224, 31.20805555555555, 31.592222222222226, 31.460000000000004, 31.268055555555552, 32.153055555555554, 32.02944444444444, 31.802499999999995, 31.65222222222222, 30.942222222222217, 30.317222222222224, 28.11277777777778, 29.489444444444448, 30.470833333333328, 31.424722222222215, 31.130277777777778, 31.914722222222217, 31.59444444444444, 31.29194444444444, 30.140833333333333, 30.728055555555564], "Right_Temps": [30.387222222222224, 30.127222222222226, 30.519444444444446, 31.5275, 31.429722222222217, 30.792500000000004, 31.02, 31.790277777777778, 31.53805555555554, 30.623055555555553, 30.51472222222223, 30.855833333333333, 33.33111111111111, 33.079444444444434, 33.038888888888884, 32.77638888888889, 32.461111111111116, 32.61972222222222, 32.623055555555545, 32.36749999999999, 31.8588888888889, 30.859444444444446, 31.042499999999993, 31.469166666666656, 31.442777777777778, 30.861944444444443, 31.10055555555555, 30.57388888888889, 28.838333333333328, 28.41055555555555, 28.82916666666667, 28.99638888888888, 29.927499999999995, 31.419166666666666, 31.550000000000004, 31.311111111111117, 31.654722222222233, 31.158611111111114, 30.677500000000002, 30.356666666666676, 32.542777777777786, 33.152777777777764, 33.13416666666667, 32.76249999999999, 32.95222222222222, 32.62805555555555, 32.31944444444445, 31.923611111111118, 31.01249999999999, 30.845277777777774, 31.590000000000007, 30.998055555555556, 30.736111111111118, 30.26722222222222, 28.374444444444446, 28.18777777777777, 28.68666666666666, 29.78916666666667, 30.74055555555556, 31.435277777777774, 31.661944444444448, 31.15000000000001, 30.610000000000007, 32.296666666666674, 32.9536111111111, 33.153888888888886, 32.959999999999994, 32.51555555555555, 31.921666666666667, 31.19388888888889, 31.166111111111107, 30.776944444444453, 29.89222222222222, 29.08583333333333, 28.694166666666675, 29.6075, 30.852222222222217, 31.79388888888888, 31.940000000000012, 32.01138888888889, 32.41166666666666, 33.27694444444445, 32.45277777777779, 32.19500000000001, 31.377222222222226, 31.158888888888896, 28.702222222222222, 29.747777777777774, 31.09666666666666, 31.598888888888894, 31.323888888888884, 32.59305555555555, 32.40555555555555, 32.168888888888894, 30.144166666666667, 31.924444444444443]}