{"ID": 64, "Surgery": 0, "Body_Temp": 35.3, "Cancer": 0, "Left_Temps": [32.90916666666667, 30.420833333333334, 29.04694444444444, 28.600277777777777, 28.512222222222224, 28.569999999999993, 28.602777777777778, 29.037500000000005, 29.407500000000002, 29.61416666666667, 30.0175, 30.39555555555555, 30.782777777777785, 30.988888888888887, 31.15027777777778, 30.901111111111106, 31.011388888888884, 30.42027777777778, 29.938611111111115, 29.628611111111102, 29.29416666666666, 29.263888888888896, 28.897222222222215, 28.631944444444443, 28.47611111111112, 28.478333333333335, 28.70777777777778, 28.505000000000003, 31.22472222222222, 31.681944444444444, 32.231388888888894, 29.879722222222217, 28.848055555555568, 28.26805555555555, 28.221388888888892, 28.325277777777774, 28.637777777777785, 29.220000000000002, 29.525555555555552, 29.91250000000001, 30.40222222222223, 30.529444444444444, 30.62749999999999, 31.014722222222215, 30.273611111111123, 29.917777777777783, 29.59361111111111, 29.254722222222224, 28.84777777777778, 28.630277777777778, 28.671666666666667, 28.727777777777778, 28.31861111111111, 28.882777777777783, 29.068333333333335, 29.368055555555557, 28.464444444444446, 28.09833333333333, 28.132222222222225, 28.344166666666663, 28.807500000000005, 29.142222222222227, 29.422777777777778, 29.85166666666667, 30.08888888888889, 30.0961111111111, 29.885000000000005, 29.467777777777783, 29.132777777777775, 29.112222222222215, 29.143055555555563, 28.87722222222222, 28.644444444444446, 28.21055555555556, 28.212777777777774, 28.01555555555555, 28.068055555555553, 28.468333333333337, 28.915277777777778, 29.00999999999999, 29.380277777777785, 29.887222222222217, 29.259444444444448, 29.126944444444444, 29.36194444444445, 28.437500000000007, 28.366944444444435, 28.15416666666667, 28.187500000000007, 28.514444444444443, 28.762499999999996, 29.077222222222215, 28.914722222222224, 28.840833333333347, 28.443333333333335, 28.57944444444444], "Right_Temps": [31.91222222222222, 29.707222222222217, 28.819722222222214, 28.84083333333334, 28.984444444444446, 28.964999999999993, 28.93833333333334, 29.587222222222213, 29.482777777777788, 29.52055555555555, 29.737777777777783, 30.351666666666674, 30.57888888888888, 30.893333333333334, 31.162777777777777, 31.017222222222212, 30.918888888888887, 29.89166666666667, 29.339444444444453, 29.76277777777777, 28.700555555555557, 28.44805555555556, 28.46166666666667, 28.666388888888896, 28.886111111111106, 29.196111111111108, 32.018055555555556, 31.590555555555543, 31.512222222222224, 30.53388888888888, 31.308055555555566, 29.279444444444444, 28.468333333333337, 28.254166666666663, 29.009166666666665, 28.578055555555547, 28.81944444444444, 29.79638888888889, 29.62138888888889, 29.599444444444437, 30.098333333333333, 30.306388888888883, 30.477222222222238, 30.751666666666665, 29.918333333333333, 29.421666666666656, 29.912500000000005, 28.848888888888887, 28.675555555555555, 28.966388888888886, 28.69833333333333, 28.716666666666665, 29.019722222222224, 28.869166666666665, 28.673055555555557, 28.959166666666665, 28.49722222222222, 28.132500000000007, 28.333055555555557, 28.451944444444443, 29.353611111111118, 29.33944444444444, 29.628055555555566, 29.81611111111111, 29.860555555555564, 29.90972222222221, 29.48277777777778, 29.53083333333333, 29.169722222222227, 28.876111111111115, 28.938888888888883, 28.74555555555556, 28.840555555555554, 28.39722222222222, 28.251666666666658, 28.045, 28.24916666666667, 28.418611111111105, 29.088888888888885, 29.324166666666663, 29.54583333333334, 29.58972222222222, 29.878888888888884, 29.43638888888889, 29.070833333333333, 29.171388888888885, 28.93722222222222, 28.316944444444445, 28.433055555555555, 28.55083333333333, 28.991666666666674, 29.3936111111111, 29.226388888888884, 29.165277777777774, 28.62083333333333, 28.67361111111111]}