{"ID": 65, "Surgery": 0, "Body_Temp": 35.1, "Cancer": 0, "Left_Temps": [30.013888888888882, 29.854999999999986, 30.185000000000002, 30.80444444444444, 30.695000000000007, 30.972499999999993, 31.103611111111118, 30.965555555555554, 30.673055555555543, 30.49611111111112, 30.53333333333332, 30.50444444444444, 31.643611111111113, 31.704166666666676, 31.856111111111122, 31.990555555555552, 31.713333333333328, 31.40694444444445, 31.02138888888889, 30.533888888888896, 30.15555555555555, 30.035, 29.759166666666673, 29.688333333333325, 29.311111111111106, 29.418333333333337, 30.04916666666667, 29.355277777777783, 29.063611111111115, 29.029166666666672, 29.463055555555552, 29.219999999999995, 29.394166666666667, 30.29638888888889, 30.599999999999998, 30.36472222222222, 30.49972222222222, 30.367500000000007, 30.243611111111118, 30.430833333333347, 30.577499999999993, 31.509444444444448, 31.594722222222217, 31.744166666666665, 31.437222222222243, 31.12888888888889, 30.612222222222222, 30.369166666666658, 29.87277777777778, 29.66722222222223, 29.542500000000004, 28.972222222222214, 28.603333333333335, 28.63861111111111, 28.590277777777786, 28.853611111111107, 28.865833333333335, 29.60805555555556, 30.354166666666668, 30.283055555555546, 30.207222222222224, 30.074166666666656, 30.230277777777776, 30.402500000000014, 31.32916666666667, 31.42416666666667, 31.185000000000002, 30.772499999999997, 30.555000000000007, 30.191111111111113, 30.191666666666663, 29.72666666666667, 28.88916666666668, 29.091666666666672, 28.747222222222224, 29.17138888888889, 29.770555555555557, 30.25, 30.150277777777774, 30.157500000000002, 30.355277777777783, 31.208333333333332, 31.009722222222212, 30.554722222222217, 30.441944444444445, 30.119722222222222, 29.744722222222222, 29.173611111111118, 29.546944444444446, 29.96527777777778, 30.13527777777778, 30.22972222222222, 29.58194444444444, 27.85055555555555, 28.74638888888889, 29.22916666666667], "Right_Temps": [29.63666666666667, 30.03194444444445, 30.51777777777778, 30.423611111111104, 30.588055555555545, 31.05888888888888, 31.058333333333337, 30.988055555555555, 30.69055555555555, 30.53416666666666, 30.450000000000006, 32.05333333333334, 32.75444444444444, 33.170833333333334, 33.43944444444444, 33.5736111111111, 33.044444444444444, 32.11333333333333, 31.58333333333333, 31.112499999999997, 30.593333333333323, 30.60833333333333, 30.209722222222226, 29.856388888888887, 29.63666666666667, 29.508611111111115, 29.137777777777785, 28.966388888888886, 28.81638888888888, 29.013888888888896, 29.040833333333335, 29.162777777777787, 29.8636111111111, 30.238888888888887, 30.36888888888889, 30.966388888888886, 31.004722222222217, 30.66027777777777, 30.436666666666675, 30.51472222222223, 31.935833333333328, 32.31805555555556, 32.61611111111111, 32.81861111111112, 32.021666666666675, 31.690000000000005, 31.20583333333334, 30.64972222222222, 30.331944444444446, 29.87222222222223, 29.529722222222226, 29.266944444444434, 29.292222222222208, 29.348888888888894, 28.890277777777783, 28.795555555555552, 29.365833333333327, 29.96194444444445, 30.147222222222233, 30.571666666666673, 30.45527777777778, 30.20444444444444, 30.352222222222224, 31.836388888888887, 32.04083333333333, 32.06888888888889, 31.833333333333332, 31.229999999999993, 30.658611111111107, 30.18638888888889, 29.973888888888887, 29.80833333333333, 29.591388888888886, 29.529444444444444, 29.22138888888889, 29.633333333333326, 29.951388888888896, 30.221111111111107, 30.00555555555555, 29.988333333333337, 31.474166666666665, 31.776666666666674, 31.27416666666666, 30.74277777777777, 30.373055555555556, 29.829444444444448, 29.425277777777783, 28.763888888888896, 29.31638888888889, 30.013611111111103, 29.73361111111112, 31.099444444444444, 30.810277777777767, 30.39916666666667, 28.873888888888903, 30.364722222222227]}