{"ID": 66, "Surgery": 0, "Body_Temp": 35.2, "Cancer": 0, "Left_Temps": [27.8475, 26.09805555555555, 26.56972222222223, 28.596666666666675, 29.236388888888897, 28.10111111111112, 27.890277777777772, 28.880555555555556, 29.039722222222217, 29.038333333333338, 30.219722222222224, 30.805555555555557, 30.113888888888894, 29.305555555555557, 29.81222222222222, 30.216388888888893, 28.578611111111115, 28.498055555555556, 28.150277777777784, 26.676944444444437, 26.08944444444444, 25.90555555555555, 25.960000000000004, 26.79444444444444, 27.50333333333334, 26.735555555555557, 25.569444444444446, 25.954166666666666, 25.573333333333327, 25.79777777777777, 26.862499999999997, 25.520833333333336, 25.524444444444438, 26.518055555555563, 28.498055555555553, 27.793055555555558, 27.818888888888893, 30.52388888888888, 30.515277777777783, 28.824722222222224, 29.92694444444444, 29.483611111111106, 29.35333333333332, 29.10194444444444, 30.20111111111111, 27.7525, 26.793333333333333, 27.04583333333333, 26.034444444444436, 27.53000000000001, 27.799166666666665, 25.977777777777778, 25.54, 25.24666666666667, 25.04527777777777, 25.075, 25.157777777777778, 25.865, 28.04388888888889, 27.63222222222223, 28.165277777777774, 29.49583333333333, 28.986944444444443, 29.00722222222222, 29.11416666666667, 28.994999999999997, 27.786388888888894, 27.938055555555554, 27.622777777777774, 26.609444444444453, 27.182222222222222, 25.846111111111114, 25.94666666666667, 25.582777777777775, 25.203611111111112, 25.709444444444447, 26.537222222222216, 27.864166666666662, 28.293333333333337, 28.438611111111115, 27.834722222222222, 27.80694444444444, 28.622500000000002, 29.421111111111113, 28.332777777777782, 26.253611111111113, 26.4325, 26.409999999999997, 27.200000000000003, 27.88305555555555, 27.80555555555556, 28.25249999999999, 28.132500000000004, 27.18861111111111, 26.91027777777778, 27.30611111111111], "Right_Temps": [27.638888888888893, 26.673611111111107, 25.917222222222218, 25.93, 26.642777777777777, 28.13916666666666, 28.938888888888883, 29.223611111111115, 29.15138888888889, 28.96583333333334, 28.953055555555554, 28.967499999999998, 29.121944444444452, 29.206666666666667, 29.32805555555556, 28.747500000000002, 28.240555555555556, 27.332500000000003, 26.851666666666663, 26.78388888888889, 26.60416666666667, 26.703611111111112, 27.309999999999995, 27.069722222222225, 27.343611111111116, 26.795277777777773, 29.257777777777772, 26.97888888888889, 26.809722222222227, 26.57416666666667, 27.00916666666667, 25.623055555555556, 25.522222222222222, 25.855000000000004, 26.30944444444445, 27.516388888888873, 29.910555555555554, 28.700000000000014, 29.11166666666667, 29.116111111111106, 28.911388888888887, 28.658333333333335, 28.679722222222235, 29.019444444444446, 27.341111111111104, 27.28888888888889, 27.285833333333336, 26.960833333333337, 27.709722222222222, 27.285833333333322, 26.95694444444445, 26.253611111111116, 26.37611111111111, 26.490000000000002, 25.795, 25.555833333333332, 25.386111111111113, 25.724722222222223, 26.49666666666666, 28.14666666666667, 28.765, 28.543333333333337, 28.907499999999995, 28.935555555555556, 28.03, 27.525277777777774, 28.345000000000006, 27.378611111111113, 27.511666666666667, 28.60944444444444, 26.98611111111111, 26.13416666666667, 26.24388888888889, 26.170833333333327, 25.91222222222222, 26.00250000000001, 26.59250000000001, 27.985833333333332, 28.23361111111111, 28.712500000000002, 29.65916666666666, 28.11138888888889, 28.12472222222222, 28.515833333333337, 28.626944444444444, 26.592777777777773, 26.716944444444444, 26.42861111111111, 27.000555555555554, 28.306944444444444, 28.334999999999997, 28.222777777777782, 28.756944444444443, 27.442222222222224, 26.692777777777767, 27.420555555555552]}