{"ID": 67, "Surgery": 0, "Body_Temp": 36.3, "Cancer": 0, "Left_Temps": [31.57638888888889, 30.998611111111114, 31.373333333333335, 32.19388888888889, 33.319166666666675, 34.357777777777784, 34.460555555555544, 33.00194444444445, 33.440277777777766, 33.97777777777779, 33.346111111111114, 31.615555555555552, 31.99277777777778, 32.98472222222222, 32.52611111111112, 32.72055555555556, 32.67777777777778, 34.18, 34.16777777777778, 32.15583333333334, 32.44916666666667, 31.51805555555557, 31.947777777777773, 31.303611111111113, 31.025833333333342, 31.536388888888887, 31.238055555555555, 30.45805555555556, 34.188055555555565, 33.6475, 32.053333333333335, 31.215000000000007, 32.50638888888889, 32.93444444444443, 32.846944444444446, 33.49888888888889, 34.41361111111111, 33.367777777777775, 33.92888888888889, 33.914722222222224, 33.345, 34.432777777777765, 33.816388888888895, 33.70666666666668, 34.18805555555555, 33.705000000000005, 31.501388888888886, 31.812222222222218, 31.616666666666667, 31.366388888888885, 30.834999999999997, 30.650555555555556, 30.549444444444443, 30.690000000000005, 31.937499999999993, 33.73083333333334, 33.23333333333333, 32.26805555555555, 32.183611111111105, 32.1525, 33.31416666666666, 33.11000000000001, 32.87888888888889, 33.786666666666676, 32.770277777777764, 33.90805555555557, 32.75111111111111, 32.45722222222222, 31.484722222222224, 31.709722222222222, 30.82, 30.27472222222222, 30.945, 30.56472222222222, 31.608611111111106, 33.536111111111104, 32.1911111111111, 31.896944444444443, 31.655277777777776, 32.83722222222222, 33.21138888888889, 32.257222222222225, 33.01916666666668, 32.51861111111111, 30.78555555555556, 30.512777777777785, 30.43472222222223, 30.755277777777778, 32.47250000000002, 33.67027777777778, 32.02027777777777, 33.4052777777778, 33.4625, 30.926666666666662, 31.136666666666663, 32.81527777777777], "Right_Temps": [32.49388888888889, 31.888611111111103, 30.479166666666668, 29.669999999999998, 29.57472222222221, 29.984444444444453, 30.6325, 30.53805555555555, 31.226111111111102, 30.48472222222223, 31.36861111111111, 30.424722222222222, 29.805833333333332, 31.265277777777783, 31.861944444444458, 32.21750000000001, 32.198055555555555, 32.68222222222222, 31.93694444444445, 31.85305555555555, 31.91416666666667, 30.066944444444445, 29.83916666666666, 29.97638888888889, 30.37138888888888, 30.66666666666666, 32.44444444444446, 30.909999999999993, 30.70055555555555, 29.929722222222228, 31.318611111111107, 33.23638888888888, 31.859166666666667, 30.013055555555564, 29.95444444444444, 30.253055555555566, 30.51388888888889, 30.584722222222222, 30.468333333333344, 30.929722222222225, 30.832222222222228, 31.31305555555555, 31.53083333333333, 31.950277777777785, 32.75666666666665, 32.12111111111111, 31.26388888888889, 31.502500000000005, 31.960833333333326, 30.515833333333333, 30.389722222222215, 30.307222222222222, 30.13944444444445, 30.136388888888884, 29.571111111111115, 30.65555555555555, 31.733611111111106, 30.38527777777778, 30.36027777777777, 31.305277777777786, 30.510833333333338, 30.47944444444444, 30.86888888888889, 31.99444444444445, 32.68277777777777, 32.906944444444434, 32.12083333333334, 31.60472222222223, 32.194166666666675, 31.26694444444444, 32.01305555555555, 31.75305555555556, 30.326111111111125, 29.739166666666677, 29.917500000000004, 29.800833333333337, 30.029722222222226, 32.10777777777778, 30.847222222222214, 31.143888888888892, 30.595833333333342, 31.77861111111112, 31.58583333333333, 31.26083333333333, 32.767500000000005, 31.03194444444444, 30.54111111111111, 30.07861111111111, 29.50722222222222, 30.584166666666665, 31.059999999999988, 30.88138888888889, 29.429444444444446, 31.38527777777778, 31.00694444444445, 30.324166666666656]}