{"ID": 68, "Surgery": 0, "Body_Temp": 35.6, "Cancer": 0, "Left_Temps": [30.21611111111111, 29.40472222222222, 29.102777777777785, 29.113888888888887, 29.618888888888883, 29.466944444444444, 28.999444444444446, 29.716388888888893, 29.85805555555556, 29.94944444444444, 29.640833333333326, 29.275277777777788, 29.192499999999995, 30.028055555555554, 29.637777777777785, 30.830555555555552, 30.963055555555556, 30.09055555555555, 29.331388888888885, 29.102222222222217, 29.491944444444446, 29.685555555555556, 29.748055555555556, 30.00305555555556, 30.48861111111111, 30.90555555555555, 31.50249999999999, 28.383888888888887, 29.717222222222226, 29.573333333333338, 29.63583333333333, 28.485555555555557, 28.222777777777775, 28.5113888888889, 29.06527777777778, 29.055, 28.651388888888885, 29.75388888888888, 29.429444444444446, 29.66805555555554, 29.32861111111111, 29.717777777777783, 29.57305555555556, 29.61333333333333, 28.798333333333332, 28.644999999999996, 29.112499999999997, 28.225277777777777, 28.423055555555557, 28.080555555555552, 27.81138888888889, 27.697777777777773, 27.723055555555554, 28.15333333333333, 27.972777777777782, 28.134166666666665, 27.80083333333333, 27.99666666666667, 28.272777777777776, 28.44777777777777, 28.605277777777776, 29.099166666666665, 29.219166666666663, 29.1525, 28.98861111111111, 29.678888888888892, 29.38861111111111, 29.204444444444448, 28.550277777777783, 28.612500000000004, 28.298888888888893, 27.539166666666667, 26.885277777777773, 27.278888888888893, 27.420555555555556, 27.49277777777777, 27.74583333333333, 28.142777777777777, 28.874166666666667, 28.988611111111116, 28.715555555555554, 29.221666666666675, 28.94138888888889, 28.689166666666672, 28.04666666666667, 27.332499999999996, 27.125, 27.315833333333327, 27.55944444444444, 28.22749999999999, 28.58583333333333, 29.200555555555557, 28.298611111111104, 27.822499999999994, 27.476944444444438, 27.962777777777777], "Right_Temps": [29.17, 28.498888888888896, 28.64277777777778, 28.826666666666668, 28.439999999999998, 28.661944444444448, 28.7338888888889, 29.063333333333333, 29.422222222222224, 28.78194444444444, 28.557222222222226, 28.469722222222217, 28.46111111111111, 28.776388888888896, 29.12388888888889, 29.577222222222215, 29.31666666666667, 29.381944444444443, 29.095555555555556, 28.87555555555555, 28.290555555555557, 29.024166666666662, 28.40416666666667, 28.10027777777778, 27.874999999999996, 28.300555555555565, 29.27833333333334, 27.998333333333328, 29.191111111111113, 29.15361111111111, 28.894166666666663, 27.79972222222221, 27.66416666666667, 28.30194444444445, 28.216944444444447, 28.063055555555557, 28.18527777777777, 28.540277777777774, 29.078333333333337, 28.68333333333333, 28.428055555555552, 28.38694444444444, 28.692500000000003, 28.69444444444445, 28.918333333333333, 29.063611111111104, 29.06361111111111, 28.523888888888887, 27.969166666666673, 27.49333333333334, 27.21222222222222, 27.033888888888892, 27.03277777777778, 26.715833333333336, 27.44722222222223, 27.47499999999999, 27.056944444444454, 27.400277777777774, 27.89972222222223, 27.771111111111104, 27.97805555555556, 28.40527777777778, 28.627499999999998, 28.368611111111118, 28.252777777777776, 28.247777777777777, 28.703888888888887, 28.87444444444445, 29.375833333333333, 28.87138888888889, 28.358055555555563, 27.153888888888886, 26.40333333333332, 26.487222222222222, 26.690277777777773, 26.872499999999995, 27.72, 27.538055555555555, 27.711944444444438, 28.1425, 28.418055555555554, 28.33, 28.34277777777777, 28.19305555555556, 28.51833333333333, 26.520833333333336, 26.195555555555554, 26.430833333333332, 26.9961111111111, 27.299166666666665, 27.21777777777777, 27.912499999999998, 27.381388888888882, 27.103333333333328, 26.45277777777778, 26.856944444444444]}