{"ID": 69, "Surgery": 0, "Body_Temp": 35.6, "Cancer": 0, "Left_Temps": [32.47083333333333, 30.47222222222223, 29.761388888888884, 29.08083333333334, 29.09722222222222, 29.31888888888889, 28.89472222222221, 29.769166666666667, 30.827500000000004, 30.71833333333333, 29.44083333333333, 29.310833333333328, 30.021388888888882, 30.18722222222223, 30.471944444444457, 29.92055555555556, 29.757222222222214, 29.78666666666665, 29.50999999999999, 28.66222222222222, 27.926388888888898, 27.68083333333334, 27.665000000000003, 27.495277777777776, 27.55666666666667, 27.72722222222222, 27.97722222222222, 29.569722222222214, 31.31916666666666, 31.169722222222227, 31.705277777777766, 30.10388888888889, 30.100277777777777, 29.37805555555555, 28.606944444444437, 28.588611111111113, 29.00694444444445, 30.48, 31.691944444444445, 29.95861111111111, 29.08388888888889, 29.855555555555554, 29.820555555555554, 30.92611111111111, 30.140000000000004, 29.293055555555554, 28.569999999999993, 28.031388888888877, 27.85194444444444, 27.82805555555556, 28.419166666666673, 29.966944444444454, 29.89277777777778, 30.062499999999993, 29.32972222222222, 29.67055555555556, 29.602777777777774, 29.547499999999996, 28.445277777777775, 28.416388888888886, 29.637222222222224, 31.029166666666665, 30.88972222222223, 29.591944444444437, 29.359166666666663, 29.59055555555556, 28.951666666666668, 28.47194444444444, 28.253888888888895, 28.183888888888895, 28.66972222222222, 31.16722222222222, 29.484444444444446, 28.75638888888889, 29.111111111111118, 29.124166666666653, 28.345000000000002, 28.78444444444444, 29.80083333333333, 30.021944444444436, 29.92055555555556, 28.65638888888889, 28.457222222222217, 28.685000000000002, 28.783611111111114, 29.053055555555563, 29.287777777777777, 29.510833333333338, 28.52027777777777, 30.088888888888885, 29.41, 29.00111111111111, 28.583611111111104, 28.488888888888887, 30.136944444444445, 29.258611111111115], "Right_Temps": [30.94138888888889, 28.769722222222217, 27.772777777777783, 27.783611111111114, 29.04416666666667, 29.66388888888889, 30.01416666666666, 29.631666666666668, 28.89472222222221, 28.66972222222222, 28.78222222222223, 28.85694444444444, 29.003611111111113, 28.930000000000007, 29.171111111111106, 29.251666666666672, 28.8111111111111, 28.927222222222227, 28.807777777777776, 28.740555555555545, 28.68722222222222, 27.53833333333333, 27.37472222222222, 27.249166666666667, 27.653333333333343, 28.951944444444443, 29.48222222222222, 28.89527777777778, 29.456666666666663, 29.38638888888889, 30.057499999999997, 28.092777777777773, 27.261666666666667, 27.32166666666666, 28.230555555555554, 29.936944444444446, 29.195277777777775, 28.637222222222224, 28.430277777777782, 28.561666666666675, 29.21527777777777, 29.080555555555545, 29.17416666666667, 29.13472222222222, 29.364722222222213, 29.110277777777785, 29.05111111111111, 28.949166666666656, 28.100833333333338, 27.392222222222223, 27.289166666666667, 28.018055555555552, 29.079166666666666, 27.82388888888889, 27.791388888888886, 28.149444444444455, 27.008055555555565, 26.96277777777778, 27.679999999999996, 28.829444444444448, 28.759166666666665, 28.429444444444442, 28.20388888888889, 28.561666666666667, 29.570277777777772, 29.501666666666665, 29.2325, 29.101944444444445, 29.258611111111108, 28.25027777777778, 27.49083333333333, 27.480833333333337, 28.306944444444447, 27.13833333333334, 26.96388888888889, 26.62583333333334, 27.28111111111111, 28.598333333333333, 29.080833333333334, 28.257777777777775, 28.383888888888883, 29.310555555555553, 28.901111111111106, 28.59361111111111, 28.623333333333335, 27.682777777777783, 26.978888888888896, 26.572222222222226, 27.095833333333335, 29.386944444444445, 28.302500000000006, 27.883333333333333, 27.81083333333334, 28.44055555555555, 27.018888888888885, 28.618055555555543]}