{"ID": 7, "Surgery": 0, "Body_Temp": 36.4, "Cancer": 0, "Left_Temps": [32.3613888888889, 31.672222222222224, 31.288888888888884, 31.015277777777783, 31.15027777777776, 31.252499999999998, 31.21472222222223, 31.509722222222234, 30.8361111111111, 30.585277777777776, 30.851388888888884, 30.998888888888885, 30.71611111111112, 30.443333333333342, 30.880833333333328, 31.87000000000001, 31.09111111111112, 31.27944444444445, 30.809166666666677, 30.139444444444443, 29.664722222222217, 29.397777777777783, 29.22527777777778, 29.62749999999999, 29.844166666666677, 29.73638888888889, 30.58583333333333, 30.603611111111118, 31.264722222222222, 31.382777777777772, 31.870000000000005, 31.187500000000007, 30.88222222222222, 30.590555555555554, 30.65305555555555, 31.031666666666656, 31.101666666666663, 31.109999999999996, 30.677499999999995, 30.583888888888882, 30.928888888888885, 31.366944444444446, 30.65916666666665, 30.710555555555548, 30.733611111111102, 30.52499999999999, 30.012222222222224, 29.573055555555566, 29.212222222222223, 29.436388888888896, 29.575000000000006, 29.355833333333344, 29.50361111111111, 29.690833333333337, 29.8125, 30.40944444444444, 30.12555555555556, 30.232777777777788, 30.45416666666666, 30.87472222222223, 31.22472222222222, 30.930277777777786, 30.660000000000007, 31.055277777777786, 32.01583333333334, 31.03166666666667, 30.616111111111106, 30.251666666666665, 29.94166666666667, 29.608611111111106, 29.809722222222224, 29.539444444444445, 29.32666666666666, 29.48444444444444, 29.61166666666667, 29.74722222222222, 30.384722222222226, 30.87388888888889, 30.97138888888889, 30.792499999999993, 30.880277777777778, 30.832500000000007, 30.312777777777782, 29.310000000000002, 30.28833333333333, 30.428333333333335, 29.56916666666666, 29.588888888888885, 30.473333333333333, 30.744999999999997, 30.65694444444444, 30.5936111111111, 30.59222222222222, 30.663333333333338, 30.693611111111117, 30.62527777777778], "Right_Temps": [30.96749999999999, 30.29138888888889, 30.136388888888884, 29.946388888888887, 29.995833333333323, 30.271388888888893, 30.52166666666666, 30.855833333333333, 30.95916666666668, 31.423055555555543, 31.456666666666674, 30.905277777777783, 30.6675, 30.192777777777778, 30.205833333333334, 30.564444444444455, 30.258055555555554, 29.978055555555564, 30.18666666666666, 31.026388888888878, 31.31888888888888, 30.857222222222227, 29.92805555555556, 29.77333333333333, 29.99194444444444, 30.196944444444448, 30.95944444444445, 31.25694444444444, 30.83972222222222, 30.881944444444443, 31.220833333333342, 30.073333333333338, 30.011944444444445, 29.852777777777778, 29.727500000000003, 30.0625, 30.28055555555556, 30.63166666666666, 30.804444444444453, 31.625000000000014, 31.75638888888889, 30.78055555555555, 30.41333333333333, 30.123611111111117, 30.022499999999997, 29.94305555555555, 30.254444444444445, 30.23305555555556, 29.94916666666667, 29.692777777777778, 29.91972222222222, 30.314999999999998, 29.624166666666667, 29.634999999999998, 29.662500000000005, 29.889444444444457, 29.691944444444445, 29.636111111111113, 29.5463888888889, 29.919444444444448, 30.188055555555554, 30.436111111111114, 30.561944444444446, 30.84555555555554, 30.49083333333334, 30.322222222222226, 29.953611111111115, 30.155833333333337, 30.043055555555554, 29.78111111111111, 29.848333333333343, 30.29638888888889, 29.47194444444445, 29.406666666666677, 29.51388888888889, 29.731944444444455, 29.617222222222225, 29.782777777777767, 30.202500000000004, 30.475277777777777, 30.432777777777783, 30.188611111111115, 30.339722222222235, 30.183888888888887, 29.995277777777776, 30.330555555555552, 29.703333333333333, 29.700277777777785, 29.955, 29.993888888888893, 30.351944444444445, 30.336944444444455, 28.3975, 30.407499999999995, 30.248333333333335, 30.434722222222224]}