{"ID": 70, "Surgery": 0, "Body_Temp": 34.9, "Cancer": 0, "Left_Temps": [31.344999999999995, 31.244166666666665, 30.834444444444443, 29.822777777777773, 29.16111111111111, 30.194166666666668, 30.466388888888886, 30.647499999999994, 30.222499999999993, 30.162777777777777, 29.34722222222222, 29.34361111111111, 29.939444444444444, 31.039999999999996, 32.09416666666667, 31.889444444444457, 32.26305555555555, 31.851111111111113, 31.875, 29.683611111111116, 28.81361111111111, 28.613333333333326, 28.766388888888887, 29.195555555555554, 29.547222222222224, 29.539722222222217, 29.886666666666663, 29.214444444444446, 29.912500000000005, 30.036388888888887, 30.84083333333332, 29.36805555555555, 28.866944444444446, 30.08388888888889, 29.76472222222223, 31.12999999999999, 29.98, 29.627500000000015, 29.31305555555556, 30.29388888888888, 29.715000000000007, 30.69555555555556, 31.384166666666665, 32.06361111111111, 31.48666666666666, 30.344722222222224, 29.53722222222222, 28.932777777777783, 29.321111111111108, 29.73, 29.50500000000001, 29.373888888888885, 29.816944444444452, 29.229444444444443, 29.418611111111115, 29.69722222222222, 29.495833333333337, 29.856666666666666, 29.227777777777785, 30.737500000000004, 28.977499999999996, 29.428888888888885, 29.12833333333333, 30.011944444444445, 30.831666666666656, 31.058611111111116, 31.101111111111113, 30.56861111111111, 29.469722222222217, 29.882499999999993, 29.263888888888882, 29.41111111111111, 28.917777777777783, 28.43333333333333, 28.811388888888896, 29.74333333333334, 29.109166666666663, 29.74055555555556, 29.272499999999994, 29.001111111111115, 29.260555555555566, 29.995277777777783, 30.82638888888889, 30.356388888888887, 29.285000000000007, 28.91388888888889, 28.425555555555558, 28.550555555555555, 30.757777777777775, 28.996666666666655, 29.214999999999993, 29.331388888888892, 28.919722222222227, 29.692777777777778, 28.70944444444445, 29.05944444444446], "Right_Temps": [31.90972222222222, 29.060833333333335, 28.45444444444444, 28.207222222222224, 28.802222222222227, 29.171388888888885, 29.91000000000001, 29.693055555555556, 29.129444444444445, 29.095833333333335, 28.624166666666667, 29.172777777777785, 29.69777777777778, 29.941944444444452, 29.701111111111118, 29.188611111111115, 29.731111111111115, 29.201111111111103, 28.46277777777778, 28.640000000000004, 28.76694444444444, 28.47027777777778, 28.710833333333337, 29.168333333333337, 29.172777777777785, 28.33333333333334, 27.824999999999996, 28.657500000000002, 30.154999999999998, 30.76722222222223, 30.95805555555555, 28.7188888888889, 28.151944444444446, 28.062222222222218, 28.193888888888893, 29.897222222222215, 29.598888888888894, 28.96888888888889, 29.525277777777774, 28.786944444444444, 29.69138888888889, 29.9236111111111, 29.716388888888883, 29.72166666666666, 30.609444444444453, 28.508611111111104, 28.89249999999999, 29.80277777777778, 30.085277777777783, 29.873333333333328, 29.096944444444446, 28.470833333333335, 28.330277777777788, 29.790555555555564, 30.98805555555556, 29.028888888888883, 27.99527777777778, 27.817500000000003, 27.837777777777777, 29.001944444444447, 28.46861111111111, 28.986111111111118, 29.010277777777773, 27.898333333333333, 29.470000000000002, 29.32666666666667, 28.96194444444445, 29.399166666666662, 30.36, 29.426388888888894, 29.315833333333337, 29.696666666666673, 29.616388888888892, 30.391666666666666, 29.14527777777777, 28.156388888888884, 27.826666666666668, 27.87083333333333, 28.725277777777777, 29.223888888888887, 28.58722222222222, 29.498333333333328, 30.185000000000002, 29.533333333333335, 27.906388888888895, 29.633333333333326, 29.09861111111111, 29.359166666666667, 29.13638888888889, 28.452222222222222, 28.8825, 29.002777777777776, 28.564166666666665, 28.81666666666667, 29.82916666666667, 29.0425]}