{"ID": 71, "Surgery": 0, "Body_Temp": 36.1, "Cancer": 0, "Left_Temps": [31.905277777777787, 29.609722222222224, 29.75555555555555, 30.123055555555553, 29.81555555555555, 29.531666666666663, 29.655277777777787, 30.834722222222226, 30.59027777777778, 30.033055555555556, 30.45416666666667, 30.513888888888882, 30.222222222222214, 30.478611111111107, 32.09722222222223, 33.18166666666668, 31.751388888888883, 32.64055555555555, 32.304722222222225, 32.47777777777778, 32.58166666666666, 33.49916666666665, 30.77777777777777, 30.287222222222233, 31.134166666666673, 32.41138888888889, 33.22444444444445, 35.51, 30.96888888888889, 31.246111111111116, 32.031111111111116, 29.98388888888889, 29.47583333333333, 29.73305555555556, 30.10888888888889, 29.632777777777775, 29.782500000000002, 31.129166666666663, 30.813333333333325, 30.37138888888888, 30.224444444444455, 30.589999999999993, 30.17083333333333, 31.46916666666668, 31.840833333333332, 32.14861111111111, 32.45555555555555, 32.728611111111114, 32.499722222222225, 30.457222222222217, 30.581111111111106, 31.945833333333344, 31.21805555555556, 29.69166666666667, 29.35138888888889, 29.859166666666667, 29.560833333333328, 29.70111111111111, 30.67416666666667, 30.00972222222222, 30.192222222222224, 31.979166666666668, 30.60416666666666, 30.1525, 30.518333333333334, 31.37138888888889, 31.25638888888889, 31.505277777777778, 32.61555555555557, 31.945000000000007, 30.787777777777777, 31.286666666666665, 31.719444444444452, 28.645277777777785, 28.801388888888894, 29.38527777777777, 30.013055555555557, 30.153888888888886, 30.862777777777783, 31.90638888888888, 30.91611111111111, 31.356111111111105, 30.0886111111111, 32.8475, 32.321111111111115, 32.51472222222222, 30.174166666666665, 29.30583333333332, 29.79055555555555, 30.03055555555555, 31.373888888888896, 31.126944444444447, 30.970833333333335, 30.435833333333342, 30.535833333333333, 30.56027777777778], "Right_Temps": [30.359444444444453, 28.8475, 29.817222222222217, 30.46138888888889, 30.575555555555564, 31.466666666666665, 30.466388888888883, 30.837777777777788, 30.183055555555555, 30.011666666666663, 29.423611111111104, 29.301388888888894, 30.549166666666665, 32.587222222222216, 32.86166666666667, 32.67583333333332, 31.78416666666666, 30.706944444444446, 32.01027777777778, 32.132222222222225, 34.21666666666667, 32.639444444444436, 31.11888888888889, 31.89944444444445, 31.06611111111111, 31.369999999999987, 34.63083333333333, 34.51638888888889, 31.97638888888889, 31.344999999999995, 31.633888888888894, 28.447500000000005, 29.130833333333328, 30.18361111111111, 30.416111111111118, 30.91944444444444, 30.409444444444446, 30.986388888888897, 30.649722222222223, 29.669444444444448, 29.360833333333332, 30.40944444444444, 31.77500000000001, 31.803611111111106, 30.75666666666666, 31.738611111111116, 32.174444444444454, 33.12583333333333, 31.444999999999993, 31.49305555555556, 31.435555555555563, 30.819999999999986, 31.16083333333334, 31.490833333333327, 30.655277777777776, 28.701111111111103, 28.57722222222223, 29.995833333333337, 29.928888888888878, 31.97305555555556, 30.81361111111111, 30.861388888888882, 30.27388888888889, 29.603055555555557, 31.223333333333326, 31.44833333333333, 31.540277777777778, 33.0736111111111, 32.02444444444445, 31.460555555555555, 31.77111111111111, 31.721111111111107, 30.659444444444446, 28.963055555555563, 29.578888888888887, 29.841944444444444, 29.96472222222222, 30.92611111111111, 31.86694444444444, 31.477777777777778, 30.211111111111116, 31.56333333333334, 33.230555555555554, 31.646944444444458, 32.334722222222226, 27.50361111111111, 29.116388888888885, 29.61444444444444, 30.20277777777777, 30.913888888888884, 31.440833333333337, 31.754722222222224, 30.640555555555547, 30.51638888888888, 30.525000000000002, 30.74055555555556]}