{"ID": 72, "Surgery": 1, "Body_Temp": 33.3, "Cancer": 0, "Left_Temps": [31.491666666666667, 29.56305555555556, 30.2613888888889, 30.344166666666663, 29.585555555555548, 29.440833333333337, 31.344722222222224, 31.282777777777774, 29.928611111111113, 29.63305555555556, 29.890277777777783, 31.408333333333335, 31.613888888888894, 32.40083333333333, 32.6813888888889, 31.44250000000001, 31.391388888888887, 30.852500000000013, 29.885000000000005, 31.47055555555555, 29.363611111111116, 29.77472222222223, 29.644166666666667, 30.47555555555555, 29.75805555555556, 29.810555555555556, 30.075277777777778, 31.177500000000002, 29.872500000000002, 30.657222222222217, 30.54555555555556, 32.003611111111105, 30.81972222222223, 29.977777777777778, 28.768055555555545, 29.130277777777778, 29.630833333333335, 31.416388888888882, 30.33638888888889, 29.319722222222214, 30.557777777777776, 30.80750000000001, 30.887222222222217, 31.337500000000002, 31.64861111111111, 31.062777777777782, 29.959166666666665, 29.206666666666656, 29.327777777777776, 31.564722222222226, 30.029166666666665, 30.731944444444455, 31.16694444444444, 32.12583333333333, 30.15944444444444, 29.14555555555556, 28.428333333333338, 29.802777777777788, 29.60333333333334, 28.62472222222223, 29.888333333333335, 30.581388888888892, 30.580833333333334, 31.10666666666667, 31.70833333333334, 32.008611111111115, 31.459444444444436, 29.880833333333328, 28.801388888888894, 29.89972222222223, 31.91333333333334, 31.645555555555557, 31.727500000000003, 27.678611111111113, 28.06638888888889, 28.671111111111106, 30.313055555555554, 29.114999999999995, 31.217500000000012, 29.814166666666672, 31.14138888888888, 31.140833333333344, 29.691666666666663, 30.161666666666665, 30.243333333333332, 29.565000000000005, 27.468333333333327, 27.80694444444445, 31.35777777777777, 30.471111111111117, 29.452777777777783, 30.361388888888897, 28.63166666666666, 29.724166666666672, 28.554444444444453, 31.337500000000002], "Right_Temps": [29.59972222222222, 28.618333333333325, 29.458888888888893, 28.524722222222223, 30.00888888888888, 29.89527777777777, 31.22888888888889, 30.713611111111124, 32.12166666666666, 31.49333333333334, 29.768888888888885, 28.53805555555555, 30.235833333333332, 30.38861111111111, 30.706944444444446, 31.07861111111111, 30.561111111111114, 30.695833333333326, 29.955833333333334, 29.907222222222217, 28.915833333333335, 27.97416666666666, 29.5, 29.458611111111118, 29.15222222222223, 30.315833333333337, 31.004722222222224, 31.39111111111113, 30.059999999999995, 29.612499999999997, 28.989999999999995, 28.34555555555555, 28.63000000000001, 29.086944444444434, 29.79499999999999, 29.84361111111111, 30.75388888888889, 30.94888888888889, 31.28027777777777, 30.04527777777778, 29.30194444444444, 30.475277777777787, 30.599444444444444, 30.545555555555552, 30.455555555555552, 29.898611111111116, 29.454444444444448, 29.65972222222222, 28.44472222222223, 29.716111111111104, 30.16666666666666, 30.828055555555565, 30.776388888888885, 29.813888888888883, 30.589444444444453, 28.901944444444446, 29.703333333333337, 30.620277777777776, 29.945833333333333, 30.488333333333337, 30.346111111111114, 31.59777777777778, 30.31916666666666, 30.967500000000005, 30.60638888888888, 30.354166666666668, 30.071388888888894, 30.31555555555556, 29.33, 28.945277777777783, 30.20166666666667, 30.57388888888889, 30.54444444444444, 29.591944444444444, 31.571666666666665, 31.597777777777782, 30.123611111111106, 30.94055555555555, 30.188888888888886, 31.441388888888884, 30.12888888888889, 30.35638888888888, 30.74166666666666, 30.232777777777788, 29.44444444444445, 29.588611111111106, 30.399166666666677, 30.96472222222221, 29.361111111111118, 29.481944444444437, 30.85944444444444, 29.952499999999993, 31.20361111111111, 30.411388888888887, 29.609444444444453, 28.965555555555543]}