{"ID": 73, "Surgery": 0, "Body_Temp": 34.8, "Cancer": 0, "Left_Temps": [31.098888888888887, 29.198611111111102, 28.856388888888873, 29.32388888888889, 30.82861111111111, 31.75166666666668, 30.90444444444445, 30.554166666666667, 31.32750000000001, 31.108888888888885, 31.552499999999995, 29.851944444444452, 32.09527777777777, 31.860555555555557, 31.70305555555556, 31.550277777777783, 31.58861111111112, 31.523888888888887, 31.258055555555554, 30.565000000000005, 31.098888888888894, 29.584999999999997, 29.30972222222222, 29.597777777777765, 30.612222222222215, 29.277777777777786, 28.498888888888885, 28.704166666666666, 30.334722222222222, 31.805833333333332, 31.108888888888877, 29.622499999999995, 29.34444444444444, 29.678333333333327, 31.299999999999997, 30.379444444444452, 30.344722222222213, 31.087222222222223, 30.942222222222224, 31.09361111111111, 30.665833333333335, 31.029166666666672, 31.41305555555556, 31.321388888888894, 31.099166666666672, 30.883055555555547, 31.697777777777773, 30.285555555555554, 29.24777777777778, 30.49972222222222, 30.45138888888889, 28.728611111111107, 28.530277777777776, 29.783611111111114, 30.385277777777773, 30.256111111111107, 30.439166666666672, 31.094444444444452, 30.856111111111108, 30.253611111111102, 30.40694444444445, 30.913611111111113, 30.936111111111117, 30.697222222222226, 31.19444444444445, 31.320277777777772, 31.035833333333326, 31.25305555555555, 30.650555555555563, 29.354444444444443, 31.450000000000003, 29.541388888888875, 28.897777777777783, 29.39805555555556, 30.91305555555555, 30.662222222222226, 30.009999999999998, 30.966111111111104, 30.55805555555556, 30.874444444444446, 31.191111111111113, 30.93194444444445, 30.295277777777773, 30.639722222222222, 30.22138888888889, 29.942222222222217, 29.276944444444453, 30.64861111111111, 30.414722222222224, 31.296666666666667, 30.14527777777778, 31.435833333333342, 30.169166666666666, 30.920277777777773, 30.487222222222222, 30.856111111111115], "Right_Temps": [29.880555555555556, 28.874166666666667, 29.75361111111111, 29.08, 29.559722222222224, 30.744722222222226, 32.021666666666654, 31.513888888888896, 30.81722222222223, 30.722500000000007, 31.297222222222217, 30.75416666666667, 31.098055555555554, 30.75444444444444, 30.446388888888894, 30.221666666666668, 30.698611111111113, 31.026388888888885, 30.436111111111114, 30.955833333333334, 30.34722222222221, 30.41611111111111, 29.650000000000002, 28.63638888888889, 27.995277777777773, 28.234722222222217, 28.66277777777778, 29.226111111111102, 29.114722222222227, 30.23944444444444, 29.11333333333333, 28.72222222222222, 29.195833333333333, 29.127499999999998, 29.09722222222222, 30.617500000000007, 31.434722222222224, 31.18666666666666, 30.54055555555555, 30.706388888888892, 31.08555555555556, 31.069444444444457, 31.102222222222224, 30.76694444444444, 31.584999999999997, 30.43805555555556, 31.362222222222215, 30.99888888888889, 29.248333333333342, 29.230555555555554, 28.329444444444444, 28.661666666666672, 29.124999999999993, 29.629722222222224, 28.345000000000006, 30.084999999999994, 28.902500000000007, 28.340555555555557, 29.573888888888884, 31.184999999999995, 31.691388888888884, 31.236944444444443, 30.788888888888884, 31.41972222222222, 31.308611111111116, 32.128055555555555, 30.800833333333337, 31.015833333333337, 30.165833333333328, 28.939444444444455, 29.968611111111116, 29.16555555555555, 29.959722222222215, 28.596388888888903, 29.47222222222222, 28.54166666666667, 28.76611111111111, 30.658611111111117, 31.244444444444454, 30.65638888888889, 30.646111111111104, 30.791388888888896, 30.21083333333333, 30.17611111111111, 29.57305555555556, 30.121666666666663, 30.545, 28.717777777777776, 29.60666666666666, 30.801944444444448, 30.40638888888889, 30.20472222222223, 30.01666666666667, 30.27638888888889, 29.203055555555565, 30.479444444444443]}