{"ID": 75, "Surgery": 0, "Body_Temp": 34.1, "Cancer": 0, "Left_Temps": [30.088611111111113, 28.99694444444445, 28.865833333333327, 29.040833333333328, 29.462777777777774, 30.163055555555545, 31.60972222222221, 30.985277777777785, 30.126944444444444, 29.843611111111116, 29.658333333333342, 29.480833333333337, 30.27777777777778, 30.273055555555555, 30.48444444444444, 30.696944444444455, 30.24972222222222, 29.466388888888883, 29.435000000000002, 29.507777777777772, 29.588611111111106, 29.168333333333333, 29.119999999999997, 28.861111111111118, 28.691944444444445, 28.828333333333333, 29.12388888888889, 29.696388888888887, 30.004722222222217, 28.935833333333328, 29.403055555555554, 28.639444444444443, 28.596111111111107, 28.895555555555543, 29.35999999999999, 30.570000000000007, 31.73222222222222, 30.93638888888889, 30.210833333333326, 30.41277777777778, 29.42305555555555, 30.053055555555552, 30.140833333333333, 29.970555555555563, 29.44472222222222, 29.47638888888889, 29.508888888888887, 29.231388888888887, 29.313888888888894, 28.99027777777778, 28.987499999999997, 29.267777777777773, 29.433055555555555, 30.298611111111104, 29.03583333333334, 28.60444444444445, 28.763055555555557, 29.164722222222217, 29.670277777777773, 31.013888888888896, 30.700555555555564, 30.131666666666668, 30.557222222222215, 29.78333333333332, 29.8311111111111, 29.678333333333335, 29.594722222222217, 29.507500000000007, 29.320833333333326, 29.58416666666666, 30.056944444444444, 30.20472222222223, 30.52444444444445, 29.978611111111107, 29.58027777777778, 29.91388888888889, 30.032500000000002, 30.574722222222224, 29.75694444444444, 30.153888888888886, 29.988888888888898, 29.859722222222217, 29.990833333333327, 29.603333333333328, 29.916944444444443, 26.28499999999999, 29.21916666666667, 30.004444444444434, 29.881111111111107, 29.84638888888888, 29.37472222222223, 29.86250000000001, 29.136944444444445, 29.05666666666668, 29.165833333333335, 29.504166666666656], "Right_Temps": [30.401111111111106, 29.025277777777774, 28.937500000000007, 29.24750000000001, 29.509444444444437, 29.727222222222217, 29.641111111111115, 29.56194444444444, 30.813888888888886, 31.030277777777783, 30.89166666666667, 30.192222222222217, 30.95250000000001, 31.15944444444444, 30.958333333333332, 30.718611111111116, 30.39972222222222, 29.998611111111117, 29.519166666666674, 29.274722222222223, 29.754722222222224, 29.196388888888894, 29.100833333333338, 28.92055555555556, 29.08277777777777, 29.61694444444444, 31.274444444444434, 29.173611111111104, 29.026111111111124, 29.188888888888883, 29.6325, 28.79805555555555, 28.488888888888894, 28.680000000000007, 28.968055555555566, 29.216944444444444, 29.401388888888885, 29.753333333333323, 31.415000000000006, 30.329166666666676, 30.304999999999993, 31.272222222222222, 31.200277777777767, 30.64000000000001, 30.012500000000003, 29.717222222222226, 30.022499999999994, 30.28833333333333, 30.022777777777783, 29.189444444444455, 29.675555555555555, 29.63138888888889, 30.02027777777778, 28.65333333333334, 28.318888888888885, 28.482222222222212, 28.23138888888889, 28.28805555555555, 28.598055555555543, 28.974166666666672, 29.364999999999995, 30.883333333333333, 31.140555555555547, 30.2025, 30.592222222222226, 30.36694444444443, 30.300555555555555, 30.556666666666672, 29.673611111111104, 29.457499999999996, 30.264166666666668, 30.424722222222222, 28.881666666666668, 28.301388888888894, 28.07222222222222, 28.036666666666658, 28.31888888888888, 28.775000000000002, 29.61944444444445, 31.744999999999997, 30.959722222222222, 31.20777777777778, 30.19222222222223, 29.77999999999999, 30.123611111111117, 27.87249999999999, 29.269722222222224, 28.25416666666667, 28.341944444444444, 28.738888888888898, 29.66277777777778, 30.235277777777785, 29.294999999999998, 29.191388888888884, 29.22583333333333, 29.2325]}