{"ID": 80, "Surgery": 0, "Body_Temp": 34.5, "Cancer": 0, "Left_Temps": [31.315000000000005, 29.91638888888889, 29.304166666666656, 29.209722222222222, 29.44444444444445, 29.743611111111104, 29.911111111111097, 30.30916666666667, 30.262222222222224, 30.174999999999997, 30.05222222222222, 29.904166666666665, 29.96861111111111, 30.195277777777775, 30.394444444444446, 30.340833333333325, 30.447222222222234, 30.175555555555572, 30.057222222222222, 29.697777777777787, 29.05638888888889, 28.70222222222223, 28.746666666666655, 28.764999999999993, 28.743055555555557, 28.594722222222224, 29.681944444444444, 30.417777777777783, 30.224722222222226, 30.68138888888889, 31.122500000000002, 29.671111111111106, 29.309166666666655, 29.064722222222226, 29.339444444444446, 29.805, 30.228888888888896, 30.184722222222238, 30.046944444444428, 30.089166666666657, 30.08083333333333, 30.102777777777778, 30.217777777777776, 30.387222222222224, 30.582222222222228, 30.07055555555556, 29.591111111111097, 29.086944444444455, 28.785000000000007, 29.012500000000003, 29.18722222222222, 28.691944444444445, 29.31750000000001, 29.521666666666665, 29.548611111111118, 29.64555555555555, 29.22694444444444, 29.332222222222224, 29.35416666666666, 29.864444444444448, 30.010555555555552, 30.109999999999996, 30.132500000000007, 30.084722222222215, 30.05166666666666, 30.27, 30.119166666666654, 29.67138888888889, 29.248333333333342, 29.08305555555556, 29.753055555555548, 29.158611111111114, 28.831111111111113, 29.380833333333335, 29.50111111111111, 29.381666666666668, 29.486944444444436, 29.705000000000002, 30.043333333333333, 29.897222222222215, 29.939444444444447, 29.977222222222224, 29.656388888888884, 29.61361111111111, 29.509166666666673, 29.997777777777774, 29.617222222222225, 29.558055555555548, 29.66000000000001, 29.803888888888892, 29.813888888888886, 29.66333333333333, 29.811388888888896, 29.806111111111097, 29.87111111111111, 30.043611111111108], "Right_Temps": [30.244999999999997, 29.92805555555556, 30.282222222222224, 30.151111111111113, 29.907222222222217, 30.116388888888885, 30.230277777777783, 30.19555555555556, 29.881666666666668, 29.652499999999993, 29.718055555555566, 30.452777777777776, 30.436111111111106, 30.424722222222222, 30.319444444444443, 30.44972222222221, 29.871388888888887, 29.697500000000005, 30.311111111111114, 29.943611111111107, 29.351111111111113, 29.38333333333334, 29.105, 28.756388888888896, 28.588611111111113, 28.718611111111116, 29.135555555555545, 28.302777777777777, 29.218055555555566, 29.495277777777776, 29.798611111111104, 29.347777777777765, 29.403055555555554, 29.927500000000002, 29.919722222222227, 29.904166666666672, 30.196111111111104, 30.09638888888889, 29.995833333333337, 29.90472222222222, 30.128888888888884, 30.052500000000002, 30.254722222222224, 30.01416666666667, 29.835833333333337, 30.15972222222222, 29.69722222222222, 29.28944444444444, 28.834444444444436, 28.51194444444444, 28.302499999999995, 28.20166666666667, 28.303611111111117, 28.67722222222222, 28.78416666666666, 29.21472222222222, 29.09027777777778, 29.756944444444443, 30.103333333333335, 29.90555555555555, 30.22888888888889, 30.145277777777785, 30.49444444444445, 30.063888888888886, 29.956111111111113, 30.02666666666666, 29.723611111111122, 29.632777777777772, 29.195000000000007, 28.988333333333326, 28.84083333333334, 28.589444444444446, 28.595277777777774, 29.06194444444445, 29.088611111111113, 29.568611111111117, 30.46166666666667, 30.273333333333326, 30.413333333333338, 30.422222222222224, 30.12083333333333, 29.97972222222222, 30.52083333333334, 30.32333333333334, 30.235000000000007, 29.436111111111114, 29.301388888888887, 29.723888888888887, 29.97527777777778, 30.56722222222223, 30.153888888888893, 30.48361111111112, 30.179722222222228, 30.033611111111107, 30.176111111111116, 30.306111111111118]}