{"ID": 85, "Surgery": 0, "Body_Temp": 35.8, "Cancer": 0, "Left_Temps": [33.185277777777785, 30.22222222222222, 29.849722222222226, 29.654444444444444, 30.53250000000001, 30.608611111111113, 30.146111111111104, 30.153055555555554, 30.378888888888884, 30.393611111111113, 30.001388888888883, 30.359444444444453, 30.10861111111112, 30.775555555555552, 31.237499999999997, 32.33249999999999, 31.921666666666663, 31.90805555555555, 32.03583333333333, 30.883888888888887, 30.489444444444448, 29.1988888888889, 29.080277777777773, 29.664444444444435, 30.125555555555554, 30.60305555555555, 31.74888888888889, 31.570833333333326, 30.55583333333334, 29.948888888888877, 30.840555555555554, 30.469444444444452, 29.084166666666665, 29.235, 30.91972222222222, 30.834722222222215, 30.021944444444443, 30.46527777777778, 30.283333333333328, 30.278611111111104, 30.224444444444437, 30.526111111111113, 30.238888888888887, 32.7375, 32.35888888888888, 31.387222222222217, 31.546666666666667, 30.161944444444448, 29.114722222222213, 28.995277777777776, 29.355833333333337, 29.78194444444445, 29.40138888888889, 28.81694444444444, 29.155833333333337, 29.208888888888893, 29.80527777777777, 29.584999999999997, 30.07805555555556, 30.17611111111111, 29.890555555555554, 30.799444444444458, 30.6075, 30.800277777777783, 30.741111111111113, 30.67222222222221, 31.459722222222233, 30.848611111111115, 29.855555555555554, 29.29416666666667, 29.272499999999997, 28.705000000000002, 28.89222222222222, 28.993611111111104, 29.533333333333335, 29.119166666666658, 29.365833333333327, 29.525555555555552, 29.97055555555555, 30.257777777777783, 30.9225, 30.986111111111104, 29.676666666666662, 31.039166666666663, 29.41361111111111, 28.940277777777776, 29.135833333333338, 29.53833333333333, 30.061111111111117, 29.569166666666653, 30.094999999999995, 30.105, 30.353333333333335, 29.56638888888889, 30.265555555555554, 29.41305555555555], "Right_Temps": [30.86166666666666, 29.783611111111117, 30.846111111111114, 29.67111111111112, 29.626666666666665, 29.096388888888896, 30.803333333333335, 30.226944444444452, 30.048333333333332, 30.469444444444434, 29.854166666666668, 31.23694444444445, 31.832222222222228, 32.46194444444444, 31.99555555555556, 31.584999999999997, 31.614999999999995, 31.78527777777777, 31.09694444444444, 30.571944444444437, 29.8413888888889, 29.01611111111111, 29.05166666666667, 29.248055555555553, 29.306666666666672, 29.37583333333332, 30.01944444444443, 30.37333333333335, 29.680000000000007, 29.312222222222236, 30.249166666666667, 28.964444444444446, 29.393888888888885, 29.731388888888887, 28.997222222222224, 29.140833333333344, 30.115555555555552, 31.024166666666662, 29.995555555555555, 29.666666666666668, 31.16388888888889, 31.72833333333334, 32.11638888888889, 31.90722222222223, 31.91249999999999, 31.42944444444444, 30.510555555555566, 30.216111111111122, 29.412777777777777, 29.143055555555552, 29.58444444444445, 29.97222222222223, 30.75305555555555, 28.234166666666667, 28.573611111111113, 28.39999999999999, 28.307222222222222, 29.54166666666666, 29.03805555555556, 29.56138888888889, 29.879999999999995, 29.994166666666672, 29.52027777777778, 31.1075, 31.372222222222238, 32.03611111111111, 31.53722222222221, 30.445277777777783, 30.28833333333333, 29.804166666666674, 29.330277777777773, 29.838888888888885, 29.37777777777777, 28.15555555555556, 28.09194444444444, 28.307777777777773, 28.862222222222222, 30.43833333333334, 30.39916666666667, 30.683333333333344, 31.073333333333323, 31.172499999999996, 30.930277777777786, 30.675833333333326, 30.133333333333333, 29.82944444444444, 29.714444444444446, 28.07277777777779, 28.385555555555563, 29.744166666666658, 31.20138888888889, 31.10916666666668, 30.720555555555563, 30.540000000000006, 30.821666666666665, 31.091111111111104]}