{"ID": 86, "Surgery": 0, "Body_Temp": 35.1, "Cancer": 0, "Left_Temps": [29.040555555555557, 28.711111111111116, 29.540833333333335, 29.700555555555557, 29.85555555555556, 29.331666666666663, 29.605555555555547, 30.905277777777776, 30.365833333333335, 29.426111111111116, 30.07972222222223, 30.10305555555555, 31.23694444444445, 31.196666666666665, 31.123333333333335, 30.82972222222222, 30.546111111111113, 30.079166666666666, 29.616944444444446, 29.08861111111112, 29.143888888888885, 28.997777777777785, 28.95083333333334, 29.07416666666667, 29.352777777777774, 30.186666666666667, 30.93805555555556, 29.564999999999998, 29.00027777777778, 29.005555555555556, 28.9575, 29.382499999999993, 29.097499999999993, 29.60111111111111, 30.54805555555555, 29.306944444444444, 29.615833333333327, 30.78111111111111, 29.838888888888896, 30.04166666666667, 31.126111111111115, 31.59805555555556, 31.13583333333333, 30.85416666666667, 30.28555555555556, 29.939999999999998, 30.009166666666665, 29.83638888888889, 29.19805555555556, 28.479444444444457, 28.658333333333328, 28.99249999999999, 29.15222222222222, 28.072499999999998, 28.45777777777778, 29.07444444444444, 28.41138888888889, 28.968055555555548, 30.454722222222227, 29.97027777777778, 30.45833333333334, 30.726111111111113, 30.10722222222222, 30.111111111111118, 31.96277777777778, 31.095833333333335, 30.88472222222222, 30.768888888888892, 30.586111111111116, 29.78861111111111, 29.617222222222225, 29.369166666666665, 28.346111111111107, 27.992777777777768, 27.947500000000005, 28.915555555555557, 30.536944444444437, 30.094722222222224, 29.824999999999996, 30.54861111111111, 31.915000000000003, 30.565277777777776, 29.59388888888889, 30.05083333333333, 30.261111111111113, 28.279722222222215, 28.843888888888884, 28.535833333333333, 30.790555555555557, 29.39805555555556, 29.634444444444448, 30.0, 29.060555555555556, 29.358888888888877, 30.158055555555556, 29.659166666666668], "Right_Temps": [29.948055555555545, 30.0175, 28.752222222222226, 28.67138888888889, 28.860000000000007, 29.10361111111111, 29.745833333333337, 30.26833333333333, 30.87972222222223, 31.42333333333334, 30.931666666666658, 30.30861111111111, 31.20805555555556, 31.310833333333342, 31.599722222222212, 31.17833333333334, 30.47194444444445, 29.97638888888889, 29.89805555555556, 29.724999999999998, 30.318333333333335, 29.8675, 30.044444444444448, 29.921111111111113, 30.47222222222223, 31.083888888888893, 30.889722222222233, 31.80888888888889, 31.213333333333335, 29.764166666666668, 29.870277777777783, 28.81694444444444, 28.748055555555556, 28.799722222222233, 28.998611111111114, 30.338333333333335, 30.349166666666676, 30.27611111111112, 30.349166666666672, 31.247499999999988, 30.549166666666665, 31.544444444444455, 30.932777777777783, 30.82083333333334, 30.77777777777777, 29.9361111111111, 30.11472222222222, 31.718333333333337, 30.424444444444443, 30.707222222222228, 31.340000000000007, 29.869444444444454, 31.276111111111113, 29.411388888888894, 28.955833333333334, 28.562499999999993, 28.344999999999995, 28.33055555555556, 28.761944444444453, 30.2225, 30.071388888888887, 30.41472222222221, 30.999444444444446, 30.687777777777782, 30.049444444444443, 31.436388888888903, 31.482499999999998, 31.914722222222217, 30.596666666666668, 30.067500000000003, 30.37333333333335, 30.08305555555556, 28.943888888888896, 28.23638888888889, 28.170833333333327, 28.466944444444454, 29.040277777777785, 28.976944444444452, 30.55972222222223, 30.887499999999996, 30.72194444444444, 30.797500000000014, 30.364722222222227, 30.34805555555556, 30.296944444444453, 29.851666666666674, 28.772222222222222, 28.040555555555557, 28.4025, 28.83305555555556, 30.423888888888897, 30.443611111111107, 30.265833333333333, 30.375277777777782, 28.672500000000007, 29.14805555555556]}