{"ID": 87, "Surgery": 0, "Body_Temp": 36.2, "Cancer": 0, "Left_Temps": [31.494166666666665, 29.27527777777778, 29.00083333333334, 29.115555555555552, 30.390000000000004, 30.132222222222214, 29.320277777777783, 29.71277777777778, 30.43305555555556, 29.32, 31.131388888888903, 31.192222222222224, 31.833333333333332, 31.013611111111118, 31.560277777777785, 31.14638888888889, 30.470833333333335, 29.751388888888886, 29.577222222222222, 29.203888888888887, 29.301388888888887, 29.353611111111118, 30.624166666666667, 30.296666666666667, 29.515833333333337, 28.389166666666668, 28.044999999999998, 30.52194444444445, 30.158055555555556, 29.08, 29.284444444444446, 28.300277777777787, 28.32416666666667, 28.562500000000007, 30.032499999999995, 29.790555555555557, 29.130833333333335, 29.276666666666657, 30.581666666666674, 29.776111111111113, 30.112499999999997, 30.08555555555554, 29.84416666666667, 30.210555555555548, 29.672222222222224, 29.553611111111106, 29.127500000000005, 29.36333333333333, 30.222222222222214, 31.01722222222222, 29.895277777777785, 28.377500000000005, 27.714444444444446, 29.13055555555555, 29.855555555555554, 28.498055555555553, 28.35305555555556, 28.84527777777778, 29.911388888888887, 29.55638888888889, 29.123888888888885, 29.30972222222222, 30.147499999999994, 30.256666666666668, 30.025833333333335, 29.819166666666668, 29.211111111111116, 29.077222222222222, 29.287499999999998, 30.250555555555554, 30.468888888888884, 30.143333333333334, 29.567777777777785, 30.539444444444452, 30.44472222222222, 29.286666666666658, 30.053333333333327, 29.6425, 29.022499999999997, 29.168611111111115, 29.57777777777777, 29.23972222222222, 28.886944444444445, 29.106666666666666, 30.030277777777783, 30.1888888888889, 29.129444444444445, 29.087777777777774, 29.539444444444452, 29.85361111111111, 28.78111111111111, 28.666944444444443, 28.803888888888885, 29.466944444444444, 29.890000000000004, 29.62444444444444], "Right_Temps": [31.47388888888888, 30.59055555555556, 30.449444444444453, 30.59500000000001, 31.03111111111112, 29.090000000000007, 30.144722222222228, 30.560555555555553, 29.874999999999993, 30.13111111111111, 30.79833333333333, 30.803333333333327, 30.975555555555566, 30.836111111111116, 30.781111111111116, 30.580833333333334, 31.320833333333344, 30.63305555555557, 29.724444444444444, 29.47555555555556, 28.92694444444444, 28.889999999999993, 29.358333333333334, 29.778888888888883, 30.276666666666667, 31.65916666666668, 34.326944444444436, 31.1888888888889, 31.352777777777774, 30.403055555555554, 31.27444444444445, 28.415555555555557, 27.717777777777776, 27.994722222222222, 29.041944444444443, 29.221666666666675, 31.389166666666668, 30.151944444444446, 30.22972222222223, 31.40277777777778, 31.17305555555555, 31.556944444444444, 31.819722222222214, 31.668055555555554, 30.39194444444444, 30.002777777777776, 29.64222222222222, 28.651111111111113, 28.823333333333338, 29.921111111111106, 30.470555555555563, 30.854444444444432, 31.65555555555556, 31.36888888888889, 28.92916666666666, 28.014166666666664, 27.711111111111116, 27.997500000000002, 27.956944444444442, 28.71944444444444, 29.701388888888882, 29.247777777777774, 30.499166666666667, 30.99638888888889, 30.364722222222227, 30.241388888888896, 30.862500000000004, 29.896666666666665, 28.721111111111114, 28.76388888888889, 30.815277777777776, 32.46166666666667, 32.29777777777778, 29.558888888888898, 28.42777777777778, 28.974444444444437, 28.735555555555557, 27.980000000000004, 29.391666666666666, 30.05805555555556, 30.447499999999998, 30.360000000000007, 30.345833333333346, 28.983055555555566, 28.99583333333333, 29.82277777777778, 30.520833333333332, 29.758333333333333, 28.533888888888896, 28.067222222222224, 29.161666666666665, 30.76222222222223, 29.11777777777778, 28.999444444444446, 29.370000000000005, 29.054444444444446]}