{"ID": 88, "Surgery": 0, "Body_Temp": 35.7, "Cancer": 0, "Left_Temps": [30.284166666666668, 28.871388888888898, 28.69305555555555, 28.931388888888883, 29.243333333333332, 29.394722222222203, 29.666388888888882, 30.054166666666667, 31.398611111111116, 30.366111111111106, 30.746111111111116, 30.45194444444445, 30.112777777777783, 30.26999999999999, 30.28055555555555, 29.995555555555555, 30.291944444444443, 30.392500000000002, 29.79694444444444, 29.54833333333334, 29.35666666666666, 29.145833333333332, 28.876388888888883, 28.87277777777778, 29.355000000000004, 29.225277777777777, 29.488888888888887, 28.89611111111111, 28.88638888888889, 29.487500000000004, 29.958333333333332, 28.603333333333335, 28.25277777777778, 28.244722222222233, 28.74027777777778, 29.048888888888897, 29.506111111111117, 31.358611111111106, 30.759444444444448, 30.798888888888897, 31.133611111111115, 30.369166666666658, 30.443611111111117, 30.19583333333334, 30.179722222222228, 29.53250000000001, 29.626388888888883, 29.43388888888889, 29.25638888888888, 29.32972222222222, 29.11861111111111, 28.93361111111111, 28.81416666666668, 28.89333333333333, 28.74277777777777, 29.185555555555556, 28.232499999999998, 28.225833333333334, 28.459999999999997, 29.266388888888894, 30.601388888888884, 30.532500000000002, 30.02944444444445, 31.072222222222226, 31.003611111111113, 29.83305555555555, 29.197500000000005, 29.263888888888882, 29.25083333333334, 29.251944444444447, 29.170555555555552, 29.31888888888889, 28.910277777777782, 28.16166666666667, 28.298055555555557, 28.76083333333333, 29.126944444444447, 29.36861111111111, 30.294722222222212, 30.361944444444443, 29.92583333333333, 29.592222222222226, 29.321666666666665, 28.998333333333328, 29.19166666666667, 29.49555555555556, 28.221111111111114, 28.302222222222216, 28.920555555555552, 29.123333333333342, 29.62805555555556, 30.7325, 29.542777777777783, 29.29444444444444, 28.73361111111112, 29.290833333333335], "Right_Temps": [30.99361111111111, 29.192499999999995, 29.15555555555555, 28.95555555555556, 29.521111111111104, 31.42, 30.248611111111117, 29.808055555555555, 29.839722222222218, 29.976666666666674, 29.632500000000007, 29.369166666666672, 30.685555555555553, 30.529722222222226, 30.811111111111106, 30.359166666666667, 29.97861111111111, 29.63111111111111, 29.581388888888892, 29.3275, 29.302500000000002, 28.769444444444446, 29.079166666666666, 29.12805555555555, 29.429999999999993, 29.975555555555545, 29.776944444444446, 29.597777777777782, 29.68638888888889, 29.73166666666666, 30.290555555555557, 28.765833333333337, 28.667777777777776, 28.570833333333333, 29.584444444444443, 30.309166666666663, 29.85666666666667, 30.05111111111111, 30.156111111111116, 29.441666666666663, 29.88944444444445, 30.494722222222226, 30.353888888888903, 30.120833333333337, 29.833055555555557, 30.10027777777778, 29.375833333333333, 29.001388888888883, 28.99500000000001, 28.97861111111111, 29.00416666666667, 29.40222222222222, 29.729166666666654, 29.365555555555552, 28.458888888888875, 28.515, 28.42638888888889, 28.68861111111111, 29.44722222222222, 29.972499999999993, 29.80416666666666, 30.498055555555545, 30.265833333333337, 29.622777777777774, 30.91333333333333, 30.230833333333337, 30.343611111111116, 29.709999999999997, 29.42055555555556, 29.053888888888885, 29.30222222222223, 29.859999999999996, 29.681666666666665, 28.659166666666668, 28.663333333333338, 28.695555555555554, 29.451666666666668, 30.485833333333332, 29.91333333333333, 30.364722222222227, 29.805277777777764, 30.53861111111111, 30.250000000000007, 29.71583333333334, 30.285000000000007, 28.900833333333328, 28.815555555555566, 28.519444444444446, 28.647777777777776, 29.910555555555554, 29.489444444444434, 30.061111111111106, 29.94805555555556, 29.11861111111111, 28.611388888888897, 28.898333333333337]}