{"ID": 89, "Surgery": 0, "Body_Temp": 35.0, "Cancer": 0, "Left_Temps": [29.933333333333337, 29.49500000000001, 29.21555555555556, 28.998888888888896, 29.052777777777774, 29.532222222222217, 30.018888888888892, 30.615555555555563, 30.201944444444443, 30.141388888888887, 29.52361111111111, 29.015833333333337, 28.984166666666667, 29.25638888888889, 29.477222222222224, 29.67861111111112, 29.560833333333328, 29.716666666666672, 29.255833333333328, 28.98222222222222, 29.279722222222226, 29.03055555555556, 28.99722222222222, 29.177499999999995, 29.496388888888887, 29.760833333333323, 30.252222222222215, 28.930833333333332, 28.06472222222222, 27.823611111111106, 29.59777777777777, 29.012499999999996, 28.889444444444443, 28.566944444444445, 28.598055555555547, 29.11222222222223, 29.154444444444437, 29.926388888888894, 29.87166666666667, 30.29916666666667, 29.56027777777778, 29.43333333333333, 29.860555555555557, 29.93083333333334, 30.046666666666663, 29.199722222222217, 29.15361111111112, 29.155277777777776, 28.986666666666665, 29.044722222222212, 29.08333333333334, 28.919999999999998, 28.84111111111111, 28.289166666666663, 28.115833333333345, 28.27833333333334, 28.307222222222222, 28.263888888888886, 28.205833333333334, 28.468888888888884, 28.99027777777778, 29.428888888888892, 30.052499999999995, 30.761944444444435, 29.599444444444444, 29.646388888888882, 29.096111111111107, 29.435833333333342, 29.793611111111115, 29.3475, 29.315555555555548, 29.303333333333327, 28.739444444444448, 29.163611111111113, 27.865555555555552, 28.035833333333326, 28.212777777777774, 28.436666666666664, 28.98833333333333, 30.428611111111106, 29.84305555555555, 29.467500000000005, 29.962777777777774, 29.889999999999993, 28.981111111111108, 28.771111111111118, 29.70944444444445, 28.118888888888883, 28.48555555555555, 28.80083333333333, 29.84527777777778, 30.10361111111111, 30.44694444444444, 28.609722222222224, 28.760833333333338, 29.081388888888885], "Right_Temps": [29.77777777777777, 29.828611111111115, 29.866388888888892, 29.69944444444444, 29.845833333333328, 29.84416666666667, 30.05555555555555, 30.508333333333333, 30.371666666666663, 29.45861111111111, 28.684722222222224, 28.94444444444445, 30.36777777777778, 30.6761111111111, 30.208611111111104, 29.840833333333332, 29.872777777777767, 29.82277777777778, 29.638888888888882, 29.71222222222222, 28.817777777777774, 28.551666666666662, 28.403611111111108, 28.38916666666667, 28.522222222222226, 28.447222222222212, 28.397777777777776, 28.10138888888889, 29.67944444444444, 30.040277777777778, 29.603055555555557, 29.537499999999998, 28.94027777777778, 29.05805555555556, 29.089166666666667, 29.36138888888889, 29.81888888888889, 30.148055555555555, 29.206111111111113, 28.690277777777776, 28.657222222222224, 31.29305555555556, 31.11333333333333, 30.161944444444444, 30.300277777777776, 30.01138888888889, 29.616666666666667, 29.308888888888898, 28.82, 29.245555555555555, 29.67944444444444, 29.248055555555553, 28.885277777777773, 28.439444444444447, 28.60861111111112, 28.832222222222224, 28.58083333333334, 28.296944444444442, 28.43305555555556, 28.833888888888893, 30.012777777777785, 29.588333333333328, 28.953333333333344, 28.728055555555557, 30.602222222222224, 31.568888888888882, 30.422777777777778, 29.467222222222226, 29.19388888888889, 29.38833333333334, 27.70805555555556, 28.830277777777773, 28.83666666666667, 28.243888888888886, 28.724166666666665, 28.313333333333322, 28.33694444444444, 29.145000000000007, 30.299444444444436, 29.427777777777766, 29.45611111111112, 29.851666666666663, 29.418055555555554, 29.397222222222226, 29.68416666666667, 29.164444444444445, 28.957777777777764, 28.165000000000006, 28.490833333333335, 29.089166666666667, 29.65694444444445, 29.235000000000007, 29.91611111111111, 29.008333333333326, 28.78444444444444, 29.152500000000007]}