{"ID": 91, "Surgery": 0, "Body_Temp": 35.9, "Cancer": 0, "Left_Temps": [32.112500000000004, 29.87138888888889, 29.959444444444436, 31.41333333333333, 30.92361111111111, 32.27916666666667, 32.565277777777766, 31.62944444444444, 32.72361111111111, 31.513611111111118, 33.200833333333335, 31.100833333333338, 31.378888888888884, 31.426388888888894, 31.948333333333338, 31.68666666666668, 32.182222222222215, 31.368611111111104, 30.296944444444446, 29.946388888888887, 29.57, 29.15888888888889, 28.96222222222222, 29.08000000000001, 30.353333333333335, 32.62777777777777, 31.586944444444434, 29.21111111111111, 29.225555555555545, 29.91999999999999, 30.64638888888889, 29.36333333333333, 30.391388888888887, 30.959722222222215, 30.49166666666666, 30.180277777777786, 30.32694444444445, 30.68055555555555, 32.516666666666666, 32.090277777777786, 33.224999999999994, 31.354444444444443, 32.22027777777778, 32.319722222222225, 32.08638888888888, 30.068888888888903, 29.70805555555555, 29.45777777777778, 29.355000000000004, 29.417777777777776, 29.363888888888894, 29.17333333333333, 29.08277777777778, 29.827500000000004, 28.750555555555554, 29.310277777777785, 30.15277777777778, 29.896388888888882, 30.025555555555556, 29.94305555555555, 31.057777777777783, 30.2425, 31.785277777777782, 31.251111111111115, 30.830000000000002, 32.00083333333334, 30.12611111111111, 29.697777777777773, 29.67083333333333, 29.94972222222223, 31.02472222222222, 31.11611111111112, 30.789722222222217, 29.2111111111111, 29.193055555555556, 29.159166666666668, 29.408055555555556, 29.887222222222217, 31.252222222222226, 30.092500000000005, 31.803055555555545, 29.91944444444444, 29.941111111111102, 30.260000000000005, 31.018611111111106, 31.21083333333333, 29.538611111111095, 29.054722222222217, 29.20361111111111, 30.626944444444447, 30.94111111111111, 30.10249999999999, 30.61416666666666, 31.236111111111104, 29.157500000000002, 30.29111111111111], "Right_Temps": [32.153333333333336, 30.71944444444444, 30.115000000000002, 30.629722222222217, 30.53138888888889, 30.61166666666666, 31.03083333333333, 31.201388888888882, 30.840000000000007, 32.004444444444445, 31.534166666666668, 30.551666666666677, 32.23111111111112, 31.94444444444445, 31.870833333333344, 31.790555555555564, 31.798611111111118, 31.286111111111104, 31.606111111111108, 31.618333333333332, 30.97222222222223, 30.97527777777778, 29.9175, 29.788333333333338, 29.436111111111114, 29.949722222222217, 30.671944444444453, 29.84194444444445, 29.46944444444445, 30.07194444444444, 30.849999999999998, 29.76388888888889, 29.759999999999998, 30.21166666666667, 31.900000000000002, 30.73611111111111, 30.576111111111118, 31.135555555555566, 31.015555555555565, 33.30694444444445, 32.477222222222224, 32.62305555555555, 31.86111111111111, 33.13083333333333, 32.14694444444444, 31.186111111111106, 31.162500000000005, 30.34722222222222, 30.375555555555568, 30.12722222222222, 30.17944444444444, 30.150833333333342, 30.575555555555564, 30.61861111111111, 29.147777777777783, 29.826666666666668, 29.778888888888883, 29.747777777777774, 30.40499999999999, 30.80888888888888, 31.151666666666667, 30.920833333333334, 32.22027777777777, 32.79666666666667, 32.79472222222221, 32.03194444444446, 31.666944444444457, 31.253888888888884, 30.48611111111111, 30.325833333333335, 30.52694444444444, 30.72916666666666, 31.460555555555548, 29.41638888888889, 29.44749999999999, 29.553611111111106, 30.103333333333335, 30.816388888888884, 31.551666666666662, 31.644166666666667, 31.951111111111118, 32.80777777777777, 31.221666666666668, 30.81750000000001, 31.471111111111114, 31.835000000000004, 31.067499999999995, 30.584722222222222, 30.665277777777778, 30.54305555555556, 31.79916666666668, 31.314166666666672, 32.27916666666667, 32.82805555555556, 30.78999999999999, 30.902777777777786]}