{"ID": 93, "Surgery": 0, "Body_Temp": 35.8, "Cancer": 0, "Left_Temps": [34.41083333333333, 31.165000000000003, 30.93305555555556, 31.36472222222222, 31.38749999999999, 31.132500000000007, 31.499166666666675, 31.662222222222226, 32.026944444444446, 31.54916666666666, 31.618333333333325, 31.072222222222212, 31.184999999999995, 31.553888888888892, 32.09055555555555, 31.994722222222226, 31.78555555555556, 30.527500000000007, 30.167777777777776, 29.893055555555552, 29.893055555555552, 29.647222222222226, 30.142500000000002, 29.794444444444448, 30.23333333333333, 30.053611111111113, 30.57888888888888, 30.80166666666667, 30.83611111111111, 31.28194444444445, 32.535, 30.939444444444444, 31.305555555555543, 31.66972222222222, 31.218055555555548, 31.52527777777778, 31.619722222222215, 32.523611111111116, 32.17944444444444, 31.591944444444444, 31.40444444444445, 31.112222222222215, 31.028055555555554, 31.811944444444446, 31.357777777777773, 30.648055555555555, 30.68194444444445, 30.34111111111111, 30.052499999999995, 29.81277777777777, 30.036388888888887, 30.197222222222212, 30.512777777777778, 30.03083333333333, 29.780833333333323, 30.338333333333328, 31.21694444444445, 30.296944444444435, 30.494444444444436, 31.043888888888887, 31.50555555555555, 32.22472222222224, 31.633055555555554, 31.135000000000005, 31.63222222222223, 31.266666666666676, 30.904999999999998, 30.661388888888894, 30.457222222222228, 30.134166666666676, 30.43416666666667, 31.019722222222217, 31.314444444444444, 29.84083333333334, 29.970833333333335, 30.001944444444444, 30.143055555555552, 30.734722222222217, 31.290833333333335, 31.376388888888886, 31.107222222222227, 30.69861111111112, 30.861944444444443, 30.54638888888889, 30.54722222222223, 29.940555555555566, 31.14277777777778, 29.92722222222222, 30.178333333333327, 30.57194444444444, 31.264166666666668, 30.65944444444444, 31.279722222222226, 31.31527777777777, 31.449444444444435, 31.140555555555554], "Right_Temps": [31.85833333333333, 30.51722222222222, 30.271666666666665, 30.60472222222222, 31.319999999999993, 31.059166666666652, 31.165833333333328, 30.98805555555556, 30.99194444444444, 30.506944444444443, 30.28916666666667, 30.11027777777777, 30.95777777777777, 31.598888888888894, 31.41444444444444, 31.0075, 30.574722222222217, 30.817222222222224, 30.485555555555564, 29.98166666666667, 29.911111111111104, 29.69055555555556, 29.25222222222222, 30.369444444444444, 29.381111111111107, 30.290277777777785, 33.90666666666667, 31.275833333333335, 30.68444444444444, 30.44222222222223, 32.14833333333334, 31.653333333333347, 30.96055555555554, 30.72527777777777, 31.469722222222224, 31.27638888888889, 31.14277777777778, 30.996388888888887, 31.086388888888887, 30.549999999999997, 30.010277777777787, 30.56000000000001, 31.05361111111112, 30.931111111111118, 31.43777777777778, 31.12277777777778, 30.08527777777777, 29.60722222222222, 29.10555555555556, 30.046666666666667, 29.37055555555556, 30.119722222222226, 30.61888888888889, 30.317777777777774, 29.67833333333334, 30.897777777777776, 30.50305555555555, 31.10833333333333, 30.916944444444443, 31.451944444444436, 31.499444444444432, 30.921388888888902, 31.426666666666677, 29.85666666666667, 30.7025, 31.423333333333332, 31.451388888888896, 30.25722222222223, 29.83333333333334, 29.507500000000007, 29.631388888888882, 30.494444444444444, 30.267222222222212, 30.104999999999993, 29.84888888888888, 30.181666666666672, 30.883055555555554, 31.00444444444444, 31.425000000000004, 31.001944444444444, 30.423888888888882, 30.383888888888887, 30.903055555555554, 30.888055555555564, 30.019999999999996, 30.238888888888887, 30.762777777777785, 30.644722222222224, 30.81138888888889, 31.032499999999995, 30.710555555555548, 31.46388888888889, 30.952222222222215, 30.830000000000002, 30.64861111111111, 31.11861111111111]}