{"ID": 95, "Surgery": 0, "Body_Temp": 36.6, "Cancer": 0, "Left_Temps": [31.331666666666667, 29.557499999999997, 29.330833333333317, 29.55111111111111, 29.630277777777778, 29.88555555555556, 30.411666666666665, 31.4188888888889, 30.449722222222224, 30.690833333333337, 31.231111111111108, 32.20222222222222, 32.064166666666665, 31.97972222222223, 32.05166666666666, 32.154166666666676, 31.56222222222222, 31.205555555555563, 30.984722222222224, 30.80583333333332, 30.990277777777774, 30.688333333333333, 30.676666666666662, 30.99638888888889, 32.33444444444444, 33.112222222222215, 31.011666666666674, 29.51666666666667, 29.32, 29.316666666666663, 30.15222222222222, 29.769722222222224, 29.22138888888889, 30.304722222222225, 30.973888888888876, 30.4286111111111, 31.2111111111111, 30.304999999999993, 29.778333333333332, 30.22972222222222, 31.692222222222224, 31.78027777777777, 31.889166666666668, 31.79611111111112, 31.27388888888889, 30.77972222222222, 30.616111111111113, 30.651111111111106, 30.615277777777774, 30.96527777777777, 31.747500000000016, 32.55888888888888, 30.198055555555552, 30.18111111111111, 29.80527777777778, 29.311111111111114, 29.681388888888893, 30.682777777777794, 30.854166666666668, 31.011944444444435, 32.00111111111111, 30.461666666666684, 30.138611111111118, 32.68361111111111, 32.04972222222223, 31.303888888888892, 30.614999999999995, 30.542777777777783, 30.94749999999999, 31.12888888888888, 31.434444444444434, 32.44666666666667, 31.283055555555556, 30.680555555555568, 31.528333333333325, 30.852499999999996, 30.203611111111115, 30.782222222222217, 32.39527777777778, 30.66333333333333, 30.18361111111111, 30.63722222222221, 30.64861111111111, 31.559722222222224, 31.61166666666667, 31.98777777777779, 31.353333333333335, 30.668611111111105, 30.497500000000016, 31.471111111111117, 30.43694444444445, 29.300277777777783, 30.73472222222223, 29.699444444444445, 30.818611111111107, 31.30944444444444], "Right_Temps": [32.106944444444444, 30.54055555555555, 30.221666666666668, 29.735833333333332, 29.86527777777778, 30.099999999999998, 30.76027777777777, 30.484444444444453, 29.832500000000007, 30.410000000000007, 31.34222222222222, 30.135833333333338, 30.406111111111116, 30.612777777777783, 32.32333333333333, 32.07472222222222, 31.62444444444444, 31.327222222222222, 31.528055555555554, 30.883611111111108, 30.656944444444452, 30.473055555555554, 30.56638888888889, 31.02861111111112, 31.168333333333337, 31.758611111111108, 32.1775, 31.439444444444447, 29.56222222222222, 30.220000000000002, 30.920277777777773, 29.566666666666663, 29.183333333333337, 28.944444444444443, 29.201111111111118, 29.753333333333323, 30.883055555555554, 30.058333333333337, 29.638333333333335, 30.887777777777785, 31.054722222222225, 29.795555555555552, 29.573888888888884, 31.56694444444444, 31.383611111111115, 32.52638888888889, 31.776111111111113, 31.624166666666675, 30.973888888888887, 31.05861111111111, 30.780833333333337, 30.742222222222217, 31.129999999999995, 31.627777777777776, 29.037222222222233, 29.22138888888889, 29.102222222222224, 28.771666666666665, 28.776111111111113, 29.495833333333337, 30.83750000000001, 29.891388888888887, 29.59777777777778, 30.991111111111106, 29.61833333333334, 31.24388888888889, 31.108055555555552, 31.30694444444445, 32.39916666666667, 31.324444444444453, 31.066388888888884, 31.522222222222226, 31.875555555555554, 30.959722222222222, 29.337222222222223, 28.751666666666672, 28.588333333333328, 28.867777777777786, 30.122222222222224, 29.661111111111104, 29.501666666666665, 29.148611111111116, 30.698055555555552, 31.915833333333335, 31.330277777777766, 30.95805555555556, 31.368888888888883, 28.591666666666665, 28.812499999999993, 28.887500000000003, 29.471666666666653, 30.60833333333333, 29.62138888888889, 28.907500000000002, 30.260833333333338, 29.408611111111114]}