{"ID": 96, "Surgery": 0, "Body_Temp": 35.3, "Cancer": 0, "Left_Temps": [35.17444444444445, 31.235555555555564, 29.976388888888884, 29.91111111111111, 30.72194444444444, 30.563055555555554, 30.867500000000007, 30.73999999999999, 30.60416666666666, 29.82194444444444, 31.225555555555545, 32.721111111111114, 32.805833333333325, 32.45805555555555, 31.828055555555565, 31.4611111111111, 30.922222222222217, 31.349166666666658, 31.50111111111111, 30.67861111111112, 31.893888888888892, 30.5013888888889, 29.42388888888889, 29.40027777777778, 29.851944444444445, 30.54555555555556, 34.09027777777778, 31.886944444444445, 32.83277777777778, 32.42111111111112, 34.11083333333333, 31.22555555555556, 30.205833333333334, 29.471944444444446, 30.126666666666665, 31.063611111111115, 30.88972222222223, 30.501388888888883, 30.758333333333344, 30.015833333333333, 31.036388888888887, 31.10111111111111, 31.243055555555557, 31.090833333333325, 30.90694444444445, 31.494444444444444, 30.629722222222224, 32.31333333333334, 32.38472222222222, 30.45083333333333, 29.568333333333335, 30.53888888888889, 31.35666666666667, 31.206666666666656, 32.228888888888896, 32.7736111111111, 31.84861111111111, 29.934722222222224, 30.244999999999997, 30.834722222222226, 30.39333333333333, 31.69388888888889, 30.71333333333335, 30.03527777777778, 30.32388888888889, 30.489722222222227, 31.415555555555557, 30.54583333333333, 31.046111111111106, 30.793888888888894, 29.680833333333332, 29.71777777777777, 30.1325, 31.10166666666667, 32.708333333333336, 31.071388888888894, 30.33694444444445, 30.931666666666672, 30.461666666666677, 30.850555555555545, 30.707222222222228, 30.89638888888889, 30.52083333333333, 30.884999999999998, 30.411388888888894, 29.744999999999997, 30.03305555555555, 30.883055555555547, 30.95416666666666, 32.16666666666666, 30.994166666666672, 30.531111111111116, 31.389722222222222, 30.459166666666665, 30.582222222222224, 31.002499999999998], "Right_Temps": [34.263888888888886, 32.67527777777778, 31.423888888888897, 30.762777777777792, 31.5838888888889, 31.169999999999998, 30.921111111111113, 31.48722222222223, 31.122499999999995, 30.981388888888887, 29.682500000000005, 30.808333333333337, 30.898333333333337, 31.067777777777785, 30.956388888888878, 30.588055555555552, 30.28944444444444, 31.28444444444444, 30.819444444444443, 30.61472222222222, 29.22333333333334, 29.269166666666667, 29.398611111111116, 29.782500000000002, 29.135555555555552, 29.84472222222223, 31.82583333333333, 30.53611111111111, 31.12222222222222, 33.53305555555555, 33.76305555555555, 31.510833333333338, 30.695555555555554, 30.74888888888889, 31.582222222222228, 30.946388888888887, 30.897499999999997, 31.279444444444437, 31.68444444444444, 30.433611111111116, 29.534444444444432, 29.62861111111111, 30.00694444444445, 30.366944444444446, 31.36666666666666, 30.963333333333324, 31.16249999999999, 29.68777777777777, 29.156666666666656, 29.435833333333335, 29.032777777777774, 29.13305555555557, 29.505277777777778, 30.525277777777788, 31.216388888888886, 31.441111111111113, 31.191666666666677, 30.76361111111111, 31.525833333333342, 31.001111111111097, 31.709999999999987, 31.57166666666666, 31.801944444444448, 30.511388888888884, 30.764166666666668, 31.053611111111113, 31.27027777777778, 30.80138888888888, 29.953333333333333, 30.167500000000004, 29.33666666666666, 29.50277777777778, 30.43638888888889, 30.826666666666668, 31.40027777777778, 30.538888888888884, 31.498055555555563, 31.05472222222221, 31.425555555555555, 32.090833333333336, 31.885000000000005, 31.87055555555556, 31.23305555555556, 30.08749999999999, 30.605833333333333, 29.788055555555545, 31.127500000000012, 32.335555555555565, 31.40944444444445, 30.929444444444446, 31.558888888888887, 32.03416666666668, 31.078055555555554, 31.30888888888889, 30.81222222222222, 30.69805555555556]}