{"ID": 97, "Surgery": 0, "Body_Temp": 36.2, "Cancer": 0, "Left_Temps": [31.72472222222222, 30.678333333333335, 30.953888888888894, 30.943055555555556, 31.061944444444446, 31.06694444444444, 30.744166666666672, 31.058888888888887, 31.849444444444444, 32.66138888888889, 32.25972222222222, 32.106944444444444, 31.883333333333333, 31.33305555555556, 31.85555555555556, 31.38833333333334, 31.573055555555552, 32.03777777777778, 32.209444444444436, 32.25833333333335, 30.709722222222226, 29.804166666666667, 29.38722222222221, 28.761388888888884, 28.557222222222222, 28.802777777777774, 29.72472222222222, 30.01305555555555, 31.117777777777786, 30.949444444444445, 31.11888888888889, 30.431388888888893, 30.852222222222224, 31.000277777777764, 30.494722222222226, 30.553611111111106, 30.7775, 31.432777777777783, 32.09333333333335, 32.215, 33.043055555555554, 32.87, 31.224722222222226, 31.728055555555564, 32.10055555555556, 32.595277777777774, 31.71555555555556, 30.224444444444444, 30.014166666666654, 29.68111111111111, 29.351666666666663, 29.104444444444443, 28.981666666666676, 30.33527777777777, 30.685000000000016, 30.046111111111113, 30.336388888888887, 30.553611111111106, 31.04555555555556, 30.702777777777776, 31.38305555555556, 31.132777777777765, 32.08277777777778, 32.51277777777777, 32.44777777777778, 31.83694444444445, 31.144722222222228, 30.42722222222222, 30.48861111111111, 30.386111111111113, 31.573333333333338, 31.361388888888882, 31.010833333333338, 30.53527777777778, 30.615833333333327, 30.81333333333334, 30.794166666666666, 30.96416666666666, 31.372222222222224, 31.39166666666667, 32.39277777777777, 31.825277777777778, 30.620833333333337, 30.751666666666672, 31.628055555555566, 30.893333333333334, 31.889166666666668, 31.138055555555564, 30.751944444444455, 30.52333333333333, 30.981111111111115, 30.83194444444444, 30.92722222222223, 30.81944444444444, 30.921666666666667, 30.97583333333333], "Right_Temps": [32.833333333333336, 31.260277777777773, 29.987500000000004, 29.97694444444444, 30.533333333333335, 31.700000000000003, 32.91027777777778, 31.83333333333334, 32.046666666666674, 32.215, 32.09666666666668, 31.175555555555555, 31.232222222222227, 31.70444444444444, 31.423888888888897, 31.88555555555556, 31.59416666666667, 31.635277777777773, 31.23222222222222, 30.13527777777778, 29.723055555555554, 29.144166666666667, 29.649166666666677, 29.88944444444445, 29.91805555555557, 30.686111111111106, 32.80888888888889, 31.56666666666667, 32.297222222222224, 32.106944444444444, 32.28111111111111, 30.91777777777779, 30.23861111111111, 29.927500000000002, 30.20277777777777, 31.48388888888889, 31.657222222222217, 31.785, 31.995833333333323, 32.12583333333333, 31.381111111111107, 31.93999999999999, 31.613055555555555, 31.390555555555547, 32.2975, 31.974722222222212, 30.861111111111104, 30.545277777777773, 31.20944444444445, 30.071111111111104, 30.388611111111103, 31.11861111111111, 31.185833333333328, 30.701666666666668, 30.863055555555555, 31.540833333333328, 30.220277777777785, 30.233611111111113, 30.450000000000006, 31.39222222222222, 32.1236111111111, 31.61111111111111, 30.98194444444444, 31.464999999999993, 31.67583333333333, 33.50861111111111, 32.69666666666667, 31.194166666666668, 31.5825, 32.09555555555555, 29.83333333333333, 31.75222222222222, 30.726944444444445, 31.035833333333326, 30.889166666666668, 30.755277777777778, 31.372499999999995, 32.48, 32.000833333333354, 31.625000000000007, 31.1861111111111, 30.94333333333332, 30.90222222222222, 30.976666666666663, 31.35888888888889, 31.43444444444445, 32.10194444444444, 31.00888888888888, 30.86861111111111, 31.434722222222213, 32.031666666666666, 31.34, 31.225277777777787, 31.31805555555555, 31.943611111111107, 32.47222222222221]}