{"ID": 98, "Surgery": 1, "Body_Temp": 36.1, "Cancer": 0, "Left_Temps": [31.71194444444444, 28.13416666666667, 27.129722222222217, 27.217500000000012, 27.346388888888885, 27.800555555555555, 28.859444444444446, 30.36277777777777, 30.410833333333333, 30.073888888888884, 29.967777777777776, 30.059166666666663, 31.275555555555552, 31.45138888888889, 31.024999999999995, 31.16027777777777, 29.350000000000005, 28.70527777777778, 28.57583333333334, 28.376666666666672, 28.17555555555556, 28.16194444444444, 28.130833333333335, 28.118333333333325, 27.873611111111106, 27.381666666666668, 27.19055555555555, 26.969722222222213, 26.857777777777773, 27.983333333333338, 29.68333333333333, 27.208888888888897, 26.92944444444445, 27.19833333333333, 27.547222222222224, 28.070277777777775, 29.449722222222224, 30.1563888888889, 29.90416666666668, 29.83694444444444, 30.16666666666667, 30.24694444444444, 30.188888888888886, 29.647777777777783, 28.873333333333328, 28.686666666666667, 28.497222222222224, 28.329444444444448, 28.30416666666666, 28.344166666666666, 28.25805555555555, 27.93305555555556, 27.306666666666654, 27.201944444444436, 27.129166666666666, 26.960000000000004, 27.50694444444445, 27.62194444444445, 27.847777777777782, 28.52083333333333, 30.356111111111108, 30.152777777777786, 29.768888888888892, 29.563611111111097, 29.382499999999993, 29.015, 28.764999999999993, 28.918611111111108, 28.531944444444452, 28.565000000000005, 28.418055555555554, 28.370000000000005, 27.861388888888886, 27.87, 27.71527777777777, 27.99055555555556, 28.682499999999997, 29.08638888888889, 29.664444444444445, 29.38722222222223, 29.20777777777778, 29.01722222222222, 29.246388888888887, 28.998333333333335, 28.639444444444443, 28.500833333333333, 28.361944444444447, 28.22055555555556, 28.669999999999998, 28.96222222222222, 29.308888888888898, 29.441111111111113, 29.200000000000006, 28.834722222222215, 28.64166666666667, 29.018611111111106], "Right_Temps": [29.64055555555556, 28.330277777777777, 28.401944444444446, 28.569166666666668, 30.312500000000007, 29.84, 29.42, 29.612222222222215, 30.33972222222222, 30.636666666666656, 30.923333333333332, 31.59361111111111, 31.890833333333337, 31.628055555555548, 31.122500000000002, 30.701666666666668, 30.469999999999995, 30.20583333333335, 29.93722222222222, 29.520555555555557, 29.230555555555547, 29.11666666666666, 28.86, 29.206944444444446, 28.550555555555555, 28.391666666666666, 28.0261111111111, 27.29888888888888, 28.672777777777778, 28.549999999999994, 29.022777777777783, 28.051666666666666, 28.09333333333333, 28.64194444444444, 29.49638888888889, 30.163333333333338, 29.244722222222222, 29.478333333333335, 30.518055555555552, 30.685277777777774, 31.32972222222222, 31.42444444444445, 32.395833333333336, 31.541666666666668, 30.363888888888887, 30.43416666666667, 30.059722222222224, 29.844722222222224, 29.3575, 29.85111111111112, 28.770833333333332, 28.397222222222222, 28.14583333333333, 27.87194444444444, 27.872499999999995, 27.921111111111106, 27.86694444444444, 28.085277777777783, 29.053888888888885, 28.782222222222217, 28.703055555555554, 29.56277777777777, 30.604444444444443, 30.907222222222224, 31.223888888888876, 30.286944444444448, 29.71555555555556, 29.795555555555552, 29.430277777777764, 29.493333333333332, 28.62194444444444, 28.3061111111111, 28.329444444444444, 28.076111111111107, 27.66194444444444, 27.780555555555555, 28.449444444444445, 28.349722222222223, 28.94944444444444, 28.768888888888892, 30.402777777777786, 29.494166666666672, 29.048611111111104, 28.747222222222224, 28.652777777777786, 28.222500000000004, 28.262500000000003, 28.22722222222222, 28.102500000000006, 28.459166666666672, 29.183055555555566, 29.03888888888889, 28.351388888888895, 28.34166666666666, 28.25166666666666, 28.556388888888893]}