{"ID": 99, "Surgery": 0, "Body_Temp": 33.0, "Cancer": 0, "Left_Temps": [31.13805555555555, 30.147222222222222, 29.371666666666663, 29.088055555555556, 29.360555555555557, 29.485, 30.32777777777777, 30.647222222222222, 30.0, 29.735555555555564, 29.269166666666663, 29.043055555555554, 28.92555555555556, 29.19472222222223, 29.445555555555547, 30.02638888888889, 30.178888888888892, 29.670277777777788, 28.92944444444444, 28.68972222222222, 28.277499999999996, 28.13000000000001, 27.900277777777767, 28.01416666666667, 27.825833333333335, 28.341944444444444, 31.071944444444455, 29.980833333333337, 29.95083333333334, 29.942777777777778, 30.671388888888885, 29.034166666666668, 28.831111111111113, 28.641388888888894, 28.91361111111111, 29.599999999999998, 30.68083333333334, 30.57777777777777, 29.665277777777774, 29.29111111111111, 29.22611111111111, 29.21861111111111, 29.40972222222222, 29.824166666666663, 29.57944444444444, 29.008611111111108, 29.099166666666665, 28.183888888888898, 27.893611111111106, 27.983055555555556, 27.943611111111107, 27.988333333333337, 28.40944444444444, 28.42805555555556, 28.497499999999995, 28.68111111111111, 28.364444444444434, 28.42194444444444, 28.70305555555556, 29.38166666666666, 30.519444444444453, 30.787499999999998, 29.499166666666675, 29.365833333333335, 29.453611111111115, 29.686944444444446, 29.16722222222222, 29.248055555555556, 28.427499999999988, 28.216944444444447, 28.85694444444444, 28.057777777777776, 28.083611111111114, 28.100833333333338, 28.386944444444435, 28.504999999999995, 28.511666666666663, 28.986944444444443, 30.253611111111095, 30.15611111111111, 29.26611111111111, 29.160000000000007, 29.19111111111111, 28.84222222222222, 28.876388888888883, 28.461388888888887, 27.779166666666672, 28.37722222222223, 28.345555555555553, 28.72138888888889, 30.130277777777774, 29.431944444444444, 29.481111111111105, 28.573055555555552, 28.326944444444443, 29.111666666666665], "Right_Temps": [33.015277777777776, 31.27361111111111, 29.816388888888884, 29.22805555555555, 29.115833333333327, 29.511111111111106, 30.238888888888894, 30.1963888888889, 30.013611111111103, 29.37111111111111, 29.05638888888889, 28.758888888888887, 28.821388888888887, 29.910555555555554, 29.928611111111113, 29.67694444444444, 29.763888888888896, 29.537499999999998, 29.226944444444445, 28.54444444444444, 28.362777777777772, 28.319444444444443, 28.340277777777768, 28.399444444444445, 28.94472222222222, 30.016944444444448, 33.92222222222224, 32.40111111111111, 32.57777777777778, 32.65472222222222, 33.14916666666667, 31.19138888888889, 29.716666666666672, 28.963888888888896, 28.996388888888887, 29.436111111111114, 29.947499999999998, 29.649999999999995, 29.703888888888887, 29.237222222222222, 29.166944444444443, 29.095555555555563, 29.88583333333333, 29.895, 29.736666666666665, 29.501388888888894, 29.07583333333333, 28.73388888888889, 28.576944444444443, 28.62805555555556, 28.571111111111108, 29.37083333333333, 30.114444444444448, 30.314722222222226, 30.119444444444444, 30.499999999999993, 29.49805555555554, 28.727777777777778, 28.96138888888889, 29.56805555555555, 29.821666666666673, 29.49055555555556, 29.45194444444445, 29.29888888888889, 29.748055555555553, 30.147500000000004, 29.575833333333335, 29.797222222222224, 28.832500000000007, 28.63472222222222, 28.689444444444437, 28.49777777777778, 29.018333333333334, 29.203055555555554, 28.95833333333333, 28.648055555555548, 28.70861111111111, 29.841944444444444, 29.818611111111117, 29.60722222222222, 29.19444444444444, 29.59333333333333, 29.657222222222217, 28.818333333333328, 28.92194444444444, 28.743611111111104, 28.740277777777788, 28.73305555555556, 28.41416666666667, 28.894444444444446, 29.28861111111112, 29.271944444444443, 29.10083333333333, 28.383888888888894, 28.318055555555553, 28.346111111111114]}